Actual,Predicted
1.23,1.1276526
0.89,0.9100397
1.54,1.4928305
3.45,4.01783
0.1,0.16303228
0.4,0.28734368
1.4,1.4928305
0.14,0.37967873
0.08,0.15730037
0.04,0.16303228
1.24,1.2088683
0.92,0.69203883
0.4,0.38784024
