Feature,Importance
molecular_weight,0.18310812894448028
num_C,0.01723302862894709
num_H,0.0946241676547358
num_Cl,0.004682665099653075
num_Br,0.005276046345532585
num_F,0.0008880054281009613
num_I,0.0
num_D,0.0
num_O,0.042595527322527776
num_N,0.0
electron_affinity,0.007540777318243384
lowest_bde,0.21115425137928867
mean_bde,0.17936733016670298
th_energy,0.2535300717117874
