Actual,Predicted
1.23,1.2087138
0.89,0.95660114
1.54,1.5189488
3.45,3.5253625
0.1,0.055695727
0.4,0.63593227
1.4,1.5189488
0.14,0.129374
0.08,0.10819228
0.04,0.055695727
1.24,1.250784
0.92,0.75576574
0.4,0.19408756
