2026-01-22 15:53:44,049 - INFO - select pg_catalog.version()
2026-01-22 15:53:44,050 - INFO - [raw sql] {}
2026-01-22 15:53:44,051 - INFO - select current_schema()
2026-01-22 15:53:44,052 - INFO - [raw sql] {}
2026-01-22 15:53:44,054 - INFO - show standard_conforming_strings
2026-01-22 15:53:44,054 - INFO - [raw sql] {}
2026-01-22 15:53:44,056 - INFO - BEGIN (implicit)
2026-01-22 15:53:44,102 - INFO - SELECT level1_categories.name AS level1_categories_name, level1_categories.id AS level1_categories_id 
FROM level1_categories
2026-01-22 15:53:44,102 - INFO - [generated in 0.00035s] {}
2026-01-22 15:53:44,106 - INFO - SELECT level2_categories.name AS level2_categories_name, level2_categories.id AS level2_categories_id 
FROM level2_categories
2026-01-22 15:53:44,106 - INFO - [generated in 0.00025s] {}
2026-01-22 15:53:44,108 - INFO - SELECT level3_categories.name AS level3_categories_name, level3_categories.id AS level3_categories_id 
FROM level3_categories
2026-01-22 15:53:44,108 - INFO - [generated in 0.00018s] {}
2026-01-22 15:53:44,110 - INFO - SELECT level4_categories.name AS level4_categories_name, level4_categories.id AS level4_categories_id 
FROM level4_categories
2026-01-22 15:53:44,110 - INFO - [generated in 0.00021s] {}
2026-01-22 15:53:44,112 - INFO - SELECT families.id AS families_id, families.level1_id AS families_level1_id, families.level2_id AS families_level2_id, families.level4_id AS families_level4_id 
FROM families
2026-01-22 15:53:44,113 - INFO - [generated in 0.00028s] {}
2026-01-22 15:53:44,212 - WARNING - \u26a0\ufe0f Skipping molecule Dichloromethane: Invalid level name(s) - Aliphatic, Alkanes
2026-01-22 15:53:44,214 - WARNING - \u26a0\ufe0f Skipping molecule 1,2-Dichloroethane: Invalid level name(s) - Aliphatic, Alkanes
2026-01-22 15:53:44,215 - WARNING - \u26a0\ufe0f Skipping molecule 1,3-Dichloropropane: Invalid level name(s) - Aliphatic, Alkanes
2026-01-22 15:53:44,217 - WARNING - \u26a0\ufe0f Skipping molecule 1,4-Dichlorobutane: Invalid level name(s) - Aliphatic, Alkanes
2026-01-22 15:53:44,218 - WARNING - \u26a0\ufe0f Skipping molecule 1,5-Dichloropentane: Invalid level name(s) - Aliphatic, Alkanes
2026-01-22 15:53:44,220 - WARNING - \u26a0\ufe0f Skipping molecule 1,6-Dichlorohexane: Invalid level name(s) - Aliphatic, Alkanes
2026-01-22 15:53:44,222 - WARNING - \u26a0\ufe0f Skipping molecule 1,8-Dichlorooctane: Invalid level name(s) - Aliphatic, Alkanes
2026-01-22 15:53:44,223 - WARNING - \u26a0\ufe0f Skipping molecule 1,1-Dichloroethane: Invalid level name(s) - Aliphatic, Alkanes
2026-01-22 15:53:44,225 - WARNING - \u26a0\ufe0f Skipping molecule 1,1-Dichloropropane: Invalid level name(s) - Aliphatic, Alkanes
2026-01-22 15:53:44,228 - WARNING - \u26a0\ufe0f Skipping molecule 2,2-Dichloropropane: Invalid level name(s) - Aliphatic, Alkanes
2026-01-22 15:53:44,230 - WARNING - \u26a0\ufe0f Skipping molecule 1,2-Dichloropropane: Invalid level name(s) - Aliphatic, Alkanes
2026-01-22 15:53:44,232 - WARNING - \u26a0\ufe0f Skipping molecule 1,2-Dichloro-2-methylpropane: Invalid level name(s) - Aliphatic, Alkanes
2026-01-22 15:53:44,234 - WARNING - \u26a0\ufe0f Skipping molecule 2,3-Dichlorobutane: Invalid level name(s) - Aliphatic, Alkanes
2026-01-22 15:53:44,237 - WARNING - \u26a0\ufe0f Skipping molecule 1,3-Dichlorobutane: Invalid level name(s) - Aliphatic, Alkanes
2026-01-22 15:53:44,240 - WARNING - \u26a0\ufe0f Skipping molecule Trichloromethane: Invalid level name(s) - Aliphatic, Alkanes
2026-01-22 15:53:44,242 - WARNING - \u26a0\ufe0f Skipping molecule 1,1,1-Trichloroethane: Invalid level name(s) - Aliphatic, Alkanes
2026-01-22 15:53:44,244 - WARNING - \u26a0\ufe0f Skipping molecule 1,1,2-Trichloroethane: Invalid level name(s) - Aliphatic, Alkanes
2026-01-22 15:53:44,268 - WARNING - \u26a0\ufe0f Skipping molecule 1,1,2-Trichloro-2-methylpropane: Invalid level name(s) - Aliphatic, Alkanes
2026-01-22 15:53:44,271 - WARNING - \u26a0\ufe0f Skipping molecule 1,2,3-Trichloropropane: Invalid level name(s) - Aliphatic, Alkanes
2026-01-22 15:53:44,272 - WARNING - \u26a0\ufe0f Skipping molecule Tetrachloromethane: Invalid level name(s) - Aliphatic, Alkanes
2026-01-22 15:53:44,274 - WARNING - \u26a0\ufe0f Skipping molecule Methyl chloride: Invalid level name(s) - Aliphatic, Alkanes
2026-01-22 15:53:44,275 - WARNING - \u26a0\ufe0f Skipping molecule Ethyl chloride: Invalid level name(s) - Aliphatic, Alkanes
2026-01-22 15:53:44,276 - WARNING - \u26a0\ufe0f Skipping molecule 1-Chloropropane: Invalid level name(s) - Aliphatic, Alkanes
2026-01-22 15:53:44,278 - WARNING - \u26a0\ufe0f Skipping molecule 1-Chlorobutane: Invalid level name(s) - Aliphatic, Alkanes
2026-01-22 15:53:44,279 - WARNING - \u26a0\ufe0f Skipping molecule 1-Chloropentane: Invalid level name(s) - Aliphatic, Alkanes
2026-01-22 15:53:44,281 - WARNING - \u26a0\ufe0f Skipping molecule 1-Chlorohexane: Invalid level name(s) - Aliphatic, Alkanes
2026-01-22 15:53:44,282 - WARNING - \u26a0\ufe0f Skipping molecule 1-Chloroheptane: Invalid level name(s) - Aliphatic, Alkanes
2026-01-22 15:53:44,283 - WARNING - \u26a0\ufe0f Skipping molecule 1-Chlorooctane: Invalid level name(s) - Aliphatic, Alkanes
2026-01-22 15:53:44,286 - WARNING - \u26a0\ufe0f Skipping molecule 1-Chlorononane: Invalid level name(s) - Aliphatic, Alkanes
2026-01-22 15:53:44,288 - WARNING - \u26a0\ufe0f Skipping molecule 2-Chloropropane: Invalid level name(s) - Aliphatic, Alkanes
2026-01-22 15:53:44,290 - WARNING - \u26a0\ufe0f Skipping molecule 2-Chlorobutane: Invalid level name(s) - Aliphatic, Alkanes
2026-01-22 15:53:44,293 - WARNING - \u26a0\ufe0f Skipping molecule tert-Butyl chloride: Invalid level name(s) - Aliphatic, Alkanes
2026-01-22 15:53:44,296 - WARNING - \u26a0\ufe0f Skipping molecule Cyclobutyl chloride: Invalid level name(s) - Aliphatic, Cycloalkanes
2026-01-22 15:53:44,298 - WARNING - \u26a0\ufe0f Skipping molecule Cyclopentyl chloride: Invalid level name(s) - Aliphatic, Cycloalkanes
2026-01-22 15:53:44,300 - WARNING - \u26a0\ufe0f Skipping molecule Cyclohexyl chloride: Invalid level name(s) - Aliphatic, Cycloalkanes
2026-01-22 15:53:44,312 - WARNING - \u26a0\ufe0f Skipping molecule Chlorobenzene: Invalid level name(s) - Aromatic, Benzenes
2026-01-22 15:53:44,314 - WARNING - \u26a0\ufe0f Skipping molecule Benzyl chloride: Invalid level name(s) - Aromatic, Benzenes
2026-01-22 15:53:44,316 - WARNING - \u26a0\ufe0f Skipping molecule (2-chloroethyl)benzene: Invalid level name(s) - Aromatic, Benzenes
2026-01-22 15:53:44,318 - WARNING - \u26a0\ufe0f Skipping molecule Bromobenzene: Invalid level name(s) - Aromatic, Benzenes
2026-01-22 15:53:44,324 - WARNING - \u26a0\ufe0f Skipping molecule Benzyl bromide: Invalid level name(s) - Aromatic, Benzenes
2026-01-22 15:53:44,326 - WARNING - \u26a0\ufe0f Skipping molecule 2-Phenylethyl bromide: Invalid level name(s) - Aromatic, Benzenes
2026-01-22 15:53:44,327 - WARNING - \u26a0\ufe0f Skipping molecule 1-Bromo-3-phenylpropane: Invalid level name(s) - Aromatic, Benzenes
2026-01-22 15:53:44,330 - WARNING - \u26a0\ufe0f Skipping molecule 4-Bromochlorobenzene: Invalid level name(s) - Aromatic, Benzenes
2026-01-22 15:53:44,331 - WARNING - \u26a0\ufe0f Skipping molecule Tetrafluoromethane: Invalid level name(s) - Aliphatic, Alkanes
2026-01-22 15:53:44,334 - WARNING - \u26a0\ufe0f Skipping molecule Hexafluoroethane: Invalid level name(s) - Aliphatic, Alkanes
2026-01-22 15:53:44,336 - WARNING - \u26a0\ufe0f Skipping molecule Octafluoropropane: Invalid level name(s) - Aliphatic, Alkanes
2026-01-22 15:53:44,339 - WARNING - \u26a0\ufe0f Skipping molecule Perflubutane: Invalid level name(s) - Aliphatic, Alkanes
2026-01-22 15:53:44,340 - WARNING - \u26a0\ufe0f Skipping molecule Perfluoroisobutane: Invalid level name(s) - Aliphatic, Alkanes
2026-01-22 15:53:44,342 - WARNING - \u26a0\ufe0f Skipping molecule Perfluoropentane: Invalid level name(s) - Aliphatic, Alkanes
2026-01-22 15:53:44,343 - WARNING - \u26a0\ufe0f Skipping molecule Perfluorohexane: Invalid level name(s) - Aliphatic, Alkanes
2026-01-22 15:53:44,345 - WARNING - \u26a0\ufe0f Skipping molecule Chlorofluoromethane: Invalid level name(s) - Aliphatic, Alkanes
2026-01-22 15:53:44,347 - WARNING - \u26a0\ufe0f Skipping molecule Chlorodifluoromethane: Invalid level name(s) - Aliphatic, Alkanes
2026-01-22 15:53:44,349 - WARNING - \u26a0\ufe0f Skipping molecule Chlorotrifluoromethane: Invalid level name(s) - Aliphatic, Alkanes
2026-01-22 15:53:44,350 - WARNING - \u26a0\ufe0f Skipping molecule Dichlorodifluoromethane: Invalid level name(s) - Aliphatic, Alkanes
2026-01-22 15:53:44,352 - WARNING - \u26a0\ufe0f Skipping molecule Trichlorofluoromethane: Invalid level name(s) - Aliphatic, Alkanes
2026-01-22 15:53:44,353 - WARNING - \u26a0\ufe0f Skipping molecule Bromoethane: Invalid level name(s) - Aliphatic, Alkanes
2026-01-22 15:53:44,355 - WARNING - \u26a0\ufe0f Skipping molecule 1-Bromopropane: Invalid level name(s) - Aliphatic, Alkanes
2026-01-22 15:53:44,356 - WARNING - \u26a0\ufe0f Skipping molecule 2-Bromopropane: Invalid level name(s) - Aliphatic, Alkanes
2026-01-22 15:53:44,357 - WARNING - \u26a0\ufe0f Skipping molecule 1,2-Dibromoethane: Invalid level name(s) - Aliphatic, Alkanes
2026-01-22 15:53:44,358 - WARNING - \u26a0\ufe0f Skipping molecule 1-Bromo-3-chloropropane: Invalid level name(s) - Aliphatic, Alkanes
2026-01-22 15:53:44,360 - WARNING - \u26a0\ufe0f Skipping molecule 1-Bromo-2-chloroethane: Invalid level name(s) - Aliphatic, Alkanes
2026-01-22 15:53:44,363 - WARNING - \u26a0\ufe0f Skipping molecule 1-Chloro-2-bromopropane: Invalid level name(s) - Aliphatic, Alkanes
2026-01-22 15:53:44,366 - WARNING - \u26a0\ufe0f Skipping molecule 2-Bromo-2-chloro-1,1,1-trifluoroethane: Invalid level name(s) - Aliphatic, Alkanes
2026-01-22 15:53:44,368 - WARNING - \u26a0\ufe0f Skipping molecule 1,1,2,2-Tetrachloroethane: Invalid level name(s) - Aliphatic, Alkanes
2026-01-22 15:53:44,371 - WARNING - \u26a0\ufe0f Skipping molecule Trifluoroiodomethane: Invalid level name(s) - Aliphatic, Alkanes
2026-01-22 15:53:44,373 - WARNING - \u26a0\ufe0f Skipping molecule 1,2-Dichlorobenzene: Invalid level name(s) - Aromatic, Benzenes
2026-01-22 15:53:44,375 - WARNING - \u26a0\ufe0f Skipping molecule Bromobenzene-d5: Invalid level name(s) - Aromatic, Benzenes
2026-01-22 15:53:44,376 - WARNING - \u26a0\ufe0f Skipping molecule 2-Bromotoluene: Invalid level name(s) - Aromatic, Benzenes
2026-01-22 15:53:44,379 - WARNING - \u26a0\ufe0f Skipping molecule 2-Chlorotoluene: Invalid level name(s) - Aromatic, Benzenes
2026-01-22 15:53:44,380 - WARNING - \u26a0\ufe0f Skipping molecule 1-Bromobutane: Invalid level name(s) - Aliphatic, Alkanes
2026-01-22 15:53:44,381 - WARNING - \u26a0\ufe0f Skipping molecule 2-Bromobutane: Invalid level name(s) - Aliphatic, Alkanes
2026-01-22 15:53:44,382 - WARNING - \u26a0\ufe0f Skipping molecule Bromocyclopropane: Invalid level name(s) - Aliphatic, Cycloalkanes
2026-01-22 15:53:44,383 - WARNING - \u26a0\ufe0f Skipping molecule Bromocyclopentane: Invalid level name(s) - Aliphatic, Cycloalkanes
2026-01-22 15:53:44,385 - WARNING - \u26a0\ufe0f Skipping molecule Bromocyclohexane: Invalid level name(s) - Aliphatic, Cycloalkanes
2026-01-22 15:53:44,386 - WARNING - \u26a0\ufe0f Skipping molecule 2-Bromo-2-methylpropane: Invalid level name(s) - Aliphatic, Alkanes
2026-01-22 15:53:44,387 - WARNING - \u26a0\ufe0f Skipping molecule Bromoethene: Invalid level name(s) - Aliphatic, Alkenes
2026-01-22 15:53:44,389 - WARNING - \u26a0\ufe0f Skipping molecule cis-1-bromo-1-propene: Invalid level name(s) - Aliphatic, Alkenes
2026-01-22 15:53:44,391 - WARNING - \u26a0\ufe0f Skipping molecule trans-1-bromo-1-propene: Invalid level name(s) - Aliphatic, Alkenes
2026-01-22 15:53:44,392 - WARNING - \u26a0\ufe0f Skipping molecule 2-Bromopropene: Invalid level name(s) - Aliphatic, Alkenes
2026-01-22 15:53:44,393 - WARNING - \u26a0\ufe0f Skipping molecule 3-Bromopropene: Invalid level name(s) - Aliphatic, Alkenes
2026-01-22 15:53:44,394 - WARNING - \u26a0\ufe0f Skipping molecule 1-Bromobut-2-ene: Invalid level name(s) - Aliphatic, Alkenes
2026-01-22 15:53:44,396 - WARNING - \u26a0\ufe0f Skipping molecule 3-Bromocyclohex-1-ene: Invalid level name(s) - Aliphatic, Cycloalkenes
2026-01-22 15:53:44,397 - WARNING - \u26a0\ufe0f Skipping molecule 4-bromobut-1-ene: Invalid level name(s) - Aliphatic, Alkenes
2026-01-22 15:53:44,399 - WARNING - \u26a0\ufe0f Skipping molecule 5-bromo-1-pentene: Invalid level name(s) - Aliphatic, Alkenes
2026-01-22 15:53:44,401 - WARNING - \u26a0\ufe0f Skipping molecule 6-bromo-1-hexene: Invalid level name(s) - Aliphatic, Alkenes
2026-01-22 15:53:44,403 - WARNING - \u26a0\ufe0f Skipping molecule Difluoromethane: Invalid level name(s) - Aliphatic, Alkanes
2026-01-22 15:53:44,404 - WARNING - \u26a0\ufe0f Skipping molecule Bromotrifluoromethane: Invalid level name(s) - Aliphatic, Alkanes
2026-01-22 15:53:44,406 - WARNING - \u26a0\ufe0f Skipping molecule Dibromodifluoromethane: Invalid level name(s) - Aliphatic, Alkanes
2026-01-22 15:53:44,408 - WARNING - \u26a0\ufe0f Skipping molecule Bromochloromethane: Invalid level name(s) - Aliphatic, Alkanes
2026-01-22 15:53:44,410 - WARNING - \u26a0\ufe0f Skipping molecule 1-Bromo-4-chlorobutane: Invalid level name(s) - Aliphatic, Alkanes
2026-01-22 15:53:44,412 - WARNING - \u26a0\ufe0f Skipping molecule Dibromomethane: Invalid level name(s) - Aliphatic, Alkanes
2026-01-22 15:53:44,413 - WARNING - \u26a0\ufe0f Skipping molecule 1,3-Dibromopropane: Invalid level name(s) - Aliphatic, Alkanes
2026-01-22 15:53:44,414 - WARNING - \u26a0\ufe0f Skipping molecule 1,4-Dibromobutane: Invalid level name(s) - Aliphatic, Alkanes
2026-01-22 15:53:44,415 - WARNING - \u26a0\ufe0f Skipping molecule Tribromomethane: Invalid level name(s) - Aliphatic, Alkanes
2026-01-22 15:53:44,416 - WARNING - \u26a0\ufe0f Skipping molecule Triiodomethane: Invalid level name(s) - Aliphatic, Alkanes
2026-01-22 15:53:44,418 - WARNING - \u26a0\ufe0f Skipping molecule 2-Chloro-2,2-difluoroacetic acid: Invalid level name(s) - Aliphatic, Alkanes
2026-01-22 15:53:44,420 - WARNING - \u26a0\ufe0f Skipping molecule m-Chloronitrobenzene: Invalid level name(s) - Aromatic, Benzenes
2026-01-22 15:53:44,422 - WARNING - \u26a0\ufe0f Skipping molecule Perfluorodiglyme: Invalid level name(s) - Aliphatic, Alkanes
2026-01-22 15:53:44,423 - WARNING - \u26a0\ufe0f Skipping molecule Perfluorotriglyme: Invalid level name(s) - Aliphatic, Alkanes
2026-01-22 15:53:44,425 - WARNING - \u26a0\ufe0f Skipping molecule Perfluorocrownether: Invalid level name(s) - Aliphatic, Alkanes
2026-01-22 15:53:44,427 - WARNING - \u26a0\ufe0f Skipping molecule Pentafluoronitrobenzene: Invalid level name(s) - Aromatic, Benzenes
2026-01-22 15:53:44,428 - WARNING - \u26a0\ufe0f Skipping molecule Pentafluorobenzonitrile: Invalid level name(s) - Aromatic, Benzenes
2026-01-22 15:53:44,430 - WARNING - \u26a0\ufe0f Skipping molecule Pentafluoroiodoethane: Invalid level name(s) - Aliphatic, Alkanes
2026-01-22 15:53:44,433 - WARNING - \u26a0\ufe0f Skipping molecule 3-Chloro-1-propene: Invalid level name(s) - Aliphatic, Alkanes
2026-01-22 15:53:44,436 - WARNING - \u26a0\ufe0f Skipping molecule 4-Chloro-1-butene: Invalid level name(s) - Aliphatic, Alkanes
2026-01-22 15:53:44,438 - WARNING - \u26a0\ufe0f Skipping molecule 5-Chloro-1-pentene: Invalid level name(s) - Aliphatic, Alkanes
2026-01-22 15:53:44,440 - WARNING - \u26a0\ufe0f Skipping molecule 6-Chloro-1-hexene: Invalid level name(s) - Aliphatic, Alkanes
2026-01-22 15:53:44,441 - WARNING - \u26a0\ufe0f Skipping molecule 1-Chloro-3-phenylpropane: Invalid level name(s) - Aromatic, Benzenes
2026-01-22 15:53:44,442 - WARNING - \u26a0\ufe0f Skipping molecule 1-Chloro-4-phenylbutane: Invalid level name(s) - Aromatic, Benzenes
2026-01-22 15:53:44,444 - WARNING - \u26a0\ufe0f Skipping molecule trans-1,2-Dichlorocyclohexane: Invalid level name(s) - Aliphatic, Cycloalkanes
2026-01-22 15:53:44,445 - WARNING - \u26a0\ufe0f Skipping molecule 2-Chloroethanol: Invalid level name(s) - Aliphatic, Alkanes
2026-01-22 15:53:44,446 - WARNING - \u26a0\ufe0f Skipping molecule 3-Chloropropanol: Invalid level name(s) - Aliphatic, Alkanes
2026-01-22 15:53:44,448 - WARNING - \u26a0\ufe0f Skipping molecule 3-Chloro-1,2-propanediol: Invalid level name(s) - Aliphatic, Alkanes
2026-01-22 15:53:44,449 - WARNING - \u26a0\ufe0f Skipping molecule 1,3-Dichloro-2-propanol: Invalid level name(s) - Aliphatic, Alkanes
2026-01-22 15:53:44,450 - WARNING - \u26a0\ufe0f Skipping molecule 4-Bromodiphenyl ether: Invalid level name(s) - Aromatic, Benzenes
2026-01-22 15:53:44,452 - WARNING - \u26a0\ufe0f Skipping molecule 4-Bromophenyl ether: Invalid level name(s) - Aromatic, Benzenes
2026-01-22 15:53:44,454 - WARNING - \u26a0\ufe0f Skipping molecule Decabromodiphenyl ether: Invalid level name(s) - Aromatic, Benzenes
2026-01-22 15:53:44,455 - WARNING - \u26a0\ufe0f Skipping molecule Hexachlorobenzene: Invalid level name(s) - Aromatic, Benzenes
2026-01-22 15:53:44,457 - WARNING - \u26a0\ufe0f Skipping molecule 5-Bromouracil: Invalid level name(s) - Heterocyclic, Nitrogen-Containing Heterocycles
2026-01-22 15:53:44,459 - WARNING - \u26a0\ufe0f Skipping molecule Iodobenzene: Invalid level name(s) - Aromatic, Benzenes
2026-01-22 15:53:44,460 - WARNING - \u26a0\ufe0f Skipping molecule Chloropentafluorobenzene: Invalid level name(s) - Aromatic, Benzenes
2026-01-22 15:53:44,461 - WARNING - \u26a0\ufe0f Skipping molecule Bromopentafluorobenzene: Invalid level name(s) - Aromatic, Benzenes
2026-01-22 15:53:44,463 - WARNING - \u26a0\ufe0f Skipping molecule Iodopentafluorobenzene: Invalid level name(s) - Aromatic, Benzenes
2026-01-22 15:53:44,464 - WARNING - \u26a0\ufe0f Skipping molecule o-Chlorofluorobenzene: Invalid level name(s) - Aromatic, Benzenes
2026-01-22 15:53:44,467 - WARNING - \u26a0\ufe0f Skipping molecule m-Chlorofluorobenzene: Invalid level name(s) - Aromatic, Benzenes
2026-01-22 15:53:44,469 - WARNING - \u26a0\ufe0f Skipping molecule m-Chlorobromobenzene: Invalid level name(s) - Aromatic, Benzenes
2026-01-22 15:53:44,472 - WARNING - \u26a0\ufe0f Skipping molecule m-Chloroiodobenzene: Invalid level name(s) - Aromatic, Benzenes
2026-01-22 15:53:44,474 - WARNING - \u26a0\ufe0f Skipping molecule m-Iodonitrobenzene: Invalid level name(s) - Aromatic, Benzenes
2026-01-22 15:53:44,475 - WARNING - \u26a0\ufe0f Skipping molecule 5-Chlorouracil: Invalid level name(s) - Heterocyclic, Nitrogen-Containing Heterocycles
2026-01-22 15:53:44,477 - WARNING - \u26a0\ufe0f Skipping molecule 5-Iodouracil: Invalid level name(s) - Heterocyclic, Nitrogen-Containing Heterocycles
2026-01-22 15:53:44,478 - WARNING - \u26a0\ufe0f Skipping molecule 5-Fluorouracil: Invalid level name(s) - Heterocyclic, Nitrogen-Containing Heterocycles
2026-01-22 15:53:44,479 - INFO - SELECT molecules.name AS molecules_name, molecules.id AS molecules_id 
FROM molecules
2026-01-22 15:53:44,480 - INFO - [generated in 0.00020s] {}
2026-01-22 15:53:44,483 - INFO - SELECT papers.id AS papers_id 
FROM papers
2026-01-22 15:53:44,483 - INFO - [generated in 0.00022s] {}
2026-01-22 15:53:44,488 - WARNING - \u26a0\ufe0f Molecule Dichloromethane not found in database!
2026-01-22 15:53:44,488 - WARNING - \u26a0\ufe0f Molecule 1,2-Dichloroethane not found in database!
2026-01-22 15:53:44,488 - WARNING - \u26a0\ufe0f Molecule 1,3-Dichloropropane not found in database!
2026-01-22 15:53:44,488 - WARNING - \u26a0\ufe0f Molecule 1,4-Dichlorobutane not found in database!
2026-01-22 15:53:44,488 - WARNING - \u26a0\ufe0f Molecule 1,5-Dichloropentane not found in database!
2026-01-22 15:53:44,488 - WARNING - \u26a0\ufe0f Molecule 1,6-Dichlorohexane not found in database!
2026-01-22 15:53:44,488 - WARNING - \u26a0\ufe0f Molecule 1,8-Dichlorooctane not found in database!
2026-01-22 15:53:44,489 - WARNING - \u26a0\ufe0f Molecule 1,1-Dichloroethane not found in database!
2026-01-22 15:53:44,489 - WARNING - \u26a0\ufe0f Molecule 1,1-Dichloropropane not found in database!
2026-01-22 15:53:44,489 - WARNING - \u26a0\ufe0f Molecule 2,2-Dichloropropane not found in database!
2026-01-22 15:53:44,489 - WARNING - \u26a0\ufe0f Molecule 1,2-Dichloropropane not found in database!
2026-01-22 15:53:44,489 - WARNING - \u26a0\ufe0f Molecule 1,2-Dichloro-2-methylpropane not found in database!
2026-01-22 15:53:44,489 - WARNING - \u26a0\ufe0f Molecule 2,3-Dichlorobutane not found in database!
2026-01-22 15:53:44,489 - WARNING - \u26a0\ufe0f Molecule 1,3-Dichlorobutane not found in database!
2026-01-22 15:53:44,489 - WARNING - \u26a0\ufe0f Molecule Trichloromethane not found in database!
2026-01-22 15:53:44,489 - WARNING - \u26a0\ufe0f Molecule 1,1,1-Trichloroethane not found in database!
2026-01-22 15:53:44,489 - WARNING - \u26a0\ufe0f Molecule 1,1,2-Trichloroethane not found in database!
2026-01-22 15:53:44,489 - WARNING - \u26a0\ufe0f Molecule 1,1,2-Trichloro-2-methylpropane not found in database!
2026-01-22 15:53:44,490 - WARNING - \u26a0\ufe0f Molecule 1,2,3-Trichloropropane not found in database!
2026-01-22 15:53:44,490 - WARNING - \u26a0\ufe0f Molecule Tetrachloromethane not found in database!
2026-01-22 15:53:44,490 - WARNING - \u26a0\ufe0f Molecule Methyl chloride not found in database!
2026-01-22 15:53:44,490 - WARNING - \u26a0\ufe0f Molecule Ethyl chloride not found in database!
2026-01-22 15:53:44,490 - WARNING - \u26a0\ufe0f Molecule 1-Chloropropane not found in database!
2026-01-22 15:53:44,490 - WARNING - \u26a0\ufe0f Molecule 1-Chlorobutane not found in database!
2026-01-22 15:53:44,490 - WARNING - \u26a0\ufe0f Molecule 1-Chloropentane not found in database!
2026-01-22 15:53:44,490 - WARNING - \u26a0\ufe0f Molecule 1-Chlorohexane not found in database!
2026-01-22 15:53:44,490 - WARNING - \u26a0\ufe0f Molecule 1-Chloroheptane not found in database!
2026-01-22 15:53:44,490 - WARNING - \u26a0\ufe0f Molecule 1-Chlorooctane not found in database!
2026-01-22 15:53:44,490 - WARNING - \u26a0\ufe0f Molecule 1-Chlorononane not found in database!
2026-01-22 15:53:44,490 - WARNING - \u26a0\ufe0f Molecule 2-Chloropropane not found in database!
2026-01-22 15:53:44,491 - WARNING - \u26a0\ufe0f Molecule 2-Chlorobutane not found in database!
2026-01-22 15:53:44,491 - WARNING - \u26a0\ufe0f Molecule tert-Butyl chloride not found in database!
2026-01-22 15:53:44,491 - WARNING - \u26a0\ufe0f Molecule Cyclobutyl chloride not found in database!
2026-01-22 15:53:44,491 - WARNING - \u26a0\ufe0f Molecule Cyclopentyl chloride not found in database!
2026-01-22 15:53:44,491 - WARNING - \u26a0\ufe0f Molecule Cyclohexyl chloride not found in database!
2026-01-22 15:53:44,491 - WARNING - \u26a0\ufe0f Molecule Chlorobenzene not found in database!
2026-01-22 15:53:44,491 - WARNING - \u26a0\ufe0f Molecule Benzyl chloride not found in database!
2026-01-22 15:53:44,491 - WARNING - \u26a0\ufe0f Molecule (2-chloroethyl)benzene not found in database!
2026-01-22 15:53:44,491 - WARNING - \u26a0\ufe0f Molecule Bromobenzene not found in database!
2026-01-22 15:53:44,491 - WARNING - \u26a0\ufe0f Molecule Benzyl bromide not found in database!
2026-01-22 15:53:44,491 - WARNING - \u26a0\ufe0f Molecule 2-Phenylethyl bromide not found in database!
2026-01-22 15:53:44,492 - WARNING - \u26a0\ufe0f Molecule 1-Bromo-3-phenylpropane not found in database!
2026-01-22 15:53:44,492 - WARNING - \u26a0\ufe0f Molecule 4-Bromochlorobenzene not found in database!
2026-01-22 15:53:44,492 - WARNING - \u26a0\ufe0f Molecule Tetrafluoromethane not found in database!
2026-01-22 15:53:44,492 - WARNING - \u26a0\ufe0f Molecule Hexafluoroethane not found in database!
2026-01-22 15:53:44,492 - WARNING - \u26a0\ufe0f Molecule Octafluoropropane not found in database!
2026-01-22 15:53:44,492 - WARNING - \u26a0\ufe0f Molecule Perflubutane not found in database!
2026-01-22 15:53:44,492 - WARNING - \u26a0\ufe0f Molecule Perfluoroisobutane not found in database!
2026-01-22 15:53:44,492 - WARNING - \u26a0\ufe0f Molecule Perfluoropentane not found in database!
2026-01-22 15:53:44,492 - WARNING - \u26a0\ufe0f Molecule Perfluorohexane not found in database!
2026-01-22 15:53:44,493 - WARNING - \u26a0\ufe0f Molecule Chlorofluoromethane not found in database!
2026-01-22 15:53:44,493 - WARNING - \u26a0\ufe0f Molecule Chlorodifluoromethane not found in database!
2026-01-22 15:53:44,493 - WARNING - \u26a0\ufe0f Molecule Chlorotrifluoromethane not found in database!
2026-01-22 15:53:44,493 - WARNING - \u26a0\ufe0f Molecule Dichlorodifluoromethane not found in database!
2026-01-22 15:53:44,493 - WARNING - \u26a0\ufe0f Molecule Trichlorofluoromethane not found in database!
2026-01-22 15:53:44,493 - WARNING - \u26a0\ufe0f Molecule Bromoethane not found in database!
2026-01-22 15:53:44,493 - WARNING - \u26a0\ufe0f Molecule 1-Bromopropane not found in database!
2026-01-22 15:53:44,493 - WARNING - \u26a0\ufe0f Molecule 2-Bromopropane not found in database!
2026-01-22 15:53:44,493 - WARNING - \u26a0\ufe0f Molecule 1,2-Dibromoethane not found in database!
2026-01-22 15:53:44,493 - WARNING - \u26a0\ufe0f Molecule 1-Bromo-3-chloropropane not found in database!
2026-01-22 15:53:44,494 - WARNING - \u26a0\ufe0f Molecule 1-Bromo-2-chloroethane not found in database!
2026-01-22 15:53:44,494 - WARNING - \u26a0\ufe0f Molecule 1-Chloro-2-bromopropane not found in database!
2026-01-22 15:53:44,494 - WARNING - \u26a0\ufe0f Molecule 2-Bromo-2-chloro-1,1,1-trifluoroethane not found in database!
2026-01-22 15:53:44,494 - WARNING - \u26a0\ufe0f Molecule 1,1,2,2-Tetrachloroethane not found in database!
2026-01-22 15:53:44,494 - WARNING - \u26a0\ufe0f Molecule Tetrachloromethane not found in database!
2026-01-22 15:53:44,494 - WARNING - \u26a0\ufe0f Molecule Trifluoroiodomethane not found in database!
2026-01-22 15:53:44,494 - WARNING - \u26a0\ufe0f Molecule Dichlorodifluoromethane not found in database!
2026-01-22 15:53:44,494 - WARNING - \u26a0\ufe0f Molecule 1,2-Dichlorobenzene not found in database!
2026-01-22 15:53:44,494 - WARNING - \u26a0\ufe0f Molecule Bromobenzene-d5 not found in database!
2026-01-22 15:53:44,494 - WARNING - \u26a0\ufe0f Molecule Bromobenzene not found in database!
2026-01-22 15:53:44,494 - WARNING - \u26a0\ufe0f Molecule Chlorobenzene not found in database!
2026-01-22 15:53:44,495 - WARNING - \u26a0\ufe0f Molecule 2-Bromotoluene not found in database!
2026-01-22 15:53:44,495 - WARNING - \u26a0\ufe0f Molecule 2-Chlorotoluene not found in database!
2026-01-22 15:53:44,495 - WARNING - \u26a0\ufe0f Molecule Bromoethane not found in database!
2026-01-22 15:53:44,495 - WARNING - \u26a0\ufe0f Molecule 1-Bromopropane not found in database!
2026-01-22 15:53:44,495 - WARNING - \u26a0\ufe0f Molecule 1-Bromobutane not found in database!
2026-01-22 15:53:44,495 - WARNING - \u26a0\ufe0f Molecule 2-Bromopropane not found in database!
2026-01-22 15:53:44,495 - WARNING - \u26a0\ufe0f Molecule 2-Bromobutane not found in database!
2026-01-22 15:53:44,495 - WARNING - \u26a0\ufe0f Molecule Bromocyclopropane not found in database!
2026-01-22 15:53:44,495 - WARNING - \u26a0\ufe0f Molecule Bromocyclopentane not found in database!
2026-01-22 15:53:44,495 - WARNING - \u26a0\ufe0f Molecule Bromocyclohexane not found in database!
2026-01-22 15:53:44,495 - WARNING - \u26a0\ufe0f Molecule 2-Bromo-2-methylpropane not found in database!
2026-01-22 15:53:44,495 - WARNING - \u26a0\ufe0f Molecule Bromoethene not found in database!
2026-01-22 15:53:44,496 - WARNING - \u26a0\ufe0f Molecule cis-1-bromo-1-propene not found in database!
2026-01-22 15:53:44,496 - WARNING - \u26a0\ufe0f Molecule trans-1-bromo-1-propene not found in database!
2026-01-22 15:53:44,496 - WARNING - \u26a0\ufe0f Molecule 2-Bromopropene not found in database!
2026-01-22 15:53:44,496 - WARNING - \u26a0\ufe0f Molecule 3-Bromopropene not found in database!
2026-01-22 15:53:44,496 - WARNING - \u26a0\ufe0f Molecule 1-Bromobut-2-ene not found in database!
2026-01-22 15:53:44,496 - WARNING - \u26a0\ufe0f Molecule 3-Bromocyclohex-1-ene not found in database!
2026-01-22 15:53:44,496 - WARNING - \u26a0\ufe0f Molecule 4-bromobut-1-ene not found in database!
2026-01-22 15:53:44,496 - WARNING - \u26a0\ufe0f Molecule 5-bromo-1-pentene not found in database!
2026-01-22 15:53:44,496 - WARNING - \u26a0\ufe0f Molecule 6-bromo-1-hexene not found in database!
2026-01-22 15:53:44,496 - WARNING - \u26a0\ufe0f Molecule Difluoromethane not found in database!
2026-01-22 15:53:44,496 - WARNING - \u26a0\ufe0f Molecule Chlorotrifluoromethane not found in database!
2026-01-22 15:53:44,497 - WARNING - \u26a0\ufe0f Molecule Bromotrifluoromethane not found in database!
2026-01-22 15:53:44,497 - WARNING - \u26a0\ufe0f Molecule Trifluoroiodomethane not found in database!
2026-01-22 15:53:44,497 - WARNING - \u26a0\ufe0f Molecule Dichlorodifluoromethane not found in database!
2026-01-22 15:53:44,497 - WARNING - \u26a0\ufe0f Molecule Dibromodifluoromethane not found in database!
2026-01-22 15:53:44,497 - WARNING - \u26a0\ufe0f Molecule 1-Chlorobutane not found in database!
2026-01-22 15:53:44,497 - WARNING - \u26a0\ufe0f Molecule Dichloromethane not found in database!
2026-01-22 15:53:44,497 - WARNING - \u26a0\ufe0f Molecule 1,2-Dichloroethane not found in database!
2026-01-22 15:53:44,497 - WARNING - \u26a0\ufe0f Molecule 1,3-Dichloropropane not found in database!
2026-01-22 15:53:44,497 - WARNING - \u26a0\ufe0f Molecule 1-Bromopropane not found in database!
2026-01-22 15:53:44,498 - WARNING - \u26a0\ufe0f Molecule Bromochloromethane not found in database!
2026-01-22 15:53:44,498 - WARNING - \u26a0\ufe0f Molecule 1-Bromo-2-chloroethane not found in database!
2026-01-22 15:53:44,498 - WARNING - \u26a0\ufe0f Molecule 1-Bromo-3-chloropropane not found in database!
2026-01-22 15:53:44,498 - WARNING - \u26a0\ufe0f Molecule 1-Bromo-4-chlorobutane not found in database!
2026-01-22 15:53:44,498 - WARNING - \u26a0\ufe0f Molecule Dibromomethane not found in database!
2026-01-22 15:53:44,498 - WARNING - \u26a0\ufe0f Molecule 1,2-Dibromoethane not found in database!
2026-01-22 15:53:44,498 - WARNING - \u26a0\ufe0f Molecule 1,3-Dibromopropane not found in database!
2026-01-22 15:53:44,498 - WARNING - \u26a0\ufe0f Molecule 1,4-Dibromobutane not found in database!
2026-01-22 15:53:44,498 - WARNING - \u26a0\ufe0f Molecule Tribromomethane not found in database!
2026-01-22 15:53:44,499 - WARNING - \u26a0\ufe0f Molecule Triiodomethane not found in database!
2026-01-22 15:53:44,499 - WARNING - \u26a0\ufe0f Molecule 2-Chloro-2,2-difluoroacetic acid not found in database!
2026-01-22 15:53:44,499 - WARNING - \u26a0\ufe0f Molecule m-Chloronitrobenzene not found in database!
2026-01-22 15:53:44,499 - WARNING - \u26a0\ufe0f Molecule Chlorotrifluoromethane not found in database!
2026-01-22 15:53:44,499 - WARNING - \u26a0\ufe0f Molecule Perfluorodiglyme not found in database!
2026-01-22 15:53:44,499 - WARNING - \u26a0\ufe0f Molecule Perfluorotriglyme not found in database!
2026-01-22 15:53:44,499 - WARNING - \u26a0\ufe0f Molecule Perfluorocrownether not found in database!
2026-01-22 15:53:44,499 - WARNING - \u26a0\ufe0f Molecule Pentafluoronitrobenzene not found in database!
2026-01-22 15:53:44,499 - WARNING - \u26a0\ufe0f Molecule Pentafluorobenzonitrile not found in database!
2026-01-22 15:53:44,500 - WARNING - \u26a0\ufe0f Molecule Pentafluoroiodoethane not found in database!
2026-01-22 15:53:44,500 - WARNING - \u26a0\ufe0f Molecule 3-Chloro-1-propene not found in database!
2026-01-22 15:53:44,500 - WARNING - \u26a0\ufe0f Molecule 4-Chloro-1-butene not found in database!
2026-01-22 15:53:44,500 - WARNING - \u26a0\ufe0f Molecule 5-Chloro-1-pentene not found in database!
2026-01-22 15:53:44,500 - WARNING - \u26a0\ufe0f Molecule 6-Chloro-1-hexene not found in database!
2026-01-22 15:53:44,500 - WARNING - \u26a0\ufe0f Molecule Benzyl chloride not found in database!
2026-01-22 15:53:44,500 - WARNING - \u26a0\ufe0f Molecule (2-chloroethyl)benzene not found in database!
2026-01-22 15:53:44,500 - WARNING - \u26a0\ufe0f Molecule 1-Chloro-3-phenylpropane not found in database!
2026-01-22 15:53:44,501 - WARNING - \u26a0\ufe0f Molecule 1-Chloro-4-phenylbutane not found in database!
2026-01-22 15:53:44,501 - WARNING - \u26a0\ufe0f Molecule trans-1,2-Dichlorocyclohexane not found in database!
2026-01-22 15:53:44,501 - WARNING - \u26a0\ufe0f Molecule 2-Chloroethanol not found in database!
2026-01-22 15:53:44,501 - WARNING - \u26a0\ufe0f Molecule 3-Chloropropanol not found in database!
2026-01-22 15:53:44,501 - WARNING - \u26a0\ufe0f Molecule 3-Chloro-1,2-propanediol not found in database!
2026-01-22 15:53:44,502 - WARNING - \u26a0\ufe0f Molecule 1,3-Dichloro-2-propanol not found in database!
2026-01-22 15:53:44,502 - WARNING - \u26a0\ufe0f Molecule 4-Bromodiphenyl ether not found in database!
2026-01-22 15:53:44,502 - WARNING - \u26a0\ufe0f Molecule 4-Bromophenyl ether not found in database!
2026-01-22 15:53:44,502 - WARNING - \u26a0\ufe0f Molecule Decabromodiphenyl ether not found in database!
2026-01-22 15:53:44,502 - WARNING - \u26a0\ufe0f Molecule Hexachlorobenzene not found in database!
2026-01-22 15:53:44,502 - WARNING - \u26a0\ufe0f Molecule 5-Bromouracil not found in database!
2026-01-22 15:53:44,502 - WARNING - \u26a0\ufe0f Molecule Chlorobenzene not found in database!
2026-01-22 15:53:44,502 - WARNING - \u26a0\ufe0f Molecule Iodobenzene not found in database!
2026-01-22 15:53:44,503 - WARNING - \u26a0\ufe0f Molecule Chloropentafluorobenzene not found in database!
2026-01-22 15:53:44,503 - WARNING - \u26a0\ufe0f Molecule Bromopentafluorobenzene not found in database!
2026-01-22 15:53:44,503 - WARNING - \u26a0\ufe0f Molecule Iodopentafluorobenzene not found in database!
2026-01-22 15:53:44,503 - WARNING - \u26a0\ufe0f Molecule o-Chlorofluorobenzene not found in database!
2026-01-22 15:53:44,503 - WARNING - \u26a0\ufe0f Molecule m-Chlorofluorobenzene not found in database!
2026-01-22 15:53:44,503 - WARNING - \u26a0\ufe0f Molecule m-Chlorobromobenzene not found in database!
2026-01-22 15:53:44,503 - WARNING - \u26a0\ufe0f Molecule m-Chloroiodobenzene not found in database!
2026-01-22 15:53:44,503 - WARNING - \u26a0\ufe0f Molecule m-Chloronitrobenzene not found in database!
2026-01-22 15:53:44,503 - WARNING - \u26a0\ufe0f Molecule m-Iodonitrobenzene not found in database!
2026-01-22 15:53:44,503 - WARNING - \u26a0\ufe0f Molecule 5-Bromouracil not found in database!
2026-01-22 15:53:44,504 - WARNING - \u26a0\ufe0f Molecule 5-Chlorouracil not found in database!
2026-01-22 15:53:44,504 - WARNING - \u26a0\ufe0f Molecule 5-Iodouracil not found in database!
2026-01-22 15:53:44,504 - WARNING - \u26a0\ufe0f Molecule 5-Fluorouracil not found in database!
2026-01-22 15:53:44,506 - WARNING - \u26a0\ufe0f Error calculating molecular weight for fragment Total: unknown element To
2026-01-22 15:53:44,509 - INFO - SELECT fragments.id AS fragments_id, fragments.formula AS fragments_formula, fragments.charge AS fragments_charge, fragments.molecular_weight AS fragments_molecular_weight, fragments.electron_affinity AS fragments_electron_affinity 
FROM fragments 
WHERE fragments.id = %(id_1)s 
 LIMIT %(param_1)s
2026-01-22 15:53:44,509 - INFO - [generated in 0.00026s] {'id_1': 1.0, 'param_1': 1}
2026-01-22 15:53:44,513 - INFO - \u2705 Inserted Fragment: {'id': 1.0, 'formula': 'Total', 'charge': 0.0, 'electron_affinity': 0.0, 'molecular_weight': None}
2026-01-22 15:53:44,516 - INFO - INSERT INTO fragments (id, formula, charge, molecular_weight, electron_affinity) VALUES (%(id)s, %(formula)s, %(charge)s, %(molecular_weight)s, %(electron_affinity)s)
2026-01-22 15:53:44,516 - INFO - [generated in 0.00034s] {'id': 1.0, 'formula': 'Total', 'charge': 0.0, 'molecular_weight': None, 'electron_affinity': 0.0}
2026-01-22 15:53:44,520 - INFO - SELECT fragments.id AS fragments_id, fragments.formula AS fragments_formula, fragments.charge AS fragments_charge, fragments.molecular_weight AS fragments_molecular_weight, fragments.electron_affinity AS fragments_electron_affinity 
FROM fragments 
WHERE fragments.id = %(id_1)s 
 LIMIT %(param_1)s
2026-01-22 15:53:44,520 - INFO - [cached since 0.01134s ago] {'id_1': 2.0, 'param_1': 1}
2026-01-22 15:53:44,521 - INFO - \u2705 Inserted Fragment: {'id': 2.0, 'formula': 'Cl', 'charge': -1.0, 'electron_affinity': 3.617, 'molecular_weight': 35.453}
2026-01-22 15:53:44,523 - INFO - INSERT INTO fragments (id, formula, charge, molecular_weight, electron_affinity) VALUES (%(id)s, %(formula)s, %(charge)s, %(molecular_weight)s, %(electron_affinity)s)
2026-01-22 15:53:44,523 - INFO - [cached since 0.006693s ago] {'id': 2.0, 'formula': 'Cl', 'charge': -1.0, 'molecular_weight': 35.453, 'electron_affinity': 3.617}
2026-01-22 15:53:44,524 - INFO - SELECT fragments.id AS fragments_id, fragments.formula AS fragments_formula, fragments.charge AS fragments_charge, fragments.molecular_weight AS fragments_molecular_weight, fragments.electron_affinity AS fragments_electron_affinity 
FROM fragments 
WHERE fragments.id = %(id_1)s 
 LIMIT %(param_1)s
2026-01-22 15:53:44,524 - INFO - [cached since 0.01532s ago] {'id_1': 3.0, 'param_1': 1}
2026-01-22 15:53:44,524 - INFO - \u2705 Inserted Fragment: {'id': 3.0, 'formula': 'F', 'charge': -1.0, 'electron_affinity': 3.399, 'molecular_weight': 18.9984032}
2026-01-22 15:53:44,525 - INFO - INSERT INTO fragments (id, formula, charge, molecular_weight, electron_affinity) VALUES (%(id)s, %(formula)s, %(charge)s, %(molecular_weight)s, %(electron_affinity)s)
2026-01-22 15:53:44,526 - INFO - [cached since 0.009607s ago] {'id': 3.0, 'formula': 'F', 'charge': -1.0, 'molecular_weight': 18.9984032, 'electron_affinity': 3.399}
2026-01-22 15:53:44,526 - INFO - SELECT fragments.id AS fragments_id, fragments.formula AS fragments_formula, fragments.charge AS fragments_charge, fragments.molecular_weight AS fragments_molecular_weight, fragments.electron_affinity AS fragments_electron_affinity 
FROM fragments 
WHERE fragments.id = %(id_1)s 
 LIMIT %(param_1)s
2026-01-22 15:53:44,526 - INFO - [cached since 0.01792s ago] {'id_1': 4.0, 'param_1': 1}
2026-01-22 15:53:44,527 - INFO - \u2705 Inserted Fragment: {'id': 4.0, 'formula': 'Br', 'charge': -1.0, 'electron_affinity': 3.365, 'molecular_weight': 79.904}
2026-01-22 15:53:44,529 - INFO - INSERT INTO fragments (id, formula, charge, molecular_weight, electron_affinity) VALUES (%(id)s, %(formula)s, %(charge)s, %(molecular_weight)s, %(electron_affinity)s)
2026-01-22 15:53:44,529 - INFO - [cached since 0.01275s ago] {'id': 4.0, 'formula': 'Br', 'charge': -1.0, 'molecular_weight': 79.904, 'electron_affinity': 3.365}
2026-01-22 15:53:44,530 - INFO - SELECT fragments.id AS fragments_id, fragments.formula AS fragments_formula, fragments.charge AS fragments_charge, fragments.molecular_weight AS fragments_molecular_weight, fragments.electron_affinity AS fragments_electron_affinity 
FROM fragments 
WHERE fragments.id = %(id_1)s 
 LIMIT %(param_1)s
2026-01-22 15:53:44,530 - INFO - [cached since 0.02113s ago] {'id_1': 5.0, 'param_1': 1}
2026-01-22 15:53:44,531 - INFO - \u2705 Inserted Fragment: {'id': 5.0, 'formula': 'I', 'charge': -1.0, 'electron_affinity': 3.059, 'molecular_weight': 126.90447}
2026-01-22 15:53:44,532 - INFO - INSERT INTO fragments (id, formula, charge, molecular_weight, electron_affinity) VALUES (%(id)s, %(formula)s, %(charge)s, %(molecular_weight)s, %(electron_affinity)s)
2026-01-22 15:53:44,533 - INFO - [cached since 0.01656s ago] {'id': 5.0, 'formula': 'I', 'charge': -1.0, 'molecular_weight': 126.90447, 'electron_affinity': 3.059}
2026-01-22 15:53:44,534 - INFO - SELECT fragments.id AS fragments_id, fragments.formula AS fragments_formula, fragments.charge AS fragments_charge, fragments.molecular_weight AS fragments_molecular_weight, fragments.electron_affinity AS fragments_electron_affinity 
FROM fragments 
WHERE fragments.id = %(id_1)s 
 LIMIT %(param_1)s
2026-01-22 15:53:44,535 - INFO - [cached since 0.02617s ago] {'id_1': 6.0, 'param_1': 1}
2026-01-22 15:53:44,536 - INFO - \u2705 Inserted Fragment: {'id': 6.0, 'formula': 'CF3', 'charge': -1.0, 'electron_affinity': nan, 'molecular_weight': 69.0059096}
2026-01-22 15:53:44,538 - INFO - INSERT INTO fragments (id, formula, charge, molecular_weight, electron_affinity) VALUES (%(id)s, %(formula)s, %(charge)s, %(molecular_weight)s, %(electron_affinity)s)
2026-01-22 15:53:44,539 - INFO - [cached since 0.02265s ago] {'id': 6.0, 'formula': 'CF3', 'charge': -1.0, 'molecular_weight': 69.0059096, 'electron_affinity': nan}
2026-01-22 15:53:44,540 - INFO - SELECT fragments.id AS fragments_id, fragments.formula AS fragments_formula, fragments.charge AS fragments_charge, fragments.molecular_weight AS fragments_molecular_weight, fragments.electron_affinity AS fragments_electron_affinity 
FROM fragments 
WHERE fragments.id = %(id_1)s 
 LIMIT %(param_1)s
2026-01-22 15:53:44,540 - INFO - [cached since 0.03148s ago] {'id_1': 7.0, 'param_1': 1}
2026-01-22 15:53:44,541 - INFO - \u2705 Inserted Fragment: {'id': 7.0, 'formula': 'C2F5', 'charge': -1.0, 'electron_affinity': nan, 'molecular_weight': 119.01341599999999}
2026-01-22 15:53:44,542 - INFO - INSERT INTO fragments (id, formula, charge, molecular_weight, electron_affinity) VALUES (%(id)s, %(formula)s, %(charge)s, %(molecular_weight)s, %(electron_affinity)s)
2026-01-22 15:53:44,542 - INFO - [cached since 0.02614s ago] {'id': 7.0, 'formula': 'C2F5', 'charge': -1.0, 'molecular_weight': 119.01341599999999, 'electron_affinity': nan}
2026-01-22 15:53:44,543 - INFO - SELECT fragments.id AS fragments_id, fragments.formula AS fragments_formula, fragments.charge AS fragments_charge, fragments.molecular_weight AS fragments_molecular_weight, fragments.electron_affinity AS fragments_electron_affinity 
FROM fragments 
WHERE fragments.id = %(id_1)s 
 LIMIT %(param_1)s
2026-01-22 15:53:44,543 - INFO - [cached since 0.03438s ago] {'id_1': 8.0, 'param_1': 1}
2026-01-22 15:53:44,543 - INFO - \u2705 Inserted Fragment: {'id': 8.0, 'formula': 'CF3', 'charge': -1.0, 'electron_affinity': nan, 'molecular_weight': 69.0059096}
2026-01-22 15:53:44,545 - INFO - INSERT INTO fragments (id, formula, charge, molecular_weight, electron_affinity) VALUES (%(id)s, %(formula)s, %(charge)s, %(molecular_weight)s, %(electron_affinity)s)
2026-01-22 15:53:44,545 - INFO - [cached since 0.0287s ago] {'id': 8.0, 'formula': 'CF3', 'charge': -1.0, 'molecular_weight': 69.0059096, 'electron_affinity': nan}
2026-01-22 15:53:44,545 - INFO - SELECT fragments.id AS fragments_id, fragments.formula AS fragments_formula, fragments.charge AS fragments_charge, fragments.molecular_weight AS fragments_molecular_weight, fragments.electron_affinity AS fragments_electron_affinity 
FROM fragments 
WHERE fragments.id = %(id_1)s 
 LIMIT %(param_1)s
2026-01-22 15:53:44,545 - INFO - [cached since 0.03697s ago] {'id_1': 9.0, 'param_1': 1}
2026-01-22 15:53:44,546 - INFO - \u2705 Inserted Fragment: {'id': 9.0, 'formula': 'C3F7', 'charge': -1.0, 'electron_affinity': nan, 'molecular_weight': 169.02092240000002}
2026-01-22 15:53:44,547 - INFO - INSERT INTO fragments (id, formula, charge, molecular_weight, electron_affinity) VALUES (%(id)s, %(formula)s, %(charge)s, %(molecular_weight)s, %(electron_affinity)s)
2026-01-22 15:53:44,547 - INFO - [cached since 0.0314s ago] {'id': 9.0, 'formula': 'C3F7', 'charge': -1.0, 'molecular_weight': 169.02092240000002, 'electron_affinity': nan}
2026-01-22 15:53:44,548 - INFO - SELECT fragments.id AS fragments_id, fragments.formula AS fragments_formula, fragments.charge AS fragments_charge, fragments.molecular_weight AS fragments_molecular_weight, fragments.electron_affinity AS fragments_electron_affinity 
FROM fragments 
WHERE fragments.id = %(id_1)s 
 LIMIT %(param_1)s
2026-01-22 15:53:44,548 - INFO - [cached since 0.0397s ago] {'id_1': 10.0, 'param_1': 1}
2026-01-22 15:53:44,549 - INFO - \u2705 Inserted Fragment: {'id': 10.0, 'formula': 'C2F3', 'charge': -1.0, 'electron_affinity': nan, 'molecular_weight': 81.0166096}
2026-01-22 15:53:44,550 - INFO - INSERT INTO fragments (id, formula, charge, molecular_weight, electron_affinity) VALUES (%(id)s, %(formula)s, %(charge)s, %(molecular_weight)s, %(electron_affinity)s)
2026-01-22 15:53:44,550 - INFO - [cached since 0.03442s ago] {'id': 10.0, 'formula': 'C2F3', 'charge': -1.0, 'molecular_weight': 81.0166096, 'electron_affinity': nan}
2026-01-22 15:53:44,552 - INFO - SELECT fragments.id AS fragments_id, fragments.formula AS fragments_formula, fragments.charge AS fragments_charge, fragments.molecular_weight AS fragments_molecular_weight, fragments.electron_affinity AS fragments_electron_affinity 
FROM fragments 
WHERE fragments.id = %(id_1)s 
 LIMIT %(param_1)s
2026-01-22 15:53:44,552 - INFO - [cached since 0.04367s ago] {'id_1': 11.0, 'param_1': 1}
2026-01-22 15:53:44,553 - INFO - \u2705 Inserted Fragment: {'id': 11.0, 'formula': 'C4F10', 'charge': -1.0, 'electron_affinity': nan, 'molecular_weight': 238.02683199999998}
2026-01-22 15:53:44,555 - INFO - INSERT INTO fragments (id, formula, charge, molecular_weight, electron_affinity) VALUES (%(id)s, %(formula)s, %(charge)s, %(molecular_weight)s, %(electron_affinity)s)
2026-01-22 15:53:44,555 - INFO - [cached since 0.03908s ago] {'id': 11.0, 'formula': 'C4F10', 'charge': -1.0, 'molecular_weight': 238.02683199999998, 'electron_affinity': nan}
2026-01-22 15:53:44,556 - INFO - SELECT fragments.id AS fragments_id, fragments.formula AS fragments_formula, fragments.charge AS fragments_charge, fragments.molecular_weight AS fragments_molecular_weight, fragments.electron_affinity AS fragments_electron_affinity 
FROM fragments 
WHERE fragments.id = %(id_1)s 
 LIMIT %(param_1)s
2026-01-22 15:53:44,556 - INFO - [cached since 0.04739s ago] {'id_1': 12.0, 'param_1': 1}
2026-01-22 15:53:44,556 - INFO - \u2705 Inserted Fragment: {'id': 12.0, 'formula': 'C4F9', 'charge': -1.0, 'electron_affinity': nan, 'molecular_weight': 219.02842879999997}
2026-01-22 15:53:44,558 - INFO - INSERT INTO fragments (id, formula, charge, molecular_weight, electron_affinity) VALUES (%(id)s, %(formula)s, %(charge)s, %(molecular_weight)s, %(electron_affinity)s)
2026-01-22 15:53:44,558 - INFO - [cached since 0.04174s ago] {'id': 12.0, 'formula': 'C4F9', 'charge': -1.0, 'molecular_weight': 219.02842879999997, 'electron_affinity': nan}
2026-01-22 15:53:44,558 - INFO - SELECT fragments.id AS fragments_id, fragments.formula AS fragments_formula, fragments.charge AS fragments_charge, fragments.molecular_weight AS fragments_molecular_weight, fragments.electron_affinity AS fragments_electron_affinity 
FROM fragments 
WHERE fragments.id = %(id_1)s 
 LIMIT %(param_1)s
2026-01-22 15:53:44,558 - INFO - [cached since 0.04989s ago] {'id_1': 13.0, 'param_1': 1}
2026-01-22 15:53:44,559 - INFO - \u2705 Inserted Fragment: {'id': 13.0, 'formula': 'C5F12', 'charge': -1.0, 'electron_affinity': nan, 'molecular_weight': 288.03433839999997}
2026-01-22 15:53:44,560 - INFO - INSERT INTO fragments (id, formula, charge, molecular_weight, electron_affinity) VALUES (%(id)s, %(formula)s, %(charge)s, %(molecular_weight)s, %(electron_affinity)s)
2026-01-22 15:53:44,560 - INFO - [cached since 0.04413s ago] {'id': 13.0, 'formula': 'C5F12', 'charge': -1.0, 'molecular_weight': 288.03433839999997, 'electron_affinity': nan}
2026-01-22 15:53:44,561 - INFO - SELECT fragments.id AS fragments_id, fragments.formula AS fragments_formula, fragments.charge AS fragments_charge, fragments.molecular_weight AS fragments_molecular_weight, fragments.electron_affinity AS fragments_electron_affinity 
FROM fragments 
WHERE fragments.id = %(id_1)s 
 LIMIT %(param_1)s
2026-01-22 15:53:44,561 - INFO - [cached since 0.05265s ago] {'id_1': 14.0, 'param_1': 1}
2026-01-22 15:53:44,562 - INFO - \u2705 Inserted Fragment: {'id': 14.0, 'formula': 'C5F11', 'charge': -1.0, 'electron_affinity': nan, 'molecular_weight': 269.0359352}
2026-01-22 15:53:44,563 - INFO - INSERT INTO fragments (id, formula, charge, molecular_weight, electron_affinity) VALUES (%(id)s, %(formula)s, %(charge)s, %(molecular_weight)s, %(electron_affinity)s)
2026-01-22 15:53:44,563 - INFO - [cached since 0.04743s ago] {'id': 14.0, 'formula': 'C5F11', 'charge': -1.0, 'molecular_weight': 269.0359352, 'electron_affinity': nan}
2026-01-22 15:53:44,564 - INFO - SELECT fragments.id AS fragments_id, fragments.formula AS fragments_formula, fragments.charge AS fragments_charge, fragments.molecular_weight AS fragments_molecular_weight, fragments.electron_affinity AS fragments_electron_affinity 
FROM fragments 
WHERE fragments.id = %(id_1)s 
 LIMIT %(param_1)s
2026-01-22 15:53:44,565 - INFO - [cached since 0.05606s ago] {'id_1': 15.0, 'param_1': 1}
2026-01-22 15:53:44,566 - INFO - \u2705 Inserted Fragment: {'id': 15.0, 'formula': 'C5F10', 'charge': -1.0, 'electron_affinity': nan, 'molecular_weight': 250.037532}
2026-01-22 15:53:44,569 - INFO - INSERT INTO fragments (id, formula, charge, molecular_weight, electron_affinity) VALUES (%(id)s, %(formula)s, %(charge)s, %(molecular_weight)s, %(electron_affinity)s)
2026-01-22 15:53:44,570 - INFO - [cached since 0.05373s ago] {'id': 15.0, 'formula': 'C5F10', 'charge': -1.0, 'molecular_weight': 250.037532, 'electron_affinity': nan}
2026-01-22 15:53:44,571 - INFO - SELECT fragments.id AS fragments_id, fragments.formula AS fragments_formula, fragments.charge AS fragments_charge, fragments.molecular_weight AS fragments_molecular_weight, fragments.electron_affinity AS fragments_electron_affinity 
FROM fragments 
WHERE fragments.id = %(id_1)s 
 LIMIT %(param_1)s
2026-01-22 15:53:44,571 - INFO - [cached since 0.06255s ago] {'id_1': 16.0, 'param_1': 1}
2026-01-22 15:53:44,572 - INFO - \u2705 Inserted Fragment: {'id': 16.0, 'formula': 'C4F8', 'charge': -1.0, 'electron_affinity': nan, 'molecular_weight': 200.0300256}
2026-01-22 15:53:44,573 - INFO - INSERT INTO fragments (id, formula, charge, molecular_weight, electron_affinity) VALUES (%(id)s, %(formula)s, %(charge)s, %(molecular_weight)s, %(electron_affinity)s)
2026-01-22 15:53:44,573 - INFO - [cached since 0.05726s ago] {'id': 16.0, 'formula': 'C4F8', 'charge': -1.0, 'molecular_weight': 200.0300256, 'electron_affinity': nan}
2026-01-22 15:53:44,574 - INFO - SELECT fragments.id AS fragments_id, fragments.formula AS fragments_formula, fragments.charge AS fragments_charge, fragments.molecular_weight AS fragments_molecular_weight, fragments.electron_affinity AS fragments_electron_affinity 
FROM fragments 
WHERE fragments.id = %(id_1)s 
 LIMIT %(param_1)s
2026-01-22 15:53:44,574 - INFO - [cached since 0.06555s ago] {'id_1': 17.0, 'param_1': 1}
2026-01-22 15:53:44,575 - INFO - \u2705 Inserted Fragment: {'id': 17.0, 'formula': 'C6F14', 'charge': -1.0, 'electron_affinity': nan, 'molecular_weight': 338.04184480000004}
2026-01-22 15:53:44,576 - INFO - INSERT INTO fragments (id, formula, charge, molecular_weight, electron_affinity) VALUES (%(id)s, %(formula)s, %(charge)s, %(molecular_weight)s, %(electron_affinity)s)
2026-01-22 15:53:44,576 - INFO - [cached since 0.06045s ago] {'id': 17.0, 'formula': 'C6F14', 'charge': -1.0, 'molecular_weight': 338.04184480000004, 'electron_affinity': nan}
2026-01-22 15:53:44,577 - INFO - SELECT fragments.id AS fragments_id, fragments.formula AS fragments_formula, fragments.charge AS fragments_charge, fragments.molecular_weight AS fragments_molecular_weight, fragments.electron_affinity AS fragments_electron_affinity 
FROM fragments 
WHERE fragments.id = %(id_1)s 
 LIMIT %(param_1)s
2026-01-22 15:53:44,578 - INFO - [cached since 0.06914s ago] {'id_1': 18.0, 'param_1': 1}
2026-01-22 15:53:44,578 - INFO - \u2705 Inserted Fragment: {'id': 18.0, 'formula': 'C6F13', 'charge': -1.0, 'electron_affinity': nan, 'molecular_weight': 319.04344159999994}
2026-01-22 15:53:44,580 - INFO - INSERT INTO fragments (id, formula, charge, molecular_weight, electron_affinity) VALUES (%(id)s, %(formula)s, %(charge)s, %(molecular_weight)s, %(electron_affinity)s)
2026-01-22 15:53:44,580 - INFO - [cached since 0.06392s ago] {'id': 18.0, 'formula': 'C6F13', 'charge': -1.0, 'molecular_weight': 319.04344159999994, 'electron_affinity': nan}
2026-01-22 15:53:44,581 - INFO - SELECT fragments.id AS fragments_id, fragments.formula AS fragments_formula, fragments.charge AS fragments_charge, fragments.molecular_weight AS fragments_molecular_weight, fragments.electron_affinity AS fragments_electron_affinity 
FROM fragments 
WHERE fragments.id = %(id_1)s 
 LIMIT %(param_1)s
2026-01-22 15:53:44,581 - INFO - [cached since 0.0724s ago] {'id_1': 19.0, 'param_1': 1}
2026-01-22 15:53:44,582 - INFO - \u2705 Inserted Fragment: {'id': 19.0, 'formula': 'C6F12', 'charge': -1.0, 'electron_affinity': nan, 'molecular_weight': 300.04503839999995}
2026-01-22 15:53:44,583 - INFO - INSERT INTO fragments (id, formula, charge, molecular_weight, electron_affinity) VALUES (%(id)s, %(formula)s, %(charge)s, %(molecular_weight)s, %(electron_affinity)s)
2026-01-22 15:53:44,584 - INFO - [cached since 0.06762s ago] {'id': 19.0, 'formula': 'C6F12', 'charge': -1.0, 'molecular_weight': 300.04503839999995, 'electron_affinity': nan}
2026-01-22 15:53:44,585 - INFO - SELECT fragments.id AS fragments_id, fragments.formula AS fragments_formula, fragments.charge AS fragments_charge, fragments.molecular_weight AS fragments_molecular_weight, fragments.electron_affinity AS fragments_electron_affinity 
FROM fragments 
WHERE fragments.id = %(id_1)s 
 LIMIT %(param_1)s
2026-01-22 15:53:44,585 - INFO - [cached since 0.07628s ago] {'id_1': 20.0, 'param_1': 1}
2026-01-22 15:53:44,586 - INFO - \u2705 Inserted Fragment: {'id': 20.0, 'formula': 'C5F9', 'charge': -1.0, 'electron_affinity': nan, 'molecular_weight': 231.03912879999996}
2026-01-22 15:53:44,587 - INFO - INSERT INTO fragments (id, formula, charge, molecular_weight, electron_affinity) VALUES (%(id)s, %(formula)s, %(charge)s, %(molecular_weight)s, %(electron_affinity)s)
2026-01-22 15:53:44,588 - INFO - [cached since 0.07166s ago] {'id': 20.0, 'formula': 'C5F9', 'charge': -1.0, 'molecular_weight': 231.03912879999996, 'electron_affinity': nan}
2026-01-22 15:53:44,588 - INFO - SELECT fragments.id AS fragments_id, fragments.formula AS fragments_formula, fragments.charge AS fragments_charge, fragments.molecular_weight AS fragments_molecular_weight, fragments.electron_affinity AS fragments_electron_affinity 
FROM fragments 
WHERE fragments.id = %(id_1)s 
 LIMIT %(param_1)s
2026-01-22 15:53:44,588 - INFO - [cached since 0.0799s ago] {'id_1': 21.0, 'param_1': 1}
2026-01-22 15:53:44,589 - INFO - \u2705 Inserted Fragment: {'id': 21.0, 'formula': 'C4F7', 'charge': -1.0, 'electron_affinity': nan, 'molecular_weight': 181.0316224}
2026-01-22 15:53:44,590 - INFO - INSERT INTO fragments (id, formula, charge, molecular_weight, electron_affinity) VALUES (%(id)s, %(formula)s, %(charge)s, %(molecular_weight)s, %(electron_affinity)s)
2026-01-22 15:53:44,591 - INFO - [cached since 0.07464s ago] {'id': 21.0, 'formula': 'C4F7', 'charge': -1.0, 'molecular_weight': 181.0316224, 'electron_affinity': nan}
2026-01-22 15:53:44,591 - INFO - SELECT fragments.id AS fragments_id, fragments.formula AS fragments_formula, fragments.charge AS fragments_charge, fragments.molecular_weight AS fragments_molecular_weight, fragments.electron_affinity AS fragments_electron_affinity 
FROM fragments 
WHERE fragments.id = %(id_1)s 
 LIMIT %(param_1)s
2026-01-22 15:53:44,591 - INFO - [cached since 0.08287s ago] {'id_1': 22.0, 'param_1': 1}
2026-01-22 15:53:44,592 - INFO - \u2705 Inserted Fragment: {'id': 22.0, 'formula': 'CHClBr', 'charge': -1.0, 'electron_affinity': nan, 'molecular_weight': 128.37564}
2026-01-22 15:53:44,593 - INFO - INSERT INTO fragments (id, formula, charge, molecular_weight, electron_affinity) VALUES (%(id)s, %(formula)s, %(charge)s, %(molecular_weight)s, %(electron_affinity)s)
2026-01-22 15:53:44,593 - INFO - [cached since 0.07724s ago] {'id': 22.0, 'formula': 'CHClBr', 'charge': -1.0, 'molecular_weight': 128.37564, 'electron_affinity': nan}
2026-01-22 15:53:44,594 - INFO - SELECT fragments.id AS fragments_id, fragments.formula AS fragments_formula, fragments.charge AS fragments_charge, fragments.molecular_weight AS fragments_molecular_weight, fragments.electron_affinity AS fragments_electron_affinity 
FROM fragments 
WHERE fragments.id = %(id_1)s 
 LIMIT %(param_1)s
2026-01-22 15:53:44,594 - INFO - [cached since 0.08548s ago] {'id_1': 23.0, 'param_1': 1}
2026-01-22 15:53:44,595 - INFO - \u2705 Inserted Fragment: {'id': 23.0, 'formula': 'ClBr', 'charge': -1.0, 'electron_affinity': nan, 'molecular_weight': 115.357}
2026-01-22 15:53:44,596 - INFO - INSERT INTO fragments (id, formula, charge, molecular_weight, electron_affinity) VALUES (%(id)s, %(formula)s, %(charge)s, %(molecular_weight)s, %(electron_affinity)s)
2026-01-22 15:53:44,596 - INFO - [cached since 0.08039s ago] {'id': 23.0, 'formula': 'ClBr', 'charge': -1.0, 'molecular_weight': 115.357, 'electron_affinity': nan}
2026-01-22 15:53:44,597 - INFO - SELECT fragments.id AS fragments_id, fragments.formula AS fragments_formula, fragments.charge AS fragments_charge, fragments.molecular_weight AS fragments_molecular_weight, fragments.electron_affinity AS fragments_electron_affinity 
FROM fragments 
WHERE fragments.id = %(id_1)s 
 LIMIT %(param_1)s
2026-01-22 15:53:44,597 - INFO - [cached since 0.08876s ago] {'id_1': 24.0, 'param_1': 1}
2026-01-22 15:53:44,598 - INFO - \u2705 Inserted Fragment: {'id': 24.0, 'formula': 'C2H4Br', 'charge': -1.0, 'electron_affinity': nan, 'molecular_weight': 107.95715999999999}
2026-01-22 15:53:44,601 - INFO - INSERT INTO fragments (id, formula, charge, molecular_weight, electron_affinity) VALUES (%(id)s, %(formula)s, %(charge)s, %(molecular_weight)s, %(electron_affinity)s)
2026-01-22 15:53:44,601 - INFO - [cached since 0.08544s ago] {'id': 24.0, 'formula': 'C2H4Br', 'charge': -1.0, 'molecular_weight': 107.95715999999999, 'electron_affinity': nan}
2026-01-22 15:53:44,603 - INFO - SELECT fragments.id AS fragments_id, fragments.formula AS fragments_formula, fragments.charge AS fragments_charge, fragments.molecular_weight AS fragments_molecular_weight, fragments.electron_affinity AS fragments_electron_affinity 
FROM fragments 
WHERE fragments.id = %(id_1)s 
 LIMIT %(param_1)s
2026-01-22 15:53:44,603 - INFO - [cached since 0.09482s ago] {'id_1': 25.0, 'param_1': 1}
2026-01-22 15:53:44,604 - INFO - \u2705 Inserted Fragment: {'id': 25.0, 'formula': 'C3H6BrCl', 'charge': -1.0, 'electron_affinity': nan, 'molecular_weight': 157.43674}
2026-01-22 15:53:44,606 - INFO - INSERT INTO fragments (id, formula, charge, molecular_weight, electron_affinity) VALUES (%(id)s, %(formula)s, %(charge)s, %(molecular_weight)s, %(electron_affinity)s)
2026-01-22 15:53:44,606 - INFO - [cached since 0.0901s ago] {'id': 25.0, 'formula': 'C3H6BrCl', 'charge': -1.0, 'molecular_weight': 157.43674, 'electron_affinity': nan}
2026-01-22 15:53:44,607 - INFO - SELECT fragments.id AS fragments_id, fragments.formula AS fragments_formula, fragments.charge AS fragments_charge, fragments.molecular_weight AS fragments_molecular_weight, fragments.electron_affinity AS fragments_electron_affinity 
FROM fragments 
WHERE fragments.id = %(id_1)s 
 LIMIT %(param_1)s
2026-01-22 15:53:44,607 - INFO - [cached since 0.09847s ago] {'id_1': 26.0, 'param_1': 1}
2026-01-22 15:53:44,608 - INFO - \u2705 Inserted Fragment: {'id': 26.0, 'formula': 'C3H6Br', 'charge': -1.0, 'electron_affinity': nan, 'molecular_weight': 121.98374}
2026-01-22 15:53:44,609 - INFO - INSERT INTO fragments (id, formula, charge, molecular_weight, electron_affinity) VALUES (%(id)s, %(formula)s, %(charge)s, %(molecular_weight)s, %(electron_affinity)s)
2026-01-22 15:53:44,609 - INFO - [cached since 0.09309s ago] {'id': 26.0, 'formula': 'C3H6Br', 'charge': -1.0, 'molecular_weight': 121.98374, 'electron_affinity': nan}
2026-01-22 15:53:44,610 - INFO - SELECT fragments.id AS fragments_id, fragments.formula AS fragments_formula, fragments.charge AS fragments_charge, fragments.molecular_weight AS fragments_molecular_weight, fragments.electron_affinity AS fragments_electron_affinity 
FROM fragments 
WHERE fragments.id = %(id_1)s 
 LIMIT %(param_1)s
2026-01-22 15:53:44,610 - INFO - [cached since 0.1014s ago] {'id_1': 27.0, 'param_1': 1}
2026-01-22 15:53:44,611 - INFO - \u2705 Inserted Fragment: {'id': 27.0, 'formula': 'C3H5Br', 'charge': -1.0, 'electron_affinity': nan, 'molecular_weight': 120.97579999999999}
2026-01-22 15:53:44,613 - INFO - INSERT INTO fragments (id, formula, charge, molecular_weight, electron_affinity) VALUES (%(id)s, %(formula)s, %(charge)s, %(molecular_weight)s, %(electron_affinity)s)
2026-01-22 15:53:44,613 - INFO - [cached since 0.09704s ago] {'id': 27.0, 'formula': 'C3H5Br', 'charge': -1.0, 'molecular_weight': 120.97579999999999, 'electron_affinity': nan}
2026-01-22 15:53:44,614 - INFO - SELECT fragments.id AS fragments_id, fragments.formula AS fragments_formula, fragments.charge AS fragments_charge, fragments.molecular_weight AS fragments_molecular_weight, fragments.electron_affinity AS fragments_electron_affinity 
FROM fragments 
WHERE fragments.id = %(id_1)s 
 LIMIT %(param_1)s
2026-01-22 15:53:44,614 - INFO - [cached since 0.1055s ago] {'id_1': 28.0, 'param_1': 1}
2026-01-22 15:53:44,615 - INFO - \u2705 Inserted Fragment: {'id': 28.0, 'formula': 'BrHCl', 'charge': -1.0, 'electron_affinity': nan, 'molecular_weight': 116.36494}
2026-01-22 15:53:44,616 - INFO - INSERT INTO fragments (id, formula, charge, molecular_weight, electron_affinity) VALUES (%(id)s, %(formula)s, %(charge)s, %(molecular_weight)s, %(electron_affinity)s)
2026-01-22 15:53:44,616 - INFO - [cached since 0.1001s ago] {'id': 28.0, 'formula': 'BrHCl', 'charge': -1.0, 'molecular_weight': 116.36494, 'electron_affinity': nan}
2026-01-22 15:53:44,617 - INFO - SELECT fragments.id AS fragments_id, fragments.formula AS fragments_formula, fragments.charge AS fragments_charge, fragments.molecular_weight AS fragments_molecular_weight, fragments.electron_affinity AS fragments_electron_affinity 
FROM fragments 
WHERE fragments.id = %(id_1)s 
 LIMIT %(param_1)s
2026-01-22 15:53:44,617 - INFO - [cached since 0.1085s ago] {'id_1': 29.0, 'param_1': 1}
2026-01-22 15:53:44,618 - INFO - \u2705 Inserted Fragment: {'id': 29.0, 'formula': 'BrCl', 'charge': -1.0, 'electron_affinity': nan, 'molecular_weight': 115.357}
2026-01-22 15:53:44,620 - INFO - INSERT INTO fragments (id, formula, charge, molecular_weight, electron_affinity) VALUES (%(id)s, %(formula)s, %(charge)s, %(molecular_weight)s, %(electron_affinity)s)
2026-01-22 15:53:44,620 - INFO - [cached since 0.104s ago] {'id': 29.0, 'formula': 'BrCl', 'charge': -1.0, 'molecular_weight': 115.357, 'electron_affinity': nan}
2026-01-22 15:53:44,621 - INFO - SELECT fragments.id AS fragments_id, fragments.formula AS fragments_formula, fragments.charge AS fragments_charge, fragments.molecular_weight AS fragments_molecular_weight, fragments.electron_affinity AS fragments_electron_affinity 
FROM fragments 
WHERE fragments.id = %(id_1)s 
 LIMIT %(param_1)s
2026-01-22 15:53:44,621 - INFO - [cached since 0.1124s ago] {'id_1': 30.0, 'param_1': 1}
2026-01-22 15:53:44,622 - INFO - \u2705 Inserted Fragment: {'id': 30.0, 'formula': 'C3H6Cl', 'charge': -1.0, 'electron_affinity': nan, 'molecular_weight': 77.53274}
2026-01-22 15:53:44,623 - INFO - INSERT INTO fragments (id, formula, charge, molecular_weight, electron_affinity) VALUES (%(id)s, %(formula)s, %(charge)s, %(molecular_weight)s, %(electron_affinity)s)
2026-01-22 15:53:44,623 - INFO - [cached since 0.1069s ago] {'id': 30.0, 'formula': 'C3H6Cl', 'charge': -1.0, 'molecular_weight': 77.53274, 'electron_affinity': nan}
2026-01-22 15:53:44,624 - INFO - SELECT fragments.id AS fragments_id, fragments.formula AS fragments_formula, fragments.charge AS fragments_charge, fragments.molecular_weight AS fragments_molecular_weight, fragments.electron_affinity AS fragments_electron_affinity 
FROM fragments 
WHERE fragments.id = %(id_1)s 
 LIMIT %(param_1)s
2026-01-22 15:53:44,625 - INFO - [cached since 0.116s ago] {'id_1': 31.0, 'param_1': 1}
2026-01-22 15:53:44,625 - INFO - \u2705 Inserted Fragment: {'id': 31.0, 'formula': 'C2ClF2', 'charge': -1.0, 'electron_affinity': nan, 'molecular_weight': 97.4712064}
2026-01-22 15:53:44,627 - INFO - INSERT INTO fragments (id, formula, charge, molecular_weight, electron_affinity) VALUES (%(id)s, %(formula)s, %(charge)s, %(molecular_weight)s, %(electron_affinity)s)
2026-01-22 15:53:44,627 - INFO - [cached since 0.1108s ago] {'id': 31.0, 'formula': 'C2ClF2', 'charge': -1.0, 'molecular_weight': 97.4712064, 'electron_affinity': nan}
2026-01-22 15:53:44,628 - INFO - SELECT fragments.id AS fragments_id, fragments.formula AS fragments_formula, fragments.charge AS fragments_charge, fragments.molecular_weight AS fragments_molecular_weight, fragments.electron_affinity AS fragments_electron_affinity 
FROM fragments 
WHERE fragments.id = %(id_1)s 
 LIMIT %(param_1)s
2026-01-22 15:53:44,628 - INFO - [cached since 0.1191s ago] {'id_1': 32.0, 'param_1': 1}
2026-01-22 15:53:44,628 - INFO - \u2705 Inserted Fragment: {'id': 32.0, 'formula': 'Cl2', 'charge': -1.0, 'electron_affinity': nan, 'molecular_weight': 70.906}
2026-01-22 15:53:44,630 - INFO - INSERT INTO fragments (id, formula, charge, molecular_weight, electron_affinity) VALUES (%(id)s, %(formula)s, %(charge)s, %(molecular_weight)s, %(electron_affinity)s)
2026-01-22 15:53:44,630 - INFO - [cached since 0.114s ago] {'id': 32.0, 'formula': 'Cl2', 'charge': -1.0, 'molecular_weight': 70.906, 'electron_affinity': nan}
2026-01-22 15:53:44,631 - INFO - SELECT fragments.id AS fragments_id, fragments.formula AS fragments_formula, fragments.charge AS fragments_charge, fragments.molecular_weight AS fragments_molecular_weight, fragments.electron_affinity AS fragments_electron_affinity 
FROM fragments 
WHERE fragments.id = %(id_1)s 
 LIMIT %(param_1)s
2026-01-22 15:53:44,631 - INFO - [cached since 0.1224s ago] {'id_1': 33.0, 'param_1': 1}
2026-01-22 15:53:44,632 - INFO - \u2705 Inserted Fragment: {'id': 33.0, 'formula': 'ClHCl', 'charge': -1.0, 'electron_affinity': nan, 'molecular_weight': 71.91394000000001}
2026-01-22 15:53:44,633 - INFO - INSERT INTO fragments (id, formula, charge, molecular_weight, electron_affinity) VALUES (%(id)s, %(formula)s, %(charge)s, %(molecular_weight)s, %(electron_affinity)s)
2026-01-22 15:53:44,634 - INFO - [cached since 0.1176s ago] {'id': 33.0, 'formula': 'ClHCl', 'charge': -1.0, 'molecular_weight': 71.91394000000001, 'electron_affinity': nan}
2026-01-22 15:53:44,636 - INFO - SELECT fragments.id AS fragments_id, fragments.formula AS fragments_formula, fragments.charge AS fragments_charge, fragments.molecular_weight AS fragments_molecular_weight, fragments.electron_affinity AS fragments_electron_affinity 
FROM fragments 
WHERE fragments.id = %(id_1)s 
 LIMIT %(param_1)s
2026-01-22 15:53:44,636 - INFO - [cached since 0.1279s ago] {'id_1': 34.0, 'param_1': 1}
2026-01-22 15:53:44,637 - INFO - \u2705 Inserted Fragment: {'id': 34.0, 'formula': 'C2H2Cl3', 'charge': -1.0, 'electron_affinity': nan, 'molecular_weight': 132.39628000000002}
2026-01-22 15:53:44,639 - INFO - INSERT INTO fragments (id, formula, charge, molecular_weight, electron_affinity) VALUES (%(id)s, %(formula)s, %(charge)s, %(molecular_weight)s, %(electron_affinity)s)
2026-01-22 15:53:44,640 - INFO - [cached since 0.1237s ago] {'id': 34.0, 'formula': 'C2H2Cl3', 'charge': -1.0, 'molecular_weight': 132.39628000000002, 'electron_affinity': nan}
2026-01-22 15:53:44,641 - INFO - SELECT fragments.id AS fragments_id, fragments.formula AS fragments_formula, fragments.charge AS fragments_charge, fragments.molecular_weight AS fragments_molecular_weight, fragments.electron_affinity AS fragments_electron_affinity 
FROM fragments 
WHERE fragments.id = %(id_1)s 
 LIMIT %(param_1)s
2026-01-22 15:53:44,641 - INFO - [cached since 0.1323s ago] {'id_1': 35.0, 'param_1': 1}
2026-01-22 15:53:44,642 - INFO - \u2705 Inserted Fragment: {'id': 35.0, 'formula': 'CHF', 'charge': -1.0, 'electron_affinity': nan, 'molecular_weight': 32.017043199999996}
2026-01-22 15:53:44,644 - INFO - INSERT INTO fragments (id, formula, charge, molecular_weight, electron_affinity) VALUES (%(id)s, %(formula)s, %(charge)s, %(molecular_weight)s, %(electron_affinity)s)
2026-01-22 15:53:44,644 - INFO - [cached since 0.1281s ago] {'id': 35.0, 'formula': 'CHF', 'charge': -1.0, 'molecular_weight': 32.017043199999996, 'electron_affinity': nan}
2026-01-22 15:53:44,645 - INFO - SELECT fragments.id AS fragments_id, fragments.formula AS fragments_formula, fragments.charge AS fragments_charge, fragments.molecular_weight AS fragments_molecular_weight, fragments.electron_affinity AS fragments_electron_affinity 
FROM fragments 
WHERE fragments.id = %(id_1)s 
 LIMIT %(param_1)s
2026-01-22 15:53:44,645 - INFO - [cached since 0.1369s ago] {'id_1': 36.0, 'param_1': 1}
2026-01-22 15:53:44,646 - INFO - \u2705 Inserted Fragment: {'id': 36.0, 'formula': 'F2', 'charge': -1.0, 'electron_affinity': nan, 'molecular_weight': 37.9968064}
2026-01-22 15:53:44,648 - INFO - INSERT INTO fragments (id, formula, charge, molecular_weight, electron_affinity) VALUES (%(id)s, %(formula)s, %(charge)s, %(molecular_weight)s, %(electron_affinity)s)
2026-01-22 15:53:44,648 - INFO - [cached since 0.1322s ago] {'id': 36.0, 'formula': 'F2', 'charge': -1.0, 'molecular_weight': 37.9968064, 'electron_affinity': nan}
2026-01-22 15:53:44,649 - INFO - SELECT fragments.id AS fragments_id, fragments.formula AS fragments_formula, fragments.charge AS fragments_charge, fragments.molecular_weight AS fragments_molecular_weight, fragments.electron_affinity AS fragments_electron_affinity 
FROM fragments 
WHERE fragments.id = %(id_1)s 
 LIMIT %(param_1)s
2026-01-22 15:53:44,649 - INFO - [cached since 0.1407s ago] {'id_1': 37.0, 'param_1': 1}
2026-01-22 15:53:44,650 - INFO - \u2705 Inserted Fragment: {'id': 37.0, 'formula': 'CF2CO2H', 'charge': -1.0, 'electron_affinity': nan, 'molecular_weight': 95.0249464}
2026-01-22 15:53:44,652 - INFO - INSERT INTO fragments (id, formula, charge, molecular_weight, electron_affinity) VALUES (%(id)s, %(formula)s, %(charge)s, %(molecular_weight)s, %(electron_affinity)s)
2026-01-22 15:53:44,652 - INFO - [cached since 0.1361s ago] {'id': 37.0, 'formula': 'CF2CO2H', 'charge': -1.0, 'molecular_weight': 95.0249464, 'electron_affinity': nan}
2026-01-22 15:53:44,653 - INFO - SELECT fragments.id AS fragments_id, fragments.formula AS fragments_formula, fragments.charge AS fragments_charge, fragments.molecular_weight AS fragments_molecular_weight, fragments.electron_affinity AS fragments_electron_affinity 
FROM fragments 
WHERE fragments.id = %(id_1)s 
 LIMIT %(param_1)s
2026-01-22 15:53:44,653 - INFO - [cached since 0.1447s ago] {'id_1': 38.0, 'param_1': 1}
2026-01-22 15:53:44,654 - INFO - \u2705 Inserted Fragment: {'id': 38.0, 'formula': 'CClF2CO2H', 'charge': -1.0, 'electron_affinity': nan, 'molecular_weight': 130.47794639999998}
2026-01-22 15:53:44,656 - INFO - INSERT INTO fragments (id, formula, charge, molecular_weight, electron_affinity) VALUES (%(id)s, %(formula)s, %(charge)s, %(molecular_weight)s, %(electron_affinity)s)
2026-01-22 15:53:44,656 - INFO - [cached since 0.1403s ago] {'id': 38.0, 'formula': 'CClF2CO2H', 'charge': -1.0, 'molecular_weight': 130.47794639999998, 'electron_affinity': nan}
2026-01-22 15:53:44,657 - INFO - SELECT fragments.id AS fragments_id, fragments.formula AS fragments_formula, fragments.charge AS fragments_charge, fragments.molecular_weight AS fragments_molecular_weight, fragments.electron_affinity AS fragments_electron_affinity 
FROM fragments 
WHERE fragments.id = %(id_1)s 
 LIMIT %(param_1)s
2026-01-22 15:53:44,658 - INFO - [cached since 0.1491s ago] {'id_1': 39.0, 'param_1': 1}
2026-01-22 15:53:44,659 - INFO - \u2705 Inserted Fragment: {'id': 39.0, 'formula': 'CClF2CO2', 'charge': -1.0, 'electron_affinity': nan, 'molecular_weight': 129.4700064}
2026-01-22 15:53:44,661 - INFO - INSERT INTO fragments (id, formula, charge, molecular_weight, electron_affinity) VALUES (%(id)s, %(formula)s, %(charge)s, %(molecular_weight)s, %(electron_affinity)s)
2026-01-22 15:53:44,661 - INFO - [cached since 0.1454s ago] {'id': 39.0, 'formula': 'CClF2CO2', 'charge': -1.0, 'molecular_weight': 129.4700064, 'electron_affinity': nan}
2026-01-22 15:53:44,663 - INFO - SELECT fragments.id AS fragments_id, fragments.formula AS fragments_formula, fragments.charge AS fragments_charge, fragments.molecular_weight AS fragments_molecular_weight, fragments.electron_affinity AS fragments_electron_affinity 
FROM fragments 
WHERE fragments.id = %(id_1)s 
 LIMIT %(param_1)s
2026-01-22 15:53:44,663 - INFO - [cached since 0.1543s ago] {'id_1': 40.0, 'param_1': 1}
2026-01-22 15:53:44,664 - INFO - \u2705 Inserted Fragment: {'id': 40.0, 'formula': 'CClFCO2', 'charge': -1.0, 'electron_affinity': nan, 'molecular_weight': 110.4716032}
2026-01-22 15:53:44,666 - INFO - INSERT INTO fragments (id, formula, charge, molecular_weight, electron_affinity) VALUES (%(id)s, %(formula)s, %(charge)s, %(molecular_weight)s, %(electron_affinity)s)
2026-01-22 15:53:44,666 - INFO - [cached since 0.1499s ago] {'id': 40.0, 'formula': 'CClFCO2', 'charge': -1.0, 'molecular_weight': 110.4716032, 'electron_affinity': nan}
2026-01-22 15:53:44,667 - INFO - SELECT fragments.id AS fragments_id, fragments.formula AS fragments_formula, fragments.charge AS fragments_charge, fragments.molecular_weight AS fragments_molecular_weight, fragments.electron_affinity AS fragments_electron_affinity 
FROM fragments 
WHERE fragments.id = %(id_1)s 
 LIMIT %(param_1)s
2026-01-22 15:53:44,667 - INFO - [cached since 0.1588s ago] {'id_1': 41.0, 'param_1': 1}
2026-01-22 15:53:44,669 - INFO - \u2705 Inserted Fragment: {'id': 41.0, 'formula': 'CClO2H', 'charge': -1.0, 'electron_affinity': nan, 'molecular_weight': 80.47044000000001}
2026-01-22 15:53:44,672 - INFO - INSERT INTO fragments (id, formula, charge, molecular_weight, electron_affinity) VALUES (%(id)s, %(formula)s, %(charge)s, %(molecular_weight)s, %(electron_affinity)s)
2026-01-22 15:53:44,672 - INFO - [cached since 0.1558s ago] {'id': 41.0, 'formula': 'CClO2H', 'charge': -1.0, 'molecular_weight': 80.47044000000001, 'electron_affinity': nan}
2026-01-22 15:53:44,673 - INFO - SELECT fragments.id AS fragments_id, fragments.formula AS fragments_formula, fragments.charge AS fragments_charge, fragments.molecular_weight AS fragments_molecular_weight, fragments.electron_affinity AS fragments_electron_affinity 
FROM fragments 
WHERE fragments.id = %(id_1)s 
 LIMIT %(param_1)s
2026-01-22 15:53:44,673 - INFO - [cached since 0.1649s ago] {'id_1': 42.0, 'param_1': 1}
2026-01-22 15:53:44,674 - INFO - \u2705 Inserted Fragment: {'id': 42.0, 'formula': 'CF2', 'charge': -1.0, 'electron_affinity': nan, 'molecular_weight': 50.0075064}
2026-01-22 15:53:44,676 - INFO - INSERT INTO fragments (id, formula, charge, molecular_weight, electron_affinity) VALUES (%(id)s, %(formula)s, %(charge)s, %(molecular_weight)s, %(electron_affinity)s)
2026-01-22 15:53:44,676 - INFO - [cached since 0.1601s ago] {'id': 42.0, 'formula': 'CF2', 'charge': -1.0, 'molecular_weight': 50.0075064, 'electron_affinity': nan}
2026-01-22 15:53:44,677 - INFO - SELECT fragments.id AS fragments_id, fragments.formula AS fragments_formula, fragments.charge AS fragments_charge, fragments.molecular_weight AS fragments_molecular_weight, fragments.electron_affinity AS fragments_electron_affinity 
FROM fragments 
WHERE fragments.id = %(id_1)s 
 LIMIT %(param_1)s
2026-01-22 15:53:44,677 - INFO - [cached since 0.1685s ago] {'id_1': 43.0, 'param_1': 1}
2026-01-22 15:53:44,678 - INFO - \u2705 Inserted Fragment: {'id': 43.0, 'formula': 'C6H4ClNO2', 'charge': -1.0, 'electron_affinity': nan, 'molecular_weight': 157.55446}
2026-01-22 15:53:44,679 - INFO - INSERT INTO fragments (id, formula, charge, molecular_weight, electron_affinity) VALUES (%(id)s, %(formula)s, %(charge)s, %(molecular_weight)s, %(electron_affinity)s)
2026-01-22 15:53:44,679 - INFO - [cached since 0.1631s ago] {'id': 43.0, 'formula': 'C6H4ClNO2', 'charge': -1.0, 'molecular_weight': 157.55446, 'electron_affinity': nan}
2026-01-22 15:53:44,680 - INFO - SELECT fragments.id AS fragments_id, fragments.formula AS fragments_formula, fragments.charge AS fragments_charge, fragments.molecular_weight AS fragments_molecular_weight, fragments.electron_affinity AS fragments_electron_affinity 
FROM fragments 
WHERE fragments.id = %(id_1)s 
 LIMIT %(param_1)s
2026-01-22 15:53:44,680 - INFO - [cached since 0.1714s ago] {'id_1': 44.0, 'param_1': 1}
2026-01-22 15:53:44,681 - INFO - \u2705 Inserted Fragment: {'id': 44.0, 'formula': 'NO2', 'charge': -1.0, 'electron_affinity': nan, 'molecular_weight': 46.0055}
2026-01-22 15:53:44,682 - INFO - INSERT INTO fragments (id, formula, charge, molecular_weight, electron_affinity) VALUES (%(id)s, %(formula)s, %(charge)s, %(molecular_weight)s, %(electron_affinity)s)
2026-01-22 15:53:44,682 - INFO - [cached since 0.1661s ago] {'id': 44.0, 'formula': 'NO2', 'charge': -1.0, 'molecular_weight': 46.0055, 'electron_affinity': nan}
2026-01-22 15:53:44,683 - INFO - SELECT fragments.id AS fragments_id, fragments.formula AS fragments_formula, fragments.charge AS fragments_charge, fragments.molecular_weight AS fragments_molecular_weight, fragments.electron_affinity AS fragments_electron_affinity 
FROM fragments 
WHERE fragments.id = %(id_1)s 
 LIMIT %(param_1)s
2026-01-22 15:53:44,683 - INFO - [cached since 0.1744s ago] {'id_1': 45.0, 'param_1': 1}
2026-01-22 15:53:44,684 - INFO - \u2705 Inserted Fragment: {'id': 45.0, 'formula': 'C6H4Cl', 'charge': -1.0, 'electron_affinity': nan, 'molecular_weight': 111.54896000000001}
2026-01-22 15:53:44,685 - INFO - INSERT INTO fragments (id, formula, charge, molecular_weight, electron_affinity) VALUES (%(id)s, %(formula)s, %(charge)s, %(molecular_weight)s, %(electron_affinity)s)
2026-01-22 15:53:44,685 - INFO - [cached since 0.1692s ago] {'id': 45.0, 'formula': 'C6H4Cl', 'charge': -1.0, 'molecular_weight': 111.54896000000001, 'electron_affinity': nan}
2026-01-22 15:53:44,686 - INFO - SELECT fragments.id AS fragments_id, fragments.formula AS fragments_formula, fragments.charge AS fragments_charge, fragments.molecular_weight AS fragments_molecular_weight, fragments.electron_affinity AS fragments_electron_affinity 
FROM fragments 
WHERE fragments.id = %(id_1)s 
 LIMIT %(param_1)s
2026-01-22 15:53:44,686 - INFO - [cached since 0.1778s ago] {'id_1': 46.0, 'param_1': 1}
2026-01-22 15:53:44,687 - INFO - \u2705 Inserted Fragment: {'id': 46.0, 'formula': 'C6H4', 'charge': -1.0, 'electron_affinity': nan, 'molecular_weight': 76.09596}
2026-01-22 15:53:44,688 - INFO - INSERT INTO fragments (id, formula, charge, molecular_weight, electron_affinity) VALUES (%(id)s, %(formula)s, %(charge)s, %(molecular_weight)s, %(electron_affinity)s)
2026-01-22 15:53:44,688 - INFO - [cached since 0.1725s ago] {'id': 46.0, 'formula': 'C6H4', 'charge': -1.0, 'molecular_weight': 76.09596, 'electron_affinity': nan}
2026-01-22 15:53:44,690 - INFO - SELECT fragments.id AS fragments_id, fragments.formula AS fragments_formula, fragments.charge AS fragments_charge, fragments.molecular_weight AS fragments_molecular_weight, fragments.electron_affinity AS fragments_electron_affinity 
FROM fragments 
WHERE fragments.id = %(id_1)s 
 LIMIT %(param_1)s
2026-01-22 15:53:44,690 - INFO - [cached since 0.1813s ago] {'id_1': 47.0, 'param_1': 1}
2026-01-22 15:53:44,691 - INFO - \u2705 Inserted Fragment: {'id': 47.0, 'formula': 'FCl', 'charge': -1.0, 'electron_affinity': nan, 'molecular_weight': 54.4514032}
2026-01-22 15:53:44,693 - INFO - INSERT INTO fragments (id, formula, charge, molecular_weight, electron_affinity) VALUES (%(id)s, %(formula)s, %(charge)s, %(molecular_weight)s, %(electron_affinity)s)
2026-01-22 15:53:44,693 - INFO - [cached since 0.1773s ago] {'id': 47.0, 'formula': 'FCl', 'charge': -1.0, 'molecular_weight': 54.4514032, 'electron_affinity': nan}
2026-01-22 15:53:44,694 - INFO - SELECT fragments.id AS fragments_id, fragments.formula AS fragments_formula, fragments.charge AS fragments_charge, fragments.molecular_weight AS fragments_molecular_weight, fragments.electron_affinity AS fragments_electron_affinity 
FROM fragments 
WHERE fragments.id = %(id_1)s 
 LIMIT %(param_1)s
2026-01-22 15:53:44,694 - INFO - [cached since 0.186s ago] {'id_1': 48.0, 'param_1': 1}
2026-01-22 15:53:44,695 - INFO - \u2705 Inserted Fragment: {'id': 48.0, 'formula': 'CF2Cl', 'charge': -1.0, 'electron_affinity': nan, 'molecular_weight': 85.4605064}
2026-01-22 15:53:44,697 - INFO - INSERT INTO fragments (id, formula, charge, molecular_weight, electron_affinity) VALUES (%(id)s, %(formula)s, %(charge)s, %(molecular_weight)s, %(electron_affinity)s)
2026-01-22 15:53:44,697 - INFO - [cached since 0.181s ago] {'id': 48.0, 'formula': 'CF2Cl', 'charge': -1.0, 'molecular_weight': 85.4605064, 'electron_affinity': nan}
2026-01-22 15:53:44,698 - INFO - SELECT fragments.id AS fragments_id, fragments.formula AS fragments_formula, fragments.charge AS fragments_charge, fragments.molecular_weight AS fragments_molecular_weight, fragments.electron_affinity AS fragments_electron_affinity 
FROM fragments 
WHERE fragments.id = %(id_1)s 
 LIMIT %(param_1)s
2026-01-22 15:53:44,698 - INFO - [cached since 0.1899s ago] {'id_1': 49.0, 'param_1': 1}
2026-01-22 15:53:44,699 - INFO - \u2705 Inserted Fragment: {'id': 49.0, 'formula': 'C3F7O2', 'charge': -1.0, 'electron_affinity': nan, 'molecular_weight': 201.0197224}
2026-01-22 15:53:44,703 - INFO - INSERT INTO fragments (id, formula, charge, molecular_weight, electron_affinity) VALUES (%(id)s, %(formula)s, %(charge)s, %(molecular_weight)s, %(electron_affinity)s)
2026-01-22 15:53:44,704 - INFO - [cached since 0.1875s ago] {'id': 49.0, 'formula': 'C3F7O2', 'charge': -1.0, 'molecular_weight': 201.0197224, 'electron_affinity': nan}
2026-01-22 15:53:44,705 - INFO - SELECT fragments.id AS fragments_id, fragments.formula AS fragments_formula, fragments.charge AS fragments_charge, fragments.molecular_weight AS fragments_molecular_weight, fragments.electron_affinity AS fragments_electron_affinity 
FROM fragments 
WHERE fragments.id = %(id_1)s 
 LIMIT %(param_1)s
2026-01-22 15:53:44,706 - INFO - [cached since 0.197s ago] {'id_1': 50.0, 'param_1': 1}
2026-01-22 15:53:44,708 - INFO - \u2705 Inserted Fragment: {'id': 50.0, 'formula': 'CFO3', 'charge': -1.0, 'electron_affinity': nan, 'molecular_weight': 79.0073032}
2026-01-22 15:53:44,710 - INFO - INSERT INTO fragments (id, formula, charge, molecular_weight, electron_affinity) VALUES (%(id)s, %(formula)s, %(charge)s, %(molecular_weight)s, %(electron_affinity)s)
2026-01-22 15:53:44,710 - INFO - [cached since 0.1941s ago] {'id': 50.0, 'formula': 'CFO3', 'charge': -1.0, 'molecular_weight': 79.0073032, 'electron_affinity': nan}
2026-01-22 15:53:44,711 - INFO - SELECT fragments.id AS fragments_id, fragments.formula AS fragments_formula, fragments.charge AS fragments_charge, fragments.molecular_weight AS fragments_molecular_weight, fragments.electron_affinity AS fragments_electron_affinity 
FROM fragments 
WHERE fragments.id = %(id_1)s 
 LIMIT %(param_1)s
2026-01-22 15:53:44,711 - INFO - [cached since 0.2026s ago] {'id_1': 51.0, 'param_1': 1}
2026-01-22 15:53:44,712 - INFO - \u2705 Inserted Fragment: {'id': 51.0, 'formula': 'C5F11O3', 'charge': -1.0, 'electron_affinity': nan, 'molecular_weight': 317.0341352}
2026-01-22 15:53:44,713 - INFO - INSERT INTO fragments (id, formula, charge, molecular_weight, electron_affinity) VALUES (%(id)s, %(formula)s, %(charge)s, %(molecular_weight)s, %(electron_affinity)s)
2026-01-22 15:53:44,713 - INFO - [cached since 0.1975s ago] {'id': 51.0, 'formula': 'C5F11O3', 'charge': -1.0, 'molecular_weight': 317.0341352, 'electron_affinity': nan}
2026-01-22 15:53:44,714 - INFO - SELECT fragments.id AS fragments_id, fragments.formula AS fragments_formula, fragments.charge AS fragments_charge, fragments.molecular_weight AS fragments_molecular_weight, fragments.electron_affinity AS fragments_electron_affinity 
FROM fragments 
WHERE fragments.id = %(id_1)s 
 LIMIT %(param_1)s
2026-01-22 15:53:44,714 - INFO - [cached since 0.2059s ago] {'id_1': 52.0, 'param_1': 1}
2026-01-22 15:53:44,715 - INFO - \u2705 Inserted Fragment: {'id': 52.0, 'formula': 'CF3O', 'charge': -1.0, 'electron_affinity': nan, 'molecular_weight': 85.00530959999999}
2026-01-22 15:53:44,717 - INFO - INSERT INTO fragments (id, formula, charge, molecular_weight, electron_affinity) VALUES (%(id)s, %(formula)s, %(charge)s, %(molecular_weight)s, %(electron_affinity)s)
2026-01-22 15:53:44,717 - INFO - [cached since 0.201s ago] {'id': 52.0, 'formula': 'CF3O', 'charge': -1.0, 'molecular_weight': 85.00530959999999, 'electron_affinity': nan}
2026-01-22 15:53:44,718 - INFO - SELECT fragments.id AS fragments_id, fragments.formula AS fragments_formula, fragments.charge AS fragments_charge, fragments.molecular_weight AS fragments_molecular_weight, fragments.electron_affinity AS fragments_electron_affinity 
FROM fragments 
WHERE fragments.id = %(id_1)s 
 LIMIT %(param_1)s
2026-01-22 15:53:44,718 - INFO - [cached since 0.2097s ago] {'id_1': 53.0, 'param_1': 1}
2026-01-22 15:53:44,719 - INFO - \u2705 Inserted Fragment: {'id': 53.0, 'formula': 'C10F20O5', 'charge': -1.0, 'electron_affinity': nan, 'molecular_weight': 580.072064}
2026-01-22 15:53:44,721 - INFO - INSERT INTO fragments (id, formula, charge, molecular_weight, electron_affinity) VALUES (%(id)s, %(formula)s, %(charge)s, %(molecular_weight)s, %(electron_affinity)s)
2026-01-22 15:53:44,721 - INFO - [cached since 0.2052s ago] {'id': 53.0, 'formula': 'C10F20O5', 'charge': -1.0, 'molecular_weight': 580.072064, 'electron_affinity': nan}
2026-01-22 15:53:44,722 - INFO - SELECT fragments.id AS fragments_id, fragments.formula AS fragments_formula, fragments.charge AS fragments_charge, fragments.molecular_weight AS fragments_molecular_weight, fragments.electron_affinity AS fragments_electron_affinity 
FROM fragments 
WHERE fragments.id = %(id_1)s 
 LIMIT %(param_1)s
2026-01-22 15:53:44,722 - INFO - [cached since 0.2139s ago] {'id_1': 54.0, 'param_1': 1}
2026-01-22 15:53:44,723 - INFO - \u2705 Inserted Fragment: {'id': 54.0, 'formula': 'C8F16O4', 'charge': -1.0, 'electron_affinity': nan, 'molecular_weight': 464.05765119999995}
2026-01-22 15:53:44,725 - INFO - INSERT INTO fragments (id, formula, charge, molecular_weight, electron_affinity) VALUES (%(id)s, %(formula)s, %(charge)s, %(molecular_weight)s, %(electron_affinity)s)
2026-01-22 15:53:44,725 - INFO - [cached since 0.2093s ago] {'id': 54.0, 'formula': 'C8F16O4', 'charge': -1.0, 'molecular_weight': 464.05765119999995, 'electron_affinity': nan}
2026-01-22 15:53:44,726 - INFO - SELECT fragments.id AS fragments_id, fragments.formula AS fragments_formula, fragments.charge AS fragments_charge, fragments.molecular_weight AS fragments_molecular_weight, fragments.electron_affinity AS fragments_electron_affinity 
FROM fragments 
WHERE fragments.id = %(id_1)s 
 LIMIT %(param_1)s
2026-01-22 15:53:44,726 - INFO - [cached since 0.2179s ago] {'id_1': 55.0, 'param_1': 1}
2026-01-22 15:53:44,727 - INFO - \u2705 Inserted Fragment: {'id': 55.0, 'formula': 'C2F5O', 'charge': -1.0, 'electron_affinity': nan, 'molecular_weight': 135.012816}
2026-01-22 15:53:44,728 - INFO - INSERT INTO fragments (id, formula, charge, molecular_weight, electron_affinity) VALUES (%(id)s, %(formula)s, %(charge)s, %(molecular_weight)s, %(electron_affinity)s)
2026-01-22 15:53:44,728 - INFO - [cached since 0.2125s ago] {'id': 55.0, 'formula': 'C2F5O', 'charge': -1.0, 'molecular_weight': 135.012816, 'electron_affinity': nan}
2026-01-22 15:53:44,729 - INFO - SELECT fragments.id AS fragments_id, fragments.formula AS fragments_formula, fragments.charge AS fragments_charge, fragments.molecular_weight AS fragments_molecular_weight, fragments.electron_affinity AS fragments_electron_affinity 
FROM fragments 
WHERE fragments.id = %(id_1)s 
 LIMIT %(param_1)s
2026-01-22 15:53:44,729 - INFO - [cached since 0.2207s ago] {'id_1': 56.0, 'param_1': 1}
2026-01-22 15:53:44,730 - INFO - \u2705 Inserted Fragment: {'id': 56.0, 'formula': 'C6F5', 'charge': -1.0, 'electron_affinity': nan, 'molecular_weight': 167.056216}
2026-01-22 15:53:44,731 - INFO - INSERT INTO fragments (id, formula, charge, molecular_weight, electron_affinity) VALUES (%(id)s, %(formula)s, %(charge)s, %(molecular_weight)s, %(electron_affinity)s)
2026-01-22 15:53:44,731 - INFO - [cached since 0.2153s ago] {'id': 56.0, 'formula': 'C6F5', 'charge': -1.0, 'molecular_weight': 167.056216, 'electron_affinity': nan}
2026-01-22 15:53:44,732 - INFO - SELECT fragments.id AS fragments_id, fragments.formula AS fragments_formula, fragments.charge AS fragments_charge, fragments.molecular_weight AS fragments_molecular_weight, fragments.electron_affinity AS fragments_electron_affinity 
FROM fragments 
WHERE fragments.id = %(id_1)s 
 LIMIT %(param_1)s
2026-01-22 15:53:44,732 - INFO - [cached since 0.2237s ago] {'id_1': 57.0, 'param_1': 1}
2026-01-22 15:53:44,733 - INFO - \u2705 Inserted Fragment: {'id': 57.0, 'formula': 'C5F5', 'charge': -1.0, 'electron_affinity': nan, 'molecular_weight': 155.045516}
2026-01-22 15:53:44,736 - INFO - INSERT INTO fragments (id, formula, charge, molecular_weight, electron_affinity) VALUES (%(id)s, %(formula)s, %(charge)s, %(molecular_weight)s, %(electron_affinity)s)
2026-01-22 15:53:44,737 - INFO - [cached since 0.2207s ago] {'id': 57.0, 'formula': 'C5F5', 'charge': -1.0, 'molecular_weight': 155.045516, 'electron_affinity': nan}
2026-01-22 15:53:44,738 - INFO - SELECT fragments.id AS fragments_id, fragments.formula AS fragments_formula, fragments.charge AS fragments_charge, fragments.molecular_weight AS fragments_molecular_weight, fragments.electron_affinity AS fragments_electron_affinity 
FROM fragments 
WHERE fragments.id = %(id_1)s 
 LIMIT %(param_1)s
2026-01-22 15:53:44,738 - INFO - [cached since 0.2296s ago] {'id_1': 58.0, 'param_1': 1}
2026-01-22 15:53:44,740 - INFO - \u2705 Inserted Fragment: {'id': 58.0, 'formula': 'C5F4', 'charge': -1.0, 'electron_affinity': nan, 'molecular_weight': 136.04711279999998}
2026-01-22 15:53:44,741 - INFO - INSERT INTO fragments (id, formula, charge, molecular_weight, electron_affinity) VALUES (%(id)s, %(formula)s, %(charge)s, %(molecular_weight)s, %(electron_affinity)s)
2026-01-22 15:53:44,741 - INFO - [cached since 0.2255s ago] {'id': 58.0, 'formula': 'C5F4', 'charge': -1.0, 'molecular_weight': 136.04711279999998, 'electron_affinity': nan}
2026-01-22 15:53:44,743 - INFO - SELECT fragments.id AS fragments_id, fragments.formula AS fragments_formula, fragments.charge AS fragments_charge, fragments.molecular_weight AS fragments_molecular_weight, fragments.electron_affinity AS fragments_electron_affinity 
FROM fragments 
WHERE fragments.id = %(id_1)s 
 LIMIT %(param_1)s
2026-01-22 15:53:44,743 - INFO - [cached since 0.2344s ago] {'id_1': 59.0, 'param_1': 1}
2026-01-22 15:53:44,744 - INFO - \u2705 Inserted Fragment: {'id': 59.0, 'formula': 'C5F3', 'charge': -1.0, 'electron_affinity': nan, 'molecular_weight': 117.0487096}
2026-01-22 15:53:44,745 - INFO - INSERT INTO fragments (id, formula, charge, molecular_weight, electron_affinity) VALUES (%(id)s, %(formula)s, %(charge)s, %(molecular_weight)s, %(electron_affinity)s)
2026-01-22 15:53:44,745 - INFO - [cached since 0.2291s ago] {'id': 59.0, 'formula': 'C5F3', 'charge': -1.0, 'molecular_weight': 117.0487096, 'electron_affinity': nan}
2026-01-22 15:53:44,746 - INFO - SELECT fragments.id AS fragments_id, fragments.formula AS fragments_formula, fragments.charge AS fragments_charge, fragments.molecular_weight AS fragments_molecular_weight, fragments.electron_affinity AS fragments_electron_affinity 
FROM fragments 
WHERE fragments.id = %(id_1)s 
 LIMIT %(param_1)s
2026-01-22 15:53:44,746 - INFO - [cached since 0.2374s ago] {'id_1': 60.0, 'param_1': 1}
2026-01-22 15:53:44,747 - INFO - \u2705 Inserted Fragment: {'id': 60.0, 'formula': 'C3F3', 'charge': -1.0, 'electron_affinity': nan, 'molecular_weight': 93.0273096}
2026-01-22 15:53:44,748 - INFO - INSERT INTO fragments (id, formula, charge, molecular_weight, electron_affinity) VALUES (%(id)s, %(formula)s, %(charge)s, %(molecular_weight)s, %(electron_affinity)s)
2026-01-22 15:53:44,748 - INFO - [cached since 0.2323s ago] {'id': 60.0, 'formula': 'C3F3', 'charge': -1.0, 'molecular_weight': 93.0273096, 'electron_affinity': nan}
2026-01-22 15:53:44,749 - INFO - SELECT fragments.id AS fragments_id, fragments.formula AS fragments_formula, fragments.charge AS fragments_charge, fragments.molecular_weight AS fragments_molecular_weight, fragments.electron_affinity AS fragments_electron_affinity 
FROM fragments 
WHERE fragments.id = %(id_1)s 
 LIMIT %(param_1)s
2026-01-22 15:53:44,749 - INFO - [cached since 0.2406s ago] {'id_1': 61.0, 'param_1': 1}
2026-01-22 15:53:44,750 - INFO - \u2705 Inserted Fragment: {'id': 61.0, 'formula': 'O', 'charge': -1.0, 'electron_affinity': nan, 'molecular_weight': 15.9994}
2026-01-22 15:53:44,751 - INFO - INSERT INTO fragments (id, formula, charge, molecular_weight, electron_affinity) VALUES (%(id)s, %(formula)s, %(charge)s, %(molecular_weight)s, %(electron_affinity)s)
2026-01-22 15:53:44,752 - INFO - [cached since 0.2357s ago] {'id': 61.0, 'formula': 'O', 'charge': -1.0, 'molecular_weight': 15.9994, 'electron_affinity': nan}
2026-01-22 15:53:44,753 - INFO - SELECT fragments.id AS fragments_id, fragments.formula AS fragments_formula, fragments.charge AS fragments_charge, fragments.molecular_weight AS fragments_molecular_weight, fragments.electron_affinity AS fragments_electron_affinity 
FROM fragments 
WHERE fragments.id = %(id_1)s 
 LIMIT %(param_1)s
2026-01-22 15:53:44,753 - INFO - [cached since 0.2447s ago] {'id_1': 62.0, 'param_1': 1}
2026-01-22 15:53:44,754 - INFO - \u2705 Inserted Fragment: {'id': 62.0, 'formula': 'CN', 'charge': -1.0, 'electron_affinity': nan, 'molecular_weight': 26.017400000000002}
2026-01-22 15:53:44,756 - INFO - INSERT INTO fragments (id, formula, charge, molecular_weight, electron_affinity) VALUES (%(id)s, %(formula)s, %(charge)s, %(molecular_weight)s, %(electron_affinity)s)
2026-01-22 15:53:44,756 - INFO - [cached since 0.2403s ago] {'id': 62.0, 'formula': 'CN', 'charge': -1.0, 'molecular_weight': 26.017400000000002, 'electron_affinity': nan}
2026-01-22 15:53:44,757 - INFO - SELECT fragments.id AS fragments_id, fragments.formula AS fragments_formula, fragments.charge AS fragments_charge, fragments.molecular_weight AS fragments_molecular_weight, fragments.electron_affinity AS fragments_electron_affinity 
FROM fragments 
WHERE fragments.id = %(id_1)s 
 LIMIT %(param_1)s
2026-01-22 15:53:44,757 - INFO - [cached since 0.2488s ago] {'id_1': 63.0, 'param_1': 1}
2026-01-22 15:53:44,758 - INFO - \u2705 Inserted Fragment: {'id': 63.0, 'formula': 'C6F5CN', 'charge': -1.0, 'electron_affinity': nan, 'molecular_weight': 193.073616}
2026-01-22 15:53:44,760 - INFO - INSERT INTO fragments (id, formula, charge, molecular_weight, electron_affinity) VALUES (%(id)s, %(formula)s, %(charge)s, %(molecular_weight)s, %(electron_affinity)s)
2026-01-22 15:53:44,760 - INFO - [cached since 0.244s ago] {'id': 63.0, 'formula': 'C6F5CN', 'charge': -1.0, 'molecular_weight': 193.073616, 'electron_affinity': nan}
2026-01-22 15:53:44,761 - INFO - SELECT fragments.id AS fragments_id, fragments.formula AS fragments_formula, fragments.charge AS fragments_charge, fragments.molecular_weight AS fragments_molecular_weight, fragments.electron_affinity AS fragments_electron_affinity 
FROM fragments 
WHERE fragments.id = %(id_1)s 
 LIMIT %(param_1)s
2026-01-22 15:53:44,761 - INFO - [cached since 0.2526s ago] {'id_1': 64.0, 'param_1': 1}
2026-01-22 15:53:44,762 - INFO - \u2705 Inserted Fragment: {'id': 64.0, 'formula': 'C6F4CN', 'charge': -1.0, 'electron_affinity': nan, 'molecular_weight': 174.0752128}
2026-01-22 15:53:44,764 - INFO - INSERT INTO fragments (id, formula, charge, molecular_weight, electron_affinity) VALUES (%(id)s, %(formula)s, %(charge)s, %(molecular_weight)s, %(electron_affinity)s)
2026-01-22 15:53:44,764 - INFO - [cached since 0.2481s ago] {'id': 64.0, 'formula': 'C6F4CN', 'charge': -1.0, 'molecular_weight': 174.0752128, 'electron_affinity': nan}
2026-01-22 15:53:44,766 - INFO - SELECT fragments.id AS fragments_id, fragments.formula AS fragments_formula, fragments.charge AS fragments_charge, fragments.molecular_weight AS fragments_molecular_weight, fragments.electron_affinity AS fragments_electron_affinity 
FROM fragments 
WHERE fragments.id = %(id_1)s 
 LIMIT %(param_1)s
2026-01-22 15:53:44,766 - INFO - [cached since 0.2574s ago] {'id_1': 65.0, 'param_1': 1}
2026-01-22 15:53:44,767 - INFO - \u2705 Inserted Fragment: {'id': 65.0, 'formula': 'C3H6ClO', 'charge': -1.0, 'electron_affinity': nan, 'molecular_weight': 93.53214}
2026-01-22 15:53:44,771 - INFO - INSERT INTO fragments (id, formula, charge, molecular_weight, electron_affinity) VALUES (%(id)s, %(formula)s, %(charge)s, %(molecular_weight)s, %(electron_affinity)s)
2026-01-22 15:53:44,771 - INFO - [cached since 0.2551s ago] {'id': 65.0, 'formula': 'C3H6ClO', 'charge': -1.0, 'molecular_weight': 93.53214, 'electron_affinity': nan}
2026-01-22 15:53:44,773 - INFO - SELECT fragments.id AS fragments_id, fragments.formula AS fragments_formula, fragments.charge AS fragments_charge, fragments.molecular_weight AS fragments_molecular_weight, fragments.electron_affinity AS fragments_electron_affinity 
FROM fragments 
WHERE fragments.id = %(id_1)s 
 LIMIT %(param_1)s
2026-01-22 15:53:44,773 - INFO - [cached since 0.2647s ago] {'id_1': 66.0, 'param_1': 1}
2026-01-22 15:53:44,774 - INFO - \u2705 Inserted Fragment: {'id': 66.0, 'formula': 'OH', 'charge': -1.0, 'electron_affinity': nan, 'molecular_weight': 17.00734}
2026-01-22 15:53:44,776 - INFO - INSERT INTO fragments (id, formula, charge, molecular_weight, electron_affinity) VALUES (%(id)s, %(formula)s, %(charge)s, %(molecular_weight)s, %(electron_affinity)s)
2026-01-22 15:53:44,776 - INFO - [cached since 0.2601s ago] {'id': 66.0, 'formula': 'OH', 'charge': -1.0, 'molecular_weight': 17.00734, 'electron_affinity': nan}
2026-01-22 15:53:44,777 - INFO - SELECT fragments.id AS fragments_id, fragments.formula AS fragments_formula, fragments.charge AS fragments_charge, fragments.molecular_weight AS fragments_molecular_weight, fragments.electron_affinity AS fragments_electron_affinity 
FROM fragments 
WHERE fragments.id = %(id_1)s 
 LIMIT %(param_1)s
2026-01-22 15:53:44,777 - INFO - [cached since 0.2686s ago] {'id_1': 67.0, 'param_1': 1}
2026-01-22 15:53:44,778 - INFO - \u2705 Inserted Fragment: {'id': 67.0, 'formula': 'C3H6ClO2', 'charge': -1.0, 'electron_affinity': nan, 'molecular_weight': 109.53154}
2026-01-22 15:53:44,780 - INFO - INSERT INTO fragments (id, formula, charge, molecular_weight, electron_affinity) VALUES (%(id)s, %(formula)s, %(charge)s, %(molecular_weight)s, %(electron_affinity)s)
2026-01-22 15:53:44,780 - INFO - [cached since 0.2638s ago] {'id': 67.0, 'formula': 'C3H6ClO2', 'charge': -1.0, 'molecular_weight': 109.53154, 'electron_affinity': nan}
2026-01-22 15:53:44,780 - INFO - SELECT fragments.id AS fragments_id, fragments.formula AS fragments_formula, fragments.charge AS fragments_charge, fragments.molecular_weight AS fragments_molecular_weight, fragments.electron_affinity AS fragments_electron_affinity 
FROM fragments 
WHERE fragments.id = %(id_1)s 
 LIMIT %(param_1)s
2026-01-22 15:53:44,781 - INFO - [cached since 0.2721s ago] {'id_1': 68.0, 'param_1': 1}
2026-01-22 15:53:44,781 - INFO - \u2705 Inserted Fragment: {'id': 68.0, 'formula': 'C3H5Cl2O', 'charge': -1.0, 'electron_affinity': nan, 'molecular_weight': 127.9772}
2026-01-22 15:53:44,783 - INFO - INSERT INTO fragments (id, formula, charge, molecular_weight, electron_affinity) VALUES (%(id)s, %(formula)s, %(charge)s, %(molecular_weight)s, %(electron_affinity)s)
2026-01-22 15:53:44,783 - INFO - [cached since 0.2673s ago] {'id': 68.0, 'formula': 'C3H5Cl2O', 'charge': -1.0, 'molecular_weight': 127.9772, 'electron_affinity': nan}
2026-01-22 15:53:44,785 - INFO - SELECT fragments.id AS fragments_id, fragments.formula AS fragments_formula, fragments.charge AS fragments_charge, fragments.molecular_weight AS fragments_molecular_weight, fragments.electron_affinity AS fragments_electron_affinity 
FROM fragments 
WHERE fragments.id = %(id_1)s 
 LIMIT %(param_1)s
2026-01-22 15:53:44,785 - INFO - [cached since 0.2766s ago] {'id_1': 69.0, 'param_1': 1}
2026-01-22 15:53:44,786 - INFO - \u2705 Inserted Fragment: {'id': 69.0, 'formula': 'C2H5Cl2', 'charge': -1.0, 'electron_affinity': nan, 'molecular_weight': 99.9671}
2026-01-22 15:53:44,788 - INFO - INSERT INTO fragments (id, formula, charge, molecular_weight, electron_affinity) VALUES (%(id)s, %(formula)s, %(charge)s, %(molecular_weight)s, %(electron_affinity)s)
2026-01-22 15:53:44,788 - INFO - [cached since 0.2723s ago] {'id': 69.0, 'formula': 'C2H5Cl2', 'charge': -1.0, 'molecular_weight': 99.9671, 'electron_affinity': nan}
2026-01-22 15:53:44,789 - INFO - SELECT fragments.id AS fragments_id, fragments.formula AS fragments_formula, fragments.charge AS fragments_charge, fragments.molecular_weight AS fragments_molecular_weight, fragments.electron_affinity AS fragments_electron_affinity 
FROM fragments 
WHERE fragments.id = %(id_1)s 
 LIMIT %(param_1)s
2026-01-22 15:53:44,789 - INFO - [cached since 0.2808s ago] {'id_1': 70.0, 'param_1': 1}
2026-01-22 15:53:44,790 - INFO - \u2705 Inserted Fragment: {'id': 70.0, 'formula': 'C3H6ClO', 'charge': -1.0, 'electron_affinity': nan, 'molecular_weight': 93.53214}
2026-01-22 15:53:44,792 - INFO - INSERT INTO fragments (id, formula, charge, molecular_weight, electron_affinity) VALUES (%(id)s, %(formula)s, %(charge)s, %(molecular_weight)s, %(electron_affinity)s)
2026-01-22 15:53:44,792 - INFO - [cached since 0.2758s ago] {'id': 70.0, 'formula': 'C3H6ClO', 'charge': -1.0, 'molecular_weight': 93.53214, 'electron_affinity': nan}
2026-01-22 15:53:44,792 - INFO - SELECT fragments.id AS fragments_id, fragments.formula AS fragments_formula, fragments.charge AS fragments_charge, fragments.molecular_weight AS fragments_molecular_weight, fragments.electron_affinity AS fragments_electron_affinity 
FROM fragments 
WHERE fragments.id = %(id_1)s 
 LIMIT %(param_1)s
2026-01-22 15:53:44,793 - INFO - [cached since 0.2841s ago] {'id_1': 71.0, 'param_1': 1}
2026-01-22 15:53:44,793 - INFO - \u2705 Inserted Fragment: {'id': 71.0, 'formula': 'C3H5ClO', 'charge': -1.0, 'electron_affinity': nan, 'molecular_weight': 92.5242}
2026-01-22 15:53:44,795 - INFO - INSERT INTO fragments (id, formula, charge, molecular_weight, electron_affinity) VALUES (%(id)s, %(formula)s, %(charge)s, %(molecular_weight)s, %(electron_affinity)s)
2026-01-22 15:53:44,795 - INFO - [cached since 0.2788s ago] {'id': 71.0, 'formula': 'C3H5ClO', 'charge': -1.0, 'molecular_weight': 92.5242, 'electron_affinity': nan}
2026-01-22 15:53:44,796 - INFO - SELECT fragments.id AS fragments_id, fragments.formula AS fragments_formula, fragments.charge AS fragments_charge, fragments.molecular_weight AS fragments_molecular_weight, fragments.electron_affinity AS fragments_electron_affinity 
FROM fragments 
WHERE fragments.id = %(id_1)s 
 LIMIT %(param_1)s
2026-01-22 15:53:44,796 - INFO - [cached since 0.2873s ago] {'id_1': 72.0, 'param_1': 1}
2026-01-22 15:53:44,796 - INFO - \u2705 Inserted Fragment: {'id': 72.0, 'formula': 'Cl2H', 'charge': -1.0, 'electron_affinity': nan, 'molecular_weight': 71.91394000000001}
2026-01-22 15:53:44,798 - INFO - INSERT INTO fragments (id, formula, charge, molecular_weight, electron_affinity) VALUES (%(id)s, %(formula)s, %(charge)s, %(molecular_weight)s, %(electron_affinity)s)
2026-01-22 15:53:44,798 - INFO - [cached since 0.2825s ago] {'id': 72.0, 'formula': 'Cl2H', 'charge': -1.0, 'molecular_weight': 71.91394000000001, 'electron_affinity': nan}
2026-01-22 15:53:44,799 - INFO - SELECT fragments.id AS fragments_id, fragments.formula AS fragments_formula, fragments.charge AS fragments_charge, fragments.molecular_weight AS fragments_molecular_weight, fragments.electron_affinity AS fragments_electron_affinity 
FROM fragments 
WHERE fragments.id = %(id_1)s 
 LIMIT %(param_1)s
2026-01-22 15:53:44,799 - INFO - [cached since 0.2909s ago] {'id_1': 73.0, 'param_1': 1}
2026-01-22 15:53:44,800 - INFO - \u2705 Inserted Fragment: {'id': 73.0, 'formula': 'Cl2', 'charge': -1.0, 'electron_affinity': nan, 'molecular_weight': 70.906}
2026-01-22 15:53:44,802 - INFO - INSERT INTO fragments (id, formula, charge, molecular_weight, electron_affinity) VALUES (%(id)s, %(formula)s, %(charge)s, %(molecular_weight)s, %(electron_affinity)s)
2026-01-22 15:53:44,802 - INFO - [cached since 0.2865s ago] {'id': 73.0, 'formula': 'Cl2', 'charge': -1.0, 'molecular_weight': 70.906, 'electron_affinity': nan}
2026-01-22 15:53:44,804 - INFO - SELECT fragments.id AS fragments_id, fragments.formula AS fragments_formula, fragments.charge AS fragments_charge, fragments.molecular_weight AS fragments_molecular_weight, fragments.electron_affinity AS fragments_electron_affinity 
FROM fragments 
WHERE fragments.id = %(id_1)s 
 LIMIT %(param_1)s
2026-01-22 15:53:44,804 - INFO - [cached since 0.2956s ago] {'id_1': 74.0, 'param_1': 1}
2026-01-22 15:53:44,805 - INFO - \u2705 Inserted Fragment: {'id': 74.0, 'formula': 'ClOH', 'charge': -1.0, 'electron_affinity': nan, 'molecular_weight': 52.46034}
2026-01-22 15:53:44,807 - INFO - INSERT INTO fragments (id, formula, charge, molecular_weight, electron_affinity) VALUES (%(id)s, %(formula)s, %(charge)s, %(molecular_weight)s, %(electron_affinity)s)
2026-01-22 15:53:44,807 - INFO - [cached since 0.291s ago] {'id': 74.0, 'formula': 'ClOH', 'charge': -1.0, 'molecular_weight': 52.46034, 'electron_affinity': nan}
2026-01-22 15:53:44,808 - INFO - SELECT fragments.id AS fragments_id, fragments.formula AS fragments_formula, fragments.charge AS fragments_charge, fragments.molecular_weight AS fragments_molecular_weight, fragments.electron_affinity AS fragments_electron_affinity 
FROM fragments 
WHERE fragments.id = %(id_1)s 
 LIMIT %(param_1)s
2026-01-22 15:53:44,809 - INFO - [cached since 0.3002s ago] {'id_1': 75.0, 'param_1': 1}
2026-01-22 15:53:44,810 - INFO - \u2705 Inserted Fragment: {'id': 75.0, 'formula': 'C2H5O', 'charge': -1.0, 'electron_affinity': nan, 'molecular_weight': 45.0605}
2026-01-22 15:53:44,811 - INFO - INSERT INTO fragments (id, formula, charge, molecular_weight, electron_affinity) VALUES (%(id)s, %(formula)s, %(charge)s, %(molecular_weight)s, %(electron_affinity)s)
2026-01-22 15:53:44,812 - INFO - [cached since 0.2957s ago] {'id': 75.0, 'formula': 'C2H5O', 'charge': -1.0, 'molecular_weight': 45.0605, 'electron_affinity': nan}
2026-01-22 15:53:44,813 - INFO - SELECT fragments.id AS fragments_id, fragments.formula AS fragments_formula, fragments.charge AS fragments_charge, fragments.molecular_weight AS fragments_molecular_weight, fragments.electron_affinity AS fragments_electron_affinity 
FROM fragments 
WHERE fragments.id = %(id_1)s 
 LIMIT %(param_1)s
2026-01-22 15:53:44,813 - INFO - [cached since 0.3042s ago] {'id_1': 76.0, 'param_1': 1}
2026-01-22 15:53:44,814 - INFO - \u2705 Inserted Fragment: {'id': 76.0, 'formula': 'C6H4BrO', 'charge': -1.0, 'electron_affinity': nan, 'molecular_weight': 171.99936}
2026-01-22 15:53:44,815 - INFO - INSERT INTO fragments (id, formula, charge, molecular_weight, electron_affinity) VALUES (%(id)s, %(formula)s, %(charge)s, %(molecular_weight)s, %(electron_affinity)s)
2026-01-22 15:53:44,815 - INFO - [cached since 0.2993s ago] {'id': 76.0, 'formula': 'C6H4BrO', 'charge': -1.0, 'molecular_weight': 171.99936, 'electron_affinity': nan}
2026-01-22 15:53:44,816 - INFO - SELECT fragments.id AS fragments_id, fragments.formula AS fragments_formula, fragments.charge AS fragments_charge, fragments.molecular_weight AS fragments_molecular_weight, fragments.electron_affinity AS fragments_electron_affinity 
FROM fragments 
WHERE fragments.id = %(id_1)s 
 LIMIT %(param_1)s
2026-01-22 15:53:44,816 - INFO - [cached since 0.3078s ago] {'id_1': 77.0, 'param_1': 1}
2026-01-22 15:53:44,817 - INFO - \u2705 Inserted Fragment: {'id': 77.0, 'formula': 'C12H9O', 'charge': -1.0, 'electron_affinity': nan, 'molecular_weight': 169.19926}
2026-01-22 15:53:44,819 - INFO - INSERT INTO fragments (id, formula, charge, molecular_weight, electron_affinity) VALUES (%(id)s, %(formula)s, %(charge)s, %(molecular_weight)s, %(electron_affinity)s)
2026-01-22 15:53:44,819 - INFO - [cached since 0.303s ago] {'id': 77.0, 'formula': 'C12H9O', 'charge': -1.0, 'molecular_weight': 169.19926, 'electron_affinity': nan}
2026-01-22 15:53:44,820 - INFO - SELECT fragments.id AS fragments_id, fragments.formula AS fragments_formula, fragments.charge AS fragments_charge, fragments.molecular_weight AS fragments_molecular_weight, fragments.electron_affinity AS fragments_electron_affinity 
FROM fragments 
WHERE fragments.id = %(id_1)s 
 LIMIT %(param_1)s
2026-01-22 15:53:44,820 - INFO - [cached since 0.3115s ago] {'id_1': 78.0, 'param_1': 1}
2026-01-22 15:53:44,821 - INFO - \u2705 Inserted Fragment: {'id': 78.0, 'formula': 'C6H5O', 'charge': -1.0, 'electron_affinity': nan, 'molecular_weight': 93.10329999999999}
2026-01-22 15:53:44,822 - INFO - INSERT INTO fragments (id, formula, charge, molecular_weight, electron_affinity) VALUES (%(id)s, %(formula)s, %(charge)s, %(molecular_weight)s, %(electron_affinity)s)
2026-01-22 15:53:44,822 - INFO - [cached since 0.3063s ago] {'id': 78.0, 'formula': 'C6H5O', 'charge': -1.0, 'molecular_weight': 93.10329999999999, 'electron_affinity': nan}
2026-01-22 15:53:44,823 - INFO - SELECT fragments.id AS fragments_id, fragments.formula AS fragments_formula, fragments.charge AS fragments_charge, fragments.molecular_weight AS fragments_molecular_weight, fragments.electron_affinity AS fragments_electron_affinity 
FROM fragments 
WHERE fragments.id = %(id_1)s 
 LIMIT %(param_1)s
2026-01-22 15:53:44,823 - INFO - [cached since 0.3148s ago] {'id_1': 79.0, 'param_1': 1}
2026-01-22 15:53:44,824 - INFO - \u2705 Inserted Fragment: {'id': 79.0, 'formula': 'C6H5', 'charge': -1.0, 'electron_affinity': nan, 'molecular_weight': 77.1039}
2026-01-22 15:53:44,826 - INFO - INSERT INTO fragments (id, formula, charge, molecular_weight, electron_affinity) VALUES (%(id)s, %(formula)s, %(charge)s, %(molecular_weight)s, %(electron_affinity)s)
2026-01-22 15:53:44,826 - INFO - [cached since 0.3098s ago] {'id': 79.0, 'formula': 'C6H5', 'charge': -1.0, 'molecular_weight': 77.1039, 'electron_affinity': nan}
2026-01-22 15:53:44,827 - INFO - SELECT fragments.id AS fragments_id, fragments.formula AS fragments_formula, fragments.charge AS fragments_charge, fragments.molecular_weight AS fragments_molecular_weight, fragments.electron_affinity AS fragments_electron_affinity 
FROM fragments 
WHERE fragments.id = %(id_1)s 
 LIMIT %(param_1)s
2026-01-22 15:53:44,827 - INFO - [cached since 0.3187s ago] {'id_1': 80.0, 'param_1': 1}
2026-01-22 15:53:44,828 - INFO - \u2705 Inserted Fragment: {'id': 80.0, 'formula': 'C12H8BrO', 'charge': -1.0, 'electron_affinity': nan, 'molecular_weight': 248.09532000000002}
2026-01-22 15:53:44,830 - INFO - INSERT INTO fragments (id, formula, charge, molecular_weight, electron_affinity) VALUES (%(id)s, %(formula)s, %(charge)s, %(molecular_weight)s, %(electron_affinity)s)
2026-01-22 15:53:44,831 - INFO - [cached since 0.3146s ago] {'id': 80.0, 'formula': 'C12H8BrO', 'charge': -1.0, 'molecular_weight': 248.09532000000002, 'electron_affinity': nan}
2026-01-22 15:53:44,832 - INFO - SELECT fragments.id AS fragments_id, fragments.formula AS fragments_formula, fragments.charge AS fragments_charge, fragments.molecular_weight AS fragments_molecular_weight, fragments.electron_affinity AS fragments_electron_affinity 
FROM fragments 
WHERE fragments.id = %(id_1)s 
 LIMIT %(param_1)s
2026-01-22 15:53:44,832 - INFO - [cached since 0.3236s ago] {'id_1': 81.0, 'param_1': 1}
2026-01-22 15:53:44,833 - INFO - \u2705 Inserted Fragment: {'id': 81.0, 'formula': 'BrC6H4O', 'charge': -1.0, 'electron_affinity': nan, 'molecular_weight': 171.99936}
2026-01-22 15:53:44,835 - INFO - INSERT INTO fragments (id, formula, charge, molecular_weight, electron_affinity) VALUES (%(id)s, %(formula)s, %(charge)s, %(molecular_weight)s, %(electron_affinity)s)
2026-01-22 15:53:44,835 - INFO - [cached since 0.3189s ago] {'id': 81.0, 'formula': 'BrC6H4O', 'charge': -1.0, 'molecular_weight': 171.99936, 'electron_affinity': nan}
2026-01-22 15:53:44,836 - INFO - SELECT fragments.id AS fragments_id, fragments.formula AS fragments_formula, fragments.charge AS fragments_charge, fragments.molecular_weight AS fragments_molecular_weight, fragments.electron_affinity AS fragments_electron_affinity 
FROM fragments 
WHERE fragments.id = %(id_1)s 
 LIMIT %(param_1)s
2026-01-22 15:53:44,837 - INFO - [cached since 0.328s ago] {'id_1': 82.0, 'param_1': 1}
2026-01-22 15:53:44,837 - INFO - \u2705 Inserted Fragment: {'id': 82.0, 'formula': 'Br2', 'charge': -1.0, 'electron_affinity': nan, 'molecular_weight': 159.808}
2026-01-22 15:53:44,839 - INFO - INSERT INTO fragments (id, formula, charge, molecular_weight, electron_affinity) VALUES (%(id)s, %(formula)s, %(charge)s, %(molecular_weight)s, %(electron_affinity)s)
2026-01-22 15:53:44,840 - INFO - [cached since 0.3237s ago] {'id': 82.0, 'formula': 'Br2', 'charge': -1.0, 'molecular_weight': 159.808, 'electron_affinity': nan}
2026-01-22 15:53:44,841 - INFO - SELECT fragments.id AS fragments_id, fragments.formula AS fragments_formula, fragments.charge AS fragments_charge, fragments.molecular_weight AS fragments_molecular_weight, fragments.electron_affinity AS fragments_electron_affinity 
FROM fragments 
WHERE fragments.id = %(id_1)s 
 LIMIT %(param_1)s
2026-01-22 15:53:44,841 - INFO - [cached since 0.3323s ago] {'id_1': 83.0, 'param_1': 1}
2026-01-22 15:53:44,842 - INFO - \u2705 Inserted Fragment: {'id': 83.0, 'formula': 'C12H8Br2O', 'charge': -1.0, 'electron_affinity': nan, 'molecular_weight': 327.99931999999995}
2026-01-22 15:53:44,844 - INFO - INSERT INTO fragments (id, formula, charge, molecular_weight, electron_affinity) VALUES (%(id)s, %(formula)s, %(charge)s, %(molecular_weight)s, %(electron_affinity)s)
2026-01-22 15:53:44,844 - INFO - [cached since 0.3282s ago] {'id': 83.0, 'formula': 'C12H8Br2O', 'charge': -1.0, 'molecular_weight': 327.99931999999995, 'electron_affinity': nan}
2026-01-22 15:53:44,845 - INFO - SELECT fragments.id AS fragments_id, fragments.formula AS fragments_formula, fragments.charge AS fragments_charge, fragments.molecular_weight AS fragments_molecular_weight, fragments.electron_affinity AS fragments_electron_affinity 
FROM fragments 
WHERE fragments.id = %(id_1)s 
 LIMIT %(param_1)s
2026-01-22 15:53:44,845 - INFO - [cached since 0.337s ago] {'id_1': 84.0, 'param_1': 1}
2026-01-22 15:53:44,846 - INFO - \u2705 Inserted Fragment: {'id': 84.0, 'formula': 'C12Br10O', 'charge': -1.0, 'electron_affinity': nan, 'molecular_weight': 959.1678}
2026-01-22 15:53:44,848 - INFO - INSERT INTO fragments (id, formula, charge, molecular_weight, electron_affinity) VALUES (%(id)s, %(formula)s, %(charge)s, %(molecular_weight)s, %(electron_affinity)s)
2026-01-22 15:53:44,848 - INFO - [cached since 0.3318s ago] {'id': 84.0, 'formula': 'C12Br10O', 'charge': -1.0, 'molecular_weight': 959.1678, 'electron_affinity': nan}
2026-01-22 15:53:44,848 - INFO - SELECT fragments.id AS fragments_id, fragments.formula AS fragments_formula, fragments.charge AS fragments_charge, fragments.molecular_weight AS fragments_molecular_weight, fragments.electron_affinity AS fragments_electron_affinity 
FROM fragments 
WHERE fragments.id = %(id_1)s 
 LIMIT %(param_1)s
2026-01-22 15:53:44,849 - INFO - [cached since 0.34s ago] {'id_1': 85.0, 'param_1': 1}
2026-01-22 15:53:44,849 - INFO - \u2705 Inserted Fragment: {'id': 85.0, 'formula': 'C12Br9O', 'charge': -1.0, 'electron_affinity': nan, 'molecular_weight': 879.2638000000001}
2026-01-22 15:53:44,850 - INFO - INSERT INTO fragments (id, formula, charge, molecular_weight, electron_affinity) VALUES (%(id)s, %(formula)s, %(charge)s, %(molecular_weight)s, %(electron_affinity)s)
2026-01-22 15:53:44,850 - INFO - [cached since 0.3345s ago] {'id': 85.0, 'formula': 'C12Br9O', 'charge': -1.0, 'molecular_weight': 879.2638000000001, 'electron_affinity': nan}
2026-01-22 15:53:44,851 - INFO - SELECT fragments.id AS fragments_id, fragments.formula AS fragments_formula, fragments.charge AS fragments_charge, fragments.molecular_weight AS fragments_molecular_weight, fragments.electron_affinity AS fragments_electron_affinity 
FROM fragments 
WHERE fragments.id = %(id_1)s 
 LIMIT %(param_1)s
2026-01-22 15:53:44,852 - INFO - [cached since 0.3431s ago] {'id_1': 86.0, 'param_1': 1}
2026-01-22 15:53:44,852 - INFO - \u2705 Inserted Fragment: {'id': 86.0, 'formula': 'C12Br8O', 'charge': -1.0, 'electron_affinity': nan, 'molecular_weight': 799.3598000000001}
2026-01-22 15:53:44,854 - INFO - INSERT INTO fragments (id, formula, charge, molecular_weight, electron_affinity) VALUES (%(id)s, %(formula)s, %(charge)s, %(molecular_weight)s, %(electron_affinity)s)
2026-01-22 15:53:44,854 - INFO - [cached since 0.3379s ago] {'id': 86.0, 'formula': 'C12Br8O', 'charge': -1.0, 'molecular_weight': 799.3598000000001, 'electron_affinity': nan}
2026-01-22 15:53:44,854 - INFO - SELECT fragments.id AS fragments_id, fragments.formula AS fragments_formula, fragments.charge AS fragments_charge, fragments.molecular_weight AS fragments_molecular_weight, fragments.electron_affinity AS fragments_electron_affinity 
FROM fragments 
WHERE fragments.id = %(id_1)s 
 LIMIT %(param_1)s
2026-01-22 15:53:44,855 - INFO - [cached since 0.346s ago] {'id_1': 87.0, 'param_1': 1}
2026-01-22 15:53:44,855 - INFO - \u2705 Inserted Fragment: {'id': 87.0, 'formula': 'C6Br5O', 'charge': -1.0, 'electron_affinity': nan, 'molecular_weight': 487.5836}
2026-01-22 15:53:44,857 - INFO - INSERT INTO fragments (id, formula, charge, molecular_weight, electron_affinity) VALUES (%(id)s, %(formula)s, %(charge)s, %(molecular_weight)s, %(electron_affinity)s)
2026-01-22 15:53:44,857 - INFO - [cached since 0.3413s ago] {'id': 87.0, 'formula': 'C6Br5O', 'charge': -1.0, 'molecular_weight': 487.5836, 'electron_affinity': nan}
2026-01-22 15:53:44,858 - INFO - SELECT fragments.id AS fragments_id, fragments.formula AS fragments_formula, fragments.charge AS fragments_charge, fragments.molecular_weight AS fragments_molecular_weight, fragments.electron_affinity AS fragments_electron_affinity 
FROM fragments 
WHERE fragments.id = %(id_1)s 
 LIMIT %(param_1)s
2026-01-22 15:53:44,858 - INFO - [cached since 0.3496s ago] {'id_1': 88.0, 'param_1': 1}
2026-01-22 15:53:44,859 - INFO - \u2705 Inserted Fragment: {'id': 88.0, 'formula': 'C6Br5', 'charge': -1.0, 'electron_affinity': nan, 'molecular_weight': 471.5842}
2026-01-22 15:53:44,860 - INFO - INSERT INTO fragments (id, formula, charge, molecular_weight, electron_affinity) VALUES (%(id)s, %(formula)s, %(charge)s, %(molecular_weight)s, %(electron_affinity)s)
2026-01-22 15:53:44,860 - INFO - [cached since 0.3441s ago] {'id': 88.0, 'formula': 'C6Br5', 'charge': -1.0, 'molecular_weight': 471.5842, 'electron_affinity': nan}
2026-01-22 15:53:44,861 - INFO - SELECT fragments.id AS fragments_id, fragments.formula AS fragments_formula, fragments.charge AS fragments_charge, fragments.molecular_weight AS fragments_molecular_weight, fragments.electron_affinity AS fragments_electron_affinity 
FROM fragments 
WHERE fragments.id = %(id_1)s 
 LIMIT %(param_1)s
2026-01-22 15:53:44,861 - INFO - [cached since 0.3523s ago] {'id_1': 89.0, 'param_1': 1}
2026-01-22 15:53:44,861 - INFO - \u2705 Inserted Fragment: {'id': 89.0, 'formula': 'C6Cl6', 'charge': -1.0, 'electron_affinity': nan, 'molecular_weight': 284.7822}
2026-01-22 15:53:44,863 - INFO - INSERT INTO fragments (id, formula, charge, molecular_weight, electron_affinity) VALUES (%(id)s, %(formula)s, %(charge)s, %(molecular_weight)s, %(electron_affinity)s)
2026-01-22 15:53:44,863 - INFO - [cached since 0.3474s ago] {'id': 89.0, 'formula': 'C6Cl6', 'charge': -1.0, 'molecular_weight': 284.7822, 'electron_affinity': nan}
2026-01-22 15:53:44,864 - INFO - SELECT fragments.id AS fragments_id, fragments.formula AS fragments_formula, fragments.charge AS fragments_charge, fragments.molecular_weight AS fragments_molecular_weight, fragments.electron_affinity AS fragments_electron_affinity 
FROM fragments 
WHERE fragments.id = %(id_1)s 
 LIMIT %(param_1)s
2026-01-22 15:53:44,864 - INFO - [cached since 0.3559s ago] {'id_1': 90.0, 'param_1': 1}
2026-01-22 15:53:44,865 - INFO - \u2705 Inserted Fragment: {'id': 90.0, 'formula': 'C6Cl5', 'charge': -1.0, 'electron_affinity': nan, 'molecular_weight': 249.32920000000001}
2026-01-22 15:53:44,866 - INFO - INSERT INTO fragments (id, formula, charge, molecular_weight, electron_affinity) VALUES (%(id)s, %(formula)s, %(charge)s, %(molecular_weight)s, %(electron_affinity)s)
2026-01-22 15:53:44,866 - INFO - [cached since 0.3504s ago] {'id': 90.0, 'formula': 'C6Cl5', 'charge': -1.0, 'molecular_weight': 249.32920000000001, 'electron_affinity': nan}
2026-01-22 15:53:44,867 - INFO - SELECT fragments.id AS fragments_id, fragments.formula AS fragments_formula, fragments.charge AS fragments_charge, fragments.molecular_weight AS fragments_molecular_weight, fragments.electron_affinity AS fragments_electron_affinity 
FROM fragments 
WHERE fragments.id = %(id_1)s 
 LIMIT %(param_1)s
2026-01-22 15:53:44,867 - INFO - [cached since 0.3587s ago] {'id_1': 91.0, 'param_1': 1}
2026-01-22 15:53:44,868 - INFO - \u2705 Inserted Fragment: {'id': 91.0, 'formula': 'C6Cl4', 'charge': -1.0, 'electron_affinity': nan, 'molecular_weight': 213.8762}
2026-01-22 15:53:44,870 - INFO - INSERT INTO fragments (id, formula, charge, molecular_weight, electron_affinity) VALUES (%(id)s, %(formula)s, %(charge)s, %(molecular_weight)s, %(electron_affinity)s)
2026-01-22 15:53:44,870 - INFO - [cached since 0.3545s ago] {'id': 91.0, 'formula': 'C6Cl4', 'charge': -1.0, 'molecular_weight': 213.8762, 'electron_affinity': nan}
2026-01-22 15:53:44,872 - INFO - SELECT fragments.id AS fragments_id, fragments.formula AS fragments_formula, fragments.charge AS fragments_charge, fragments.molecular_weight AS fragments_molecular_weight, fragments.electron_affinity AS fragments_electron_affinity 
FROM fragments 
WHERE fragments.id = %(id_1)s 
 LIMIT %(param_1)s
2026-01-22 15:53:44,872 - INFO - [cached since 0.3635s ago] {'id_1': 92.0, 'param_1': 1}
2026-01-22 15:53:44,873 - INFO - \u2705 Inserted Fragment: {'id': 92.0, 'formula': 'C4H3BrN2O2', 'charge': -1.0, 'electron_affinity': nan, 'molecular_weight': 190.98281999999998}
2026-01-22 15:53:44,875 - INFO - INSERT INTO fragments (id, formula, charge, molecular_weight, electron_affinity) VALUES (%(id)s, %(formula)s, %(charge)s, %(molecular_weight)s, %(electron_affinity)s)
2026-01-22 15:53:44,875 - INFO - [cached since 0.3588s ago] {'id': 92.0, 'formula': 'C4H3BrN2O2', 'charge': -1.0, 'molecular_weight': 190.98281999999998, 'electron_affinity': nan}
2026-01-22 15:53:44,876 - INFO - SELECT fragments.id AS fragments_id, fragments.formula AS fragments_formula, fragments.charge AS fragments_charge, fragments.molecular_weight AS fragments_molecular_weight, fragments.electron_affinity AS fragments_electron_affinity 
FROM fragments 
WHERE fragments.id = %(id_1)s 
 LIMIT %(param_1)s
2026-01-22 15:53:44,876 - INFO - [cached since 0.3676s ago] {'id_1': 93.0, 'param_1': 1}
2026-01-22 15:53:44,877 - INFO - \u2705 Inserted Fragment: {'id': 93.0, 'formula': 'C4H3N2O2', 'charge': -1.0, 'electron_affinity': nan, 'molecular_weight': 111.07882000000001}
2026-01-22 15:53:44,878 - INFO - INSERT INTO fragments (id, formula, charge, molecular_weight, electron_affinity) VALUES (%(id)s, %(formula)s, %(charge)s, %(molecular_weight)s, %(electron_affinity)s)
2026-01-22 15:53:44,879 - INFO - [cached since 0.3627s ago] {'id': 93.0, 'formula': 'C4H3N2O2', 'charge': -1.0, 'molecular_weight': 111.07882000000001, 'electron_affinity': nan}
2026-01-22 15:53:44,880 - INFO - SELECT fragments.id AS fragments_id, fragments.formula AS fragments_formula, fragments.charge AS fragments_charge, fragments.molecular_weight AS fragments_molecular_weight, fragments.electron_affinity AS fragments_electron_affinity 
FROM fragments 
WHERE fragments.id = %(id_1)s 
 LIMIT %(param_1)s
2026-01-22 15:53:44,880 - INFO - [cached since 0.3712s ago] {'id_1': 94.0, 'param_1': 1}
2026-01-22 15:53:44,881 - INFO - \u2705 Inserted Fragment: {'id': 94.0, 'formula': 'OCN', 'charge': -1.0, 'electron_affinity': nan, 'molecular_weight': 42.0168}
2026-01-22 15:53:44,882 - INFO - INSERT INTO fragments (id, formula, charge, molecular_weight, electron_affinity) VALUES (%(id)s, %(formula)s, %(charge)s, %(molecular_weight)s, %(electron_affinity)s)
2026-01-22 15:53:44,882 - INFO - [cached since 0.3663s ago] {'id': 94.0, 'formula': 'OCN', 'charge': -1.0, 'molecular_weight': 42.0168, 'electron_affinity': nan}
2026-01-22 15:53:44,883 - INFO - SELECT fragments.id AS fragments_id, fragments.formula AS fragments_formula, fragments.charge AS fragments_charge, fragments.molecular_weight AS fragments_molecular_weight, fragments.electron_affinity AS fragments_electron_affinity 
FROM fragments 
WHERE fragments.id = %(id_1)s 
 LIMIT %(param_1)s
2026-01-22 15:53:44,883 - INFO - [cached since 0.3746s ago] {'id_1': 95.0, 'param_1': 1}
2026-01-22 15:53:44,884 - INFO - \u2705 Inserted Fragment: {'id': 95.0, 'formula': 'H2C3NO', 'charge': -1.0, 'electron_affinity': nan, 'molecular_weight': 68.05408}
2026-01-22 15:53:44,886 - INFO - INSERT INTO fragments (id, formula, charge, molecular_weight, electron_affinity) VALUES (%(id)s, %(formula)s, %(charge)s, %(molecular_weight)s, %(electron_affinity)s)
2026-01-22 15:53:44,886 - INFO - [cached since 0.3701s ago] {'id': 95.0, 'formula': 'H2C3NO', 'charge': -1.0, 'molecular_weight': 68.05408, 'electron_affinity': nan}
2026-01-22 15:53:44,887 - INFO - SELECT fragments.id AS fragments_id, fragments.formula AS fragments_formula, fragments.charge AS fragments_charge, fragments.molecular_weight AS fragments_molecular_weight, fragments.electron_affinity AS fragments_electron_affinity 
FROM fragments 
WHERE fragments.id = %(id_1)s 
 LIMIT %(param_1)s
2026-01-22 15:53:44,887 - INFO - [cached since 0.3785s ago] {'id_1': 96.0, 'param_1': 1}
2026-01-22 15:53:44,888 - INFO - \u2705 Inserted Fragment: {'id': 96.0, 'formula': 'C4H3ClN2O2', 'charge': -1.0, 'electron_affinity': nan, 'molecular_weight': 146.53182}
2026-01-22 15:53:44,889 - INFO - INSERT INTO fragments (id, formula, charge, molecular_weight, electron_affinity) VALUES (%(id)s, %(formula)s, %(charge)s, %(molecular_weight)s, %(electron_affinity)s)
2026-01-22 15:53:44,889 - INFO - [cached since 0.3733s ago] {'id': 96.0, 'formula': 'C4H3ClN2O2', 'charge': -1.0, 'molecular_weight': 146.53182, 'electron_affinity': nan}
2026-01-22 15:53:44,890 - INFO - SELECT fragments.id AS fragments_id, fragments.formula AS fragments_formula, fragments.charge AS fragments_charge, fragments.molecular_weight AS fragments_molecular_weight, fragments.electron_affinity AS fragments_electron_affinity 
FROM fragments 
WHERE fragments.id = %(id_1)s 
 LIMIT %(param_1)s
2026-01-22 15:53:44,890 - INFO - [cached since 0.3817s ago] {'id_1': 97.0, 'param_1': 1}
2026-01-22 15:53:44,891 - INFO - \u2705 Inserted Fragment: {'id': 97.0, 'formula': 'C4H2N2O2', 'charge': -1.0, 'electron_affinity': nan, 'molecular_weight': 110.07088}
2026-01-22 15:53:44,893 - INFO - INSERT INTO fragments (id, formula, charge, molecular_weight, electron_affinity) VALUES (%(id)s, %(formula)s, %(charge)s, %(molecular_weight)s, %(electron_affinity)s)
2026-01-22 15:53:44,893 - INFO - [cached since 0.3768s ago] {'id': 97.0, 'formula': 'C4H2N2O2', 'charge': -1.0, 'molecular_weight': 110.07088, 'electron_affinity': nan}
2026-01-22 15:53:44,894 - INFO - SELECT fragments.id AS fragments_id, fragments.formula AS fragments_formula, fragments.charge AS fragments_charge, fragments.molecular_weight AS fragments_molecular_weight, fragments.electron_affinity AS fragments_electron_affinity 
FROM fragments 
WHERE fragments.id = %(id_1)s 
 LIMIT %(param_1)s
2026-01-22 15:53:44,894 - INFO - [cached since 0.3853s ago] {'id_1': 98.0, 'param_1': 1}
2026-01-22 15:53:44,895 - INFO - \u2705 Inserted Fragment: {'id': 98.0, 'formula': 'C4H3IN2O2', 'charge': -1.0, 'electron_affinity': nan, 'molecular_weight': 237.98328999999998}
2026-01-22 15:53:44,897 - INFO - INSERT INTO fragments (id, formula, charge, molecular_weight, electron_affinity) VALUES (%(id)s, %(formula)s, %(charge)s, %(molecular_weight)s, %(electron_affinity)s)
2026-01-22 15:53:44,897 - INFO - [cached since 0.3808s ago] {'id': 98.0, 'formula': 'C4H3IN2O2', 'charge': -1.0, 'molecular_weight': 237.98328999999998, 'electron_affinity': nan}
2026-01-22 15:53:44,898 - INFO - SELECT fragments.id AS fragments_id, fragments.formula AS fragments_formula, fragments.charge AS fragments_charge, fragments.molecular_weight AS fragments_molecular_weight, fragments.electron_affinity AS fragments_electron_affinity 
FROM fragments 
WHERE fragments.id = %(id_1)s 
 LIMIT %(param_1)s
2026-01-22 15:53:44,898 - INFO - [cached since 0.3892s ago] {'id_1': 99.0, 'param_1': 1}
2026-01-22 15:53:44,898 - INFO - \u2705 Inserted Fragment: {'id': 99.0, 'formula': 'C4H3FN2O2', 'charge': -1.0, 'electron_affinity': nan, 'molecular_weight': 130.0772232}
2026-01-22 15:53:44,900 - INFO - INSERT INTO fragments (id, formula, charge, molecular_weight, electron_affinity) VALUES (%(id)s, %(formula)s, %(charge)s, %(molecular_weight)s, %(electron_affinity)s)
2026-01-22 15:53:44,900 - INFO - [cached since 0.384s ago] {'id': 99.0, 'formula': 'C4H3FN2O2', 'charge': -1.0, 'molecular_weight': 130.0772232, 'electron_affinity': nan}
2026-01-22 15:53:44,901 - INFO - SELECT fragments.id AS fragments_id, fragments.formula AS fragments_formula, fragments.charge AS fragments_charge, fragments.molecular_weight AS fragments_molecular_weight, fragments.electron_affinity AS fragments_electron_affinity 
FROM fragments 
WHERE fragments.id = %(id_1)s 
 LIMIT %(param_1)s
2026-01-22 15:53:44,901 - INFO - [cached since 0.3927s ago] {'id_1': 100.0, 'param_1': 1}
2026-01-22 15:53:44,902 - INFO - \u2705 Inserted Fragment: {'id': 100.0, 'formula': 'CN2OH', 'charge': -1.0, 'electron_affinity': nan, 'molecular_weight': 57.03144}
2026-01-22 15:53:44,903 - INFO - INSERT INTO fragments (id, formula, charge, molecular_weight, electron_affinity) VALUES (%(id)s, %(formula)s, %(charge)s, %(molecular_weight)s, %(electron_affinity)s)
2026-01-22 15:53:44,903 - INFO - [cached since 0.3875s ago] {'id': 100.0, 'formula': 'CN2OH', 'charge': -1.0, 'molecular_weight': 57.03144, 'electron_affinity': nan}
2026-01-22 15:53:44,906 - INFO - SELECT paper_molecule_link.id AS paper_molecule_link_id 
FROM paper_molecule_link
2026-01-22 15:53:44,906 - INFO - [generated in 0.00043s] {}
2026-01-22 15:53:44,910 - INFO - SELECT fragments.formula AS fragments_formula, fragments.id AS fragments_id 
FROM fragments
2026-01-22 15:53:44,910 - INFO - [generated in 0.00039s] {}
2026-01-22 15:53:44,916 - INFO - \U0001f504 Found fragment_id 2 for fragment_formula Cl
2026-01-22 15:53:44,916 - INFO - \U0001f504 Found fragment_id 2 for fragment_formula Cl
2026-01-22 15:53:44,917 - INFO - \U0001f504 Found fragment_id 2 for fragment_formula Cl
2026-01-22 15:53:44,917 - INFO - \U0001f504 Found fragment_id 2 for fragment_formula Cl
2026-01-22 15:53:44,917 - INFO - \U0001f504 Found fragment_id 2 for fragment_formula Cl
2026-01-22 15:53:44,917 - INFO - \U0001f504 Found fragment_id 2 for fragment_formula Cl
2026-01-22 15:53:44,917 - INFO - \U0001f504 Found fragment_id 2 for fragment_formula Cl
2026-01-22 15:53:44,917 - INFO - \U0001f504 Found fragment_id 2 for fragment_formula Cl
2026-01-22 15:53:44,917 - INFO - \U0001f504 Found fragment_id 2 for fragment_formula Cl
2026-01-22 15:53:44,917 - INFO - \U0001f504 Found fragment_id 2 for fragment_formula Cl
2026-01-22 15:53:44,917 - INFO - \U0001f504 Found fragment_id 2 for fragment_formula Cl
2026-01-22 15:53:44,918 - INFO - \U0001f504 Found fragment_id 2 for fragment_formula Cl
2026-01-22 15:53:44,918 - INFO - \U0001f504 Found fragment_id 2 for fragment_formula Cl
2026-01-22 15:53:44,918 - INFO - \U0001f504 Found fragment_id 2 for fragment_formula Cl
2026-01-22 15:53:44,918 - INFO - \U0001f504 Found fragment_id 2 for fragment_formula Cl
2026-01-22 15:53:44,918 - INFO - \U0001f504 Found fragment_id 2 for fragment_formula Cl
2026-01-22 15:53:44,918 - INFO - \U0001f504 Found fragment_id 2 for fragment_formula Cl
2026-01-22 15:53:44,918 - INFO - \U0001f504 Found fragment_id 2 for fragment_formula Cl
2026-01-22 15:53:44,918 - INFO - \U0001f504 Found fragment_id 2 for fragment_formula Cl
2026-01-22 15:53:44,918 - INFO - \U0001f504 Found fragment_id 2 for fragment_formula Cl
2026-01-22 15:53:44,919 - INFO - \U0001f504 Found fragment_id 2 for fragment_formula Cl
2026-01-22 15:53:44,919 - INFO - \U0001f504 Found fragment_id 2 for fragment_formula Cl
2026-01-22 15:53:44,919 - INFO - \U0001f504 Found fragment_id 2 for fragment_formula Cl
2026-01-22 15:53:44,919 - INFO - \U0001f504 Found fragment_id 2 for fragment_formula Cl
2026-01-22 15:53:44,919 - INFO - \U0001f504 Found fragment_id 2 for fragment_formula Cl
2026-01-22 15:53:44,920 - INFO - \U0001f504 Found fragment_id 2 for fragment_formula Cl
2026-01-22 15:53:44,920 - INFO - \U0001f504 Found fragment_id 2 for fragment_formula Cl
2026-01-22 15:53:44,920 - INFO - \U0001f504 Found fragment_id 2 for fragment_formula Cl
2026-01-22 15:53:44,920 - INFO - \U0001f504 Found fragment_id 2 for fragment_formula Cl
2026-01-22 15:53:44,920 - INFO - \U0001f504 Found fragment_id 2 for fragment_formula Cl
2026-01-22 15:53:44,920 - INFO - \U0001f504 Found fragment_id 2 for fragment_formula Cl
2026-01-22 15:53:44,920 - INFO - \U0001f504 Found fragment_id 2 for fragment_formula Cl
2026-01-22 15:53:44,920 - INFO - \U0001f504 Found fragment_id 2 for fragment_formula Cl
2026-01-22 15:53:44,920 - INFO - \U0001f504 Found fragment_id 2 for fragment_formula Cl
2026-01-22 15:53:44,920 - INFO - \U0001f504 Found fragment_id 2 for fragment_formula Cl
2026-01-22 15:53:44,920 - INFO - \U0001f504 Found fragment_id 2 for fragment_formula Cl
2026-01-22 15:53:44,920 - INFO - \U0001f504 Found fragment_id 2 for fragment_formula Cl
2026-01-22 15:53:44,921 - INFO - \U0001f504 Found fragment_id 2 for fragment_formula Cl
2026-01-22 15:53:44,921 - INFO - \U0001f504 Found fragment_id 4 for fragment_formula Br
2026-01-22 15:53:44,921 - INFO - \U0001f504 Found fragment_id 4 for fragment_formula Br
2026-01-22 15:53:44,921 - INFO - \U0001f504 Found fragment_id 4 for fragment_formula Br
2026-01-22 15:53:44,921 - INFO - \U0001f504 Found fragment_id 4 for fragment_formula Br
2026-01-22 15:53:44,921 - INFO - \U0001f504 Found fragment_id 4 for fragment_formula Br
2026-01-22 15:53:44,921 - INFO - \U0001f504 Found fragment_id 4 for fragment_formula Br
2026-01-22 15:53:44,921 - INFO - \U0001f504 Found fragment_id 3 for fragment_formula F
2026-01-22 15:53:44,921 - INFO - \U0001f504 Found fragment_id 8 for fragment_formula CF3
2026-01-22 15:53:44,921 - INFO - \U0001f504 Found fragment_id 3 for fragment_formula F
2026-01-22 15:53:44,921 - INFO - \U0001f504 Found fragment_id 7 for fragment_formula C2F5
2026-01-22 15:53:44,921 - INFO - \U0001f504 Found fragment_id 8 for fragment_formula CF3
2026-01-22 15:53:44,922 - INFO - \U0001f504 Found fragment_id 3 for fragment_formula F
2026-01-22 15:53:44,922 - INFO - \U0001f504 Found fragment_id 9 for fragment_formula C3F7
2026-01-22 15:53:44,922 - INFO - \U0001f504 Found fragment_id 7 for fragment_formula C2F5
2026-01-22 15:53:44,922 - INFO - \U0001f504 Found fragment_id 10 for fragment_formula C2F3
2026-01-22 15:53:44,922 - INFO - \U0001f504 Found fragment_id 8 for fragment_formula CF3
2026-01-22 15:53:44,922 - INFO - \U0001f504 Found fragment_id 3 for fragment_formula F
2026-01-22 15:53:44,922 - INFO - \U0001f504 Found fragment_id 3 for fragment_formula F
2026-01-22 15:53:44,922 - INFO - \U0001f504 Found fragment_id 11 for fragment_formula C4F10
2026-01-22 15:53:44,922 - INFO - \U0001f504 Found fragment_id 12 for fragment_formula C4F9
2026-01-22 15:53:44,922 - INFO - \U0001f504 Found fragment_id 12 for fragment_formula C4F9
2026-01-22 15:53:44,922 - INFO - \U0001f504 Found fragment_id 9 for fragment_formula C3F7
2026-01-22 15:53:44,923 - INFO - \U0001f504 Found fragment_id 7 for fragment_formula C2F5
2026-01-22 15:53:44,923 - INFO - \U0001f504 Found fragment_id 7 for fragment_formula C2F5
2026-01-22 15:53:44,923 - INFO - \U0001f504 Found fragment_id 8 for fragment_formula CF3
2026-01-22 15:53:44,923 - INFO - \U0001f504 Found fragment_id 8 for fragment_formula CF3
2026-01-22 15:53:44,923 - INFO - \U0001f504 Found fragment_id 3 for fragment_formula F
2026-01-22 15:53:44,923 - INFO - \U0001f504 Found fragment_id 3 for fragment_formula F
2026-01-22 15:53:44,923 - INFO - \U0001f504 Found fragment_id 11 for fragment_formula C4F10
2026-01-22 15:53:44,923 - INFO - \U0001f504 Found fragment_id 12 for fragment_formula C4F9
2026-01-22 15:53:44,923 - INFO - \U0001f504 Found fragment_id 12 for fragment_formula C4F9
2026-01-22 15:53:44,923 - INFO - \U0001f504 Found fragment_id 9 for fragment_formula C3F7
2026-01-22 15:53:44,923 - INFO - \U0001f504 Found fragment_id 9 for fragment_formula C3F7
2026-01-22 15:53:44,923 - INFO - \U0001f504 Found fragment_id 8 for fragment_formula CF3
2026-01-22 15:53:44,923 - INFO - \U0001f504 Found fragment_id 3 for fragment_formula F
2026-01-22 15:53:44,924 - INFO - \U0001f504 Found fragment_id 3 for fragment_formula F
2026-01-22 15:53:44,924 - INFO - \U0001f504 Found fragment_id 13 for fragment_formula C5F12
2026-01-22 15:53:44,924 - INFO - \U0001f504 Found fragment_id 14 for fragment_formula C5F11
2026-01-22 15:53:44,924 - INFO - \U0001f504 Found fragment_id 14 for fragment_formula C5F11
2026-01-22 15:53:44,924 - INFO - \U0001f504 Found fragment_id 15 for fragment_formula C5F10
2026-01-22 15:53:44,924 - INFO - \U0001f504 Found fragment_id 12 for fragment_formula C4F9
2026-01-22 15:53:44,924 - INFO - \U0001f504 Found fragment_id 12 for fragment_formula C4F9
2026-01-22 15:53:44,924 - INFO - \U0001f504 Found fragment_id 16 for fragment_formula C4F8
2026-01-22 15:53:44,924 - INFO - \U0001f504 Found fragment_id 16 for fragment_formula C4F8
2026-01-22 15:53:44,924 - INFO - \U0001f504 Found fragment_id 9 for fragment_formula C3F7
2026-01-22 15:53:44,924 - INFO - \U0001f504 Found fragment_id 9 for fragment_formula C3F7
2026-01-22 15:53:44,925 - INFO - \U0001f504 Found fragment_id 7 for fragment_formula C2F5
2026-01-22 15:53:44,925 - INFO - \U0001f504 Found fragment_id 7 for fragment_formula C2F5
2026-01-22 15:53:44,925 - INFO - \U0001f504 Found fragment_id 10 for fragment_formula C2F3
2026-01-22 15:53:44,925 - INFO - \U0001f504 Found fragment_id 3 for fragment_formula F
2026-01-22 15:53:44,925 - INFO - \U0001f504 Found fragment_id 17 for fragment_formula C6F14
2026-01-22 15:53:44,925 - INFO - \U0001f504 Found fragment_id 18 for fragment_formula C6F13
2026-01-22 15:53:44,925 - INFO - \U0001f504 Found fragment_id 19 for fragment_formula C6F12
2026-01-22 15:53:44,925 - INFO - \U0001f504 Found fragment_id 14 for fragment_formula C5F11
2026-01-22 15:53:44,925 - INFO - \U0001f504 Found fragment_id 15 for fragment_formula C5F10
2026-01-22 15:53:44,925 - INFO - \U0001f504 Found fragment_id 15 for fragment_formula C5F10
2026-01-22 15:53:44,925 - INFO - \U0001f504 Found fragment_id 20 for fragment_formula C5F9
2026-01-22 15:53:44,926 - INFO - \U0001f504 Found fragment_id 12 for fragment_formula C4F9
2026-01-22 15:53:44,926 - INFO - \U0001f504 Found fragment_id 21 for fragment_formula C4F7
2026-01-22 15:53:44,926 - INFO - \U0001f504 Found fragment_id 9 for fragment_formula C3F7
2026-01-22 15:53:44,926 - INFO - \U0001f504 Found fragment_id 9 for fragment_formula C3F7
2026-01-22 15:53:44,926 - INFO - \U0001f504 Found fragment_id 2 for fragment_formula Cl
2026-01-22 15:53:44,926 - INFO - \U0001f504 Found fragment_id 2 for fragment_formula Cl
2026-01-22 15:53:44,926 - INFO - \U0001f504 Found fragment_id 2 for fragment_formula Cl
2026-01-22 15:53:44,926 - INFO - \U0001f504 Found fragment_id 2 for fragment_formula Cl
2026-01-22 15:53:44,926 - INFO - \U0001f504 Found fragment_id 2 for fragment_formula Cl
2026-01-22 15:53:44,926 - INFO - \U0001f504 Found fragment_id 2 for fragment_formula Cl
2026-01-22 15:53:44,926 - INFO - \U0001f504 Found fragment_id 2 for fragment_formula Cl
2026-01-22 15:53:44,926 - INFO - \U0001f504 Found fragment_id 2 for fragment_formula Cl
2026-01-22 15:53:44,927 - INFO - \U0001f504 Found fragment_id 2 for fragment_formula Cl
2026-01-22 15:53:44,927 - INFO - \U0001f504 Found fragment_id 4 for fragment_formula Br
2026-01-22 15:53:44,927 - INFO - \U0001f504 Found fragment_id 4 for fragment_formula Br
2026-01-22 15:53:44,927 - INFO - \U0001f504 Found fragment_id 4 for fragment_formula Br
2026-01-22 15:53:44,927 - INFO - \U0001f504 Found fragment_id 4 for fragment_formula Br
2026-01-22 15:53:44,927 - INFO - \U0001f504 Found fragment_id 4 for fragment_formula Br
2026-01-22 15:53:44,927 - INFO - \U0001f504 Found fragment_id 4 for fragment_formula Br
2026-01-22 15:53:44,927 - INFO - \U0001f504 Found fragment_id 4 for fragment_formula Br
2026-01-22 15:53:44,927 - INFO - \U0001f504 Found fragment_id 4 for fragment_formula Br
2026-01-22 15:53:44,927 - INFO - \U0001f504 Found fragment_id 4 for fragment_formula Br
2026-01-22 15:53:44,927 - INFO - \U0001f504 Found fragment_id 4 for fragment_formula Br
2026-01-22 15:53:44,927 - INFO - \U0001f504 Found fragment_id 4 for fragment_formula Br
2026-01-22 15:53:44,928 - INFO - \U0001f504 Found fragment_id 4 for fragment_formula Br
2026-01-22 15:53:44,928 - INFO - \U0001f504 Found fragment_id 4 for fragment_formula Br
2026-01-22 15:53:44,928 - INFO - \U0001f504 Found fragment_id 2 for fragment_formula Cl
2026-01-22 15:53:44,928 - INFO - \U0001f504 Found fragment_id 2 for fragment_formula Cl
2026-01-22 15:53:44,928 - INFO - \U0001f504 Found fragment_id 2 for fragment_formula Cl
2026-01-22 15:53:44,928 - INFO - \U0001f504 Found fragment_id 4 for fragment_formula Br
2026-01-22 15:53:44,928 - INFO - \U0001f504 Found fragment_id 4 for fragment_formula Br
2026-01-22 15:53:44,928 - INFO - \U0001f504 Found fragment_id 4 for fragment_formula Br
2026-01-22 15:53:44,928 - INFO - \U0001f504 Found fragment_id 4 for fragment_formula Br
2026-01-22 15:53:44,928 - INFO - \U0001f504 Found fragment_id 22 for fragment_formula CHClBr
2026-01-22 15:53:44,928 - INFO - \U0001f504 Found fragment_id 23 for fragment_formula ClBr
2026-01-22 15:53:44,929 - INFO - \U0001f504 Found fragment_id 24 for fragment_formula C2H4Br
2026-01-22 15:53:44,929 - INFO - \U0001f504 Found fragment_id 4 for fragment_formula Br
2026-01-22 15:53:44,929 - INFO - \U0001f504 Found fragment_id 2 for fragment_formula Cl
2026-01-22 15:53:44,929 - INFO - \U0001f504 Found fragment_id 25 for fragment_formula C3H6BrCl
2026-01-22 15:53:44,929 - INFO - \U0001f504 Found fragment_id 26 for fragment_formula C3H6Br
2026-01-22 15:53:44,929 - INFO - \U0001f504 Found fragment_id 27 for fragment_formula C3H5Br
2026-01-22 15:53:44,929 - INFO - \U0001f504 Found fragment_id 28 for fragment_formula BrHCl
2026-01-22 15:53:44,929 - INFO - \U0001f504 Found fragment_id 29 for fragment_formula BrCl
2026-01-22 15:53:44,929 - INFO - \U0001f504 Found fragment_id 4 for fragment_formula Br
2026-01-22 15:53:44,929 - INFO - \U0001f504 Found fragment_id 30 for fragment_formula C3H6Cl
2026-01-22 15:53:44,929 - INFO - \U0001f504 Found fragment_id 2 for fragment_formula Cl
2026-01-22 15:53:44,929 - INFO - \U0001f504 Found fragment_id 31 for fragment_formula C2ClF2
2026-01-22 15:53:44,930 - INFO - \U0001f504 Found fragment_id 4 for fragment_formula Br
2026-01-22 15:53:44,930 - INFO - \U0001f504 Found fragment_id 4 for fragment_formula Br
2026-01-22 15:53:44,930 - INFO - \U0001f504 Found fragment_id 2 for fragment_formula Cl
2026-01-22 15:53:44,930 - INFO - \U0001f504 Found fragment_id 3 for fragment_formula F
2026-01-22 15:53:44,930 - INFO - \U0001f504 Found fragment_id 3 for fragment_formula F
2026-01-22 15:53:44,930 - INFO - \U0001f504 Found fragment_id 2 for fragment_formula Cl
2026-01-22 15:53:44,930 - INFO - \U0001f504 Found fragment_id 73 for fragment_formula Cl2
2026-01-22 15:53:44,930 - INFO - \U0001f504 Found fragment_id 33 for fragment_formula ClHCl
2026-01-22 15:53:44,930 - INFO - \U0001f504 Found fragment_id 34 for fragment_formula C2H2Cl3
2026-01-22 15:53:44,930 - INFO - \U0001f504 Found fragment_id 2 for fragment_formula Cl
2026-01-22 15:53:44,930 - INFO - \U0001f504 Found fragment_id 2 for fragment_formula Cl
2026-01-22 15:53:44,930 - INFO - \U0001f504 Found fragment_id 2 for fragment_formula Cl
2026-01-22 15:53:44,931 - INFO - \U0001f504 Found fragment_id 5 for fragment_formula I
2026-01-22 15:53:44,931 - INFO - \U0001f504 Found fragment_id 5 for fragment_formula I
2026-01-22 15:53:44,931 - INFO - \U0001f504 Found fragment_id 2 for fragment_formula Cl
2026-01-22 15:53:44,931 - INFO - \U0001f504 Found fragment_id 2 for fragment_formula Cl
2026-01-22 15:53:44,931 - INFO - \U0001f504 Found fragment_id 4 for fragment_formula Br
2026-01-22 15:53:44,931 - INFO - \U0001f504 Found fragment_id 4 for fragment_formula Br
2026-01-22 15:53:44,931 - INFO - \U0001f504 Found fragment_id 2 for fragment_formula Cl
2026-01-22 15:53:44,931 - INFO - \U0001f504 Found fragment_id 4 for fragment_formula Br
2026-01-22 15:53:44,931 - INFO - \U0001f504 Found fragment_id 2 for fragment_formula Cl
2026-01-22 15:53:44,931 - INFO - \U0001f504 Found fragment_id 4 for fragment_formula Br
2026-01-22 15:53:44,931 - INFO - \U0001f504 Found fragment_id 4 for fragment_formula Br
2026-01-22 15:53:44,931 - INFO - \U0001f504 Found fragment_id 4 for fragment_formula Br
2026-01-22 15:53:44,932 - INFO - \U0001f504 Found fragment_id 4 for fragment_formula Br
2026-01-22 15:53:44,932 - INFO - \U0001f504 Found fragment_id 4 for fragment_formula Br
2026-01-22 15:53:44,932 - INFO - \U0001f504 Found fragment_id 4 for fragment_formula Br
2026-01-22 15:53:44,932 - INFO - \U0001f504 Found fragment_id 4 for fragment_formula Br
2026-01-22 15:53:44,932 - INFO - \U0001f504 Found fragment_id 4 for fragment_formula Br
2026-01-22 15:53:44,932 - INFO - \U0001f504 Found fragment_id 4 for fragment_formula Br
2026-01-22 15:53:44,932 - INFO - \U0001f504 Found fragment_id 4 for fragment_formula Br
2026-01-22 15:53:44,932 - INFO - \U0001f504 Found fragment_id 4 for fragment_formula Br
2026-01-22 15:53:44,932 - INFO - \U0001f504 Found fragment_id 4 for fragment_formula Br
2026-01-22 15:53:44,932 - INFO - \U0001f504 Found fragment_id 4 for fragment_formula Br
2026-01-22 15:53:44,932 - INFO - \U0001f504 Found fragment_id 4 for fragment_formula Br
2026-01-22 15:53:44,932 - INFO - \U0001f504 Found fragment_id 4 for fragment_formula Br
2026-01-22 15:53:44,933 - INFO - \U0001f504 Found fragment_id 4 for fragment_formula Br
2026-01-22 15:53:44,933 - INFO - \U0001f504 Found fragment_id 4 for fragment_formula Br
2026-01-22 15:53:44,933 - INFO - \U0001f504 Found fragment_id 4 for fragment_formula Br
2026-01-22 15:53:44,933 - INFO - \U0001f504 Found fragment_id 4 for fragment_formula Br
2026-01-22 15:53:44,933 - INFO - \U0001f504 Found fragment_id 3 for fragment_formula F
2026-01-22 15:53:44,933 - INFO - \U0001f504 Found fragment_id 3 for fragment_formula F
2026-01-22 15:53:44,933 - INFO - \U0001f504 Found fragment_id 35 for fragment_formula CHF
2026-01-22 15:53:44,933 - INFO - \U0001f504 Found fragment_id 36 for fragment_formula F2
2026-01-22 15:53:44,933 - INFO - \U0001f504 Found fragment_id 2 for fragment_formula Cl
2026-01-22 15:53:44,933 - INFO - \U0001f504 Found fragment_id 4 for fragment_formula Br
2026-01-22 15:53:44,933 - INFO - \U0001f504 Found fragment_id 5 for fragment_formula I
2026-01-22 15:53:44,934 - INFO - \U0001f504 Found fragment_id 2 for fragment_formula Cl
2026-01-22 15:53:44,934 - INFO - \U0001f504 Found fragment_id 2 for fragment_formula Cl
2026-01-22 15:53:44,934 - INFO - \U0001f504 Found fragment_id 3 for fragment_formula F
2026-01-22 15:53:44,934 - INFO - \U0001f504 Found fragment_id 4 for fragment_formula Br
2026-01-22 15:53:44,934 - INFO - \U0001f504 Found fragment_id 3 for fragment_formula F
2026-01-22 15:53:44,934 - INFO - \U0001f504 Found fragment_id 2 for fragment_formula Cl
2026-01-22 15:53:44,934 - INFO - \U0001f504 Found fragment_id 2 for fragment_formula Cl
2026-01-22 15:53:44,934 - INFO - \U0001f504 Found fragment_id 2 for fragment_formula Cl
2026-01-22 15:53:44,935 - INFO - \U0001f504 Found fragment_id 2 for fragment_formula Cl
2026-01-22 15:53:44,935 - INFO - \U0001f504 Found fragment_id 4 for fragment_formula Br
2026-01-22 15:53:44,935 - INFO - \U0001f504 Found fragment_id 2 for fragment_formula Cl
2026-01-22 15:53:44,935 - INFO - \U0001f504 Found fragment_id 4 for fragment_formula Br
2026-01-22 15:53:44,935 - INFO - \U0001f504 Found fragment_id 1 for fragment_formula Total
2026-01-22 15:53:44,935 - INFO - \U0001f504 Found fragment_id 2 for fragment_formula Cl
2026-01-22 15:53:44,935 - INFO - \U0001f504 Found fragment_id 4 for fragment_formula Br
2026-01-22 15:53:44,935 - INFO - \U0001f504 Found fragment_id 1 for fragment_formula Total
2026-01-22 15:53:44,935 - INFO - \U0001f504 Found fragment_id 2 for fragment_formula Cl
2026-01-22 15:53:44,936 - INFO - \U0001f504 Found fragment_id 4 for fragment_formula Br
2026-01-22 15:53:44,936 - INFO - \U0001f504 Found fragment_id 1 for fragment_formula Total
2026-01-22 15:53:44,936 - INFO - \U0001f504 Found fragment_id 2 for fragment_formula Cl
2026-01-22 15:53:44,936 - INFO - \U0001f504 Found fragment_id 4 for fragment_formula Br
2026-01-22 15:53:44,936 - INFO - \U0001f504 Found fragment_id 1 for fragment_formula Total
2026-01-22 15:53:44,936 - INFO - \U0001f504 Found fragment_id 4 for fragment_formula Br
2026-01-22 15:53:44,936 - INFO - \U0001f504 Found fragment_id 4 for fragment_formula Br
2026-01-22 15:53:44,936 - INFO - \U0001f504 Found fragment_id 4 for fragment_formula Br
2026-01-22 15:53:44,936 - INFO - \U0001f504 Found fragment_id 4 for fragment_formula Br
2026-01-22 15:53:44,936 - INFO - \U0001f504 Found fragment_id 4 for fragment_formula Br
2026-01-22 15:53:44,937 - INFO - \U0001f504 Found fragment_id 4 for fragment_formula Br
2026-01-22 15:53:44,937 - INFO - \U0001f504 Found fragment_id 4 for fragment_formula Br
2026-01-22 15:53:44,937 - INFO - \U0001f504 Found fragment_id 5 for fragment_formula I
2026-01-22 15:53:44,937 - INFO - \U0001f504 Found fragment_id 5 for fragment_formula I
2026-01-22 15:53:44,937 - INFO - \U0001f504 Found fragment_id 5 for fragment_formula I
2026-01-22 15:53:44,937 - INFO - \U0001f504 Found fragment_id 5 for fragment_formula I
2026-01-22 15:53:44,937 - INFO - \U0001f504 Found fragment_id 37 for fragment_formula CF2CO2H
2026-01-22 15:53:44,937 - INFO - \U0001f504 Found fragment_id 2 for fragment_formula Cl
2026-01-22 15:53:44,937 - INFO - \U0001f504 Found fragment_id 38 for fragment_formula CClF2CO2H
2026-01-22 15:53:44,937 - INFO - \U0001f504 Found fragment_id 39 for fragment_formula CClF2CO2
2026-01-22 15:53:44,937 - INFO - \U0001f504 Found fragment_id 40 for fragment_formula CClFCO2
2026-01-22 15:53:44,938 - INFO - \U0001f504 Found fragment_id 41 for fragment_formula CClO2H
2026-01-22 15:53:44,938 - INFO - \U0001f504 Found fragment_id 42 for fragment_formula CF2
2026-01-22 15:53:44,938 - INFO - \U0001f504 Found fragment_id 3 for fragment_formula F
2026-01-22 15:53:44,938 - INFO - \U0001f504 Found fragment_id 43 for fragment_formula C6H4ClNO2
2026-01-22 15:53:44,938 - INFO - \U0001f504 Found fragment_id 2 for fragment_formula Cl
2026-01-22 15:53:44,938 - INFO - \U0001f504 Found fragment_id 2 for fragment_formula Cl
2026-01-22 15:53:44,938 - INFO - \U0001f504 Found fragment_id 2 for fragment_formula Cl
2026-01-22 15:53:44,938 - INFO - \U0001f504 Found fragment_id 44 for fragment_formula NO2
2026-01-22 15:53:44,938 - INFO - \U0001f504 Found fragment_id 44 for fragment_formula NO2
2026-01-22 15:53:44,938 - INFO - \U0001f504 Found fragment_id 45 for fragment_formula C6H4Cl
2026-01-22 15:53:44,938 - INFO - \U0001f504 Found fragment_id 46 for fragment_formula C6H4
2026-01-22 15:53:44,939 - INFO - \U0001f504 Found fragment_id 2 for fragment_formula Cl
2026-01-22 15:53:44,939 - INFO - \U0001f504 Found fragment_id 2 for fragment_formula Cl
2026-01-22 15:53:44,939 - INFO - \U0001f504 Found fragment_id 3 for fragment_formula F
2026-01-22 15:53:44,939 - INFO - \U0001f504 Found fragment_id 3 for fragment_formula F
2026-01-22 15:53:44,939 - INFO - \U0001f504 Found fragment_id 47 for fragment_formula FCl
2026-01-22 15:53:44,939 - INFO - \U0001f504 Found fragment_id 48 for fragment_formula CF2Cl
2026-01-22 15:53:44,939 - INFO - \U0001f504 Found fragment_id 8 for fragment_formula CF3
2026-01-22 15:53:44,939 - INFO - \U0001f504 Found fragment_id 49 for fragment_formula C3F7O2
2026-01-22 15:53:44,939 - INFO - \U0001f504 Found fragment_id 50 for fragment_formula CFO3
2026-01-22 15:53:44,939 - INFO - \U0001f504 Found fragment_id 3 for fragment_formula F
2026-01-22 15:53:44,940 - INFO - \U0001f504 Found fragment_id 51 for fragment_formula C5F11O3
2026-01-22 15:53:44,940 - INFO - \U0001f504 Found fragment_id 49 for fragment_formula C3F7O2
2026-01-22 15:53:44,940 - INFO - \U0001f504 Found fragment_id 52 for fragment_formula CF3O
2026-01-22 15:53:44,940 - INFO - \U0001f504 Found fragment_id 3 for fragment_formula F
2026-01-22 15:53:44,940 - INFO - \U0001f504 Found fragment_id 53 for fragment_formula C10F20O5
2026-01-22 15:53:44,940 - INFO - \U0001f504 Found fragment_id 54 for fragment_formula C8F16O4
2026-01-22 15:53:44,940 - INFO - \U0001f504 Found fragment_id 55 for fragment_formula C2F5O
2026-01-22 15:53:44,940 - INFO - \U0001f504 Found fragment_id 3 for fragment_formula F
2026-01-22 15:53:44,940 - INFO - \U0001f504 Found fragment_id 3 for fragment_formula F
2026-01-22 15:53:44,940 - INFO - \U0001f504 Found fragment_id 44 for fragment_formula NO2
2026-01-22 15:53:44,940 - INFO - \U0001f504 Found fragment_id 44 for fragment_formula NO2
2026-01-22 15:53:44,940 - INFO - \U0001f504 Found fragment_id 56 for fragment_formula C6F5
2026-01-22 15:53:44,941 - INFO - \U0001f504 Found fragment_id 56 for fragment_formula C6F5
2026-01-22 15:53:44,941 - INFO - \U0001f504 Found fragment_id 57 for fragment_formula C5F5
2026-01-22 15:53:44,941 - INFO - \U0001f504 Found fragment_id 58 for fragment_formula C5F4
2026-01-22 15:53:44,941 - INFO - \U0001f504 Found fragment_id 58 for fragment_formula C5F4
2026-01-22 15:53:44,941 - INFO - \U0001f504 Found fragment_id 58 for fragment_formula C5F4
2026-01-22 15:53:44,941 - INFO - \U0001f504 Found fragment_id 59 for fragment_formula C5F3
2026-01-22 15:53:44,941 - INFO - \U0001f504 Found fragment_id 60 for fragment_formula C3F3
2026-01-22 15:53:44,941 - INFO - \U0001f504 Found fragment_id 3 for fragment_formula F
2026-01-22 15:53:44,941 - INFO - \U0001f504 Found fragment_id 3 for fragment_formula F
2026-01-22 15:53:44,941 - INFO - \U0001f504 Found fragment_id 61 for fragment_formula O
2026-01-22 15:53:44,942 - INFO - \U0001f504 Found fragment_id 63 for fragment_formula C6F5CN
2026-01-22 15:53:44,942 - INFO - \U0001f504 Found fragment_id 62 for fragment_formula CN
2026-01-22 15:53:44,942 - INFO - \U0001f504 Found fragment_id 62 for fragment_formula CN
2026-01-22 15:53:44,942 - INFO - \U0001f504 Found fragment_id 56 for fragment_formula C6F5
2026-01-22 15:53:44,942 - INFO - \U0001f504 Found fragment_id 56 for fragment_formula C6F5
2026-01-22 15:53:44,942 - INFO - \U0001f504 Found fragment_id 56 for fragment_formula C6F5
2026-01-22 15:53:44,942 - INFO - \U0001f504 Found fragment_id 3 for fragment_formula F
2026-01-22 15:53:44,943 - INFO - \U0001f504 Found fragment_id 3 for fragment_formula F
2026-01-22 15:53:44,943 - INFO - \U0001f504 Found fragment_id 64 for fragment_formula C6F4CN
2026-01-22 15:53:44,943 - INFO - \U0001f504 Found fragment_id 64 for fragment_formula C6F4CN
2026-01-22 15:53:44,943 - INFO - \U0001f504 Found fragment_id 5 for fragment_formula I
2026-01-22 15:53:44,943 - INFO - \U0001f504 Found fragment_id 5 for fragment_formula I
2026-01-22 15:53:44,943 - INFO - \U0001f504 Found fragment_id 3 for fragment_formula F
2026-01-22 15:53:44,943 - INFO - \U0001f504 Found fragment_id 3 for fragment_formula F
2026-01-22 15:53:44,943 - INFO - \U0001f504 Found fragment_id 3 for fragment_formula F
2026-01-22 15:53:44,943 - INFO - \U0001f504 Found fragment_id 2 for fragment_formula Cl
2026-01-22 15:53:44,943 - INFO - \U0001f504 Found fragment_id 2 for fragment_formula Cl
2026-01-22 15:53:44,944 - INFO - \U0001f504 Found fragment_id 2 for fragment_formula Cl
2026-01-22 15:53:44,944 - INFO - \U0001f504 Found fragment_id 2 for fragment_formula Cl
2026-01-22 15:53:44,944 - INFO - \U0001f504 Found fragment_id 2 for fragment_formula Cl
2026-01-22 15:53:44,944 - INFO - \U0001f504 Found fragment_id 2 for fragment_formula Cl
2026-01-22 15:53:44,944 - INFO - \U0001f504 Found fragment_id 2 for fragment_formula Cl
2026-01-22 15:53:44,944 - INFO - \U0001f504 Found fragment_id 2 for fragment_formula Cl
2026-01-22 15:53:44,944 - INFO - \U0001f504 Found fragment_id 2 for fragment_formula Cl
2026-01-22 15:53:44,944 - INFO - \U0001f504 Found fragment_id 2 for fragment_formula Cl
2026-01-22 15:53:44,944 - INFO - \U0001f504 Found fragment_id 70 for fragment_formula C3H6ClO
2026-01-22 15:53:44,944 - INFO - \U0001f504 Found fragment_id 2 for fragment_formula Cl
2026-01-22 15:53:44,944 - INFO - \U0001f504 Found fragment_id 66 for fragment_formula OH
2026-01-22 15:53:44,945 - INFO - \U0001f504 Found fragment_id 67 for fragment_formula C3H6ClO2
2026-01-22 15:53:44,945 - INFO - \U0001f504 Found fragment_id 2 for fragment_formula Cl
2026-01-22 15:53:44,945 - INFO - \U0001f504 Found fragment_id 2 for fragment_formula Cl
2026-01-22 15:53:44,945 - INFO - \U0001f504 Found fragment_id 66 for fragment_formula OH
2026-01-22 15:53:44,945 - INFO - \U0001f504 Found fragment_id 68 for fragment_formula C3H5Cl2O
2026-01-22 15:53:44,945 - INFO - \U0001f504 Found fragment_id 69 for fragment_formula C2H5Cl2
2026-01-22 15:53:44,945 - INFO - \U0001f504 Found fragment_id 70 for fragment_formula C3H6ClO
2026-01-22 15:53:44,945 - INFO - \U0001f504 Found fragment_id 71 for fragment_formula C3H5ClO
2026-01-22 15:53:44,945 - INFO - \U0001f504 Found fragment_id 72 for fragment_formula Cl2H
2026-01-22 15:53:44,946 - INFO - \U0001f504 Found fragment_id 73 for fragment_formula Cl2
2026-01-22 15:53:44,946 - INFO - \U0001f504 Found fragment_id 74 for fragment_formula ClOH
2026-01-22 15:53:44,946 - INFO - \U0001f504 Found fragment_id 75 for fragment_formula C2H5O
2026-01-22 15:53:44,946 - INFO - \U0001f504 Found fragment_id 2 for fragment_formula Cl
2026-01-22 15:53:44,946 - INFO - \U0001f504 Found fragment_id 66 for fragment_formula OH
2026-01-22 15:53:44,946 - INFO - \U0001f504 Found fragment_id 4 for fragment_formula Br
2026-01-22 15:53:44,946 - INFO - \U0001f504 Found fragment_id 4 for fragment_formula Br
2026-01-22 15:53:44,946 - INFO - \U0001f504 Found fragment_id 76 for fragment_formula C6H4BrO
2026-01-22 15:53:44,946 - INFO - \U0001f504 Found fragment_id 76 for fragment_formula C6H4BrO
2026-01-22 15:53:44,946 - INFO - \U0001f504 Found fragment_id 76 for fragment_formula C6H4BrO
2026-01-22 15:53:44,946 - INFO - \U0001f504 Found fragment_id 77 for fragment_formula C12H9O
2026-01-22 15:53:44,947 - INFO - \U0001f504 Found fragment_id 78 for fragment_formula C6H5O
2026-01-22 15:53:44,947 - INFO - \U0001f504 Found fragment_id 78 for fragment_formula C6H5O
2026-01-22 15:53:44,947 - INFO - \U0001f504 Found fragment_id 79 for fragment_formula C6H5
2026-01-22 15:53:44,947 - INFO - \U0001f504 Found fragment_id 4 for fragment_formula Br
2026-01-22 15:53:44,947 - INFO - \U0001f504 Found fragment_id 4 for fragment_formula Br
2026-01-22 15:53:44,947 - INFO - \U0001f504 Found fragment_id 80 for fragment_formula C12H8BrO
2026-01-22 15:53:44,947 - INFO - \U0001f504 Found fragment_id 80 for fragment_formula C12H8BrO
2026-01-22 15:53:44,947 - INFO - \U0001f504 Found fragment_id 81 for fragment_formula BrC6H4O
2026-01-22 15:53:44,947 - INFO - \U0001f504 Found fragment_id 81 for fragment_formula BrC6H4O
2026-01-22 15:53:44,947 - INFO - \U0001f504 Found fragment_id 82 for fragment_formula Br2
2026-01-22 15:53:44,947 - INFO - \U0001f504 Found fragment_id 82 for fragment_formula Br2
2026-01-22 15:53:44,948 - INFO - \U0001f504 Found fragment_id 83 for fragment_formula C12H8Br2O
2026-01-22 15:53:44,948 - INFO - \U0001f504 Found fragment_id 84 for fragment_formula C12Br10O
2026-01-22 15:53:44,948 - INFO - \U0001f504 Found fragment_id 85 for fragment_formula C12Br9O
2026-01-22 15:53:44,948 - INFO - \U0001f504 Found fragment_id 85 for fragment_formula C12Br9O
2026-01-22 15:53:44,948 - INFO - \U0001f504 Found fragment_id 86 for fragment_formula C12Br8O
2026-01-22 15:53:44,948 - INFO - \U0001f504 Found fragment_id 87 for fragment_formula C6Br5O
2026-01-22 15:53:44,948 - INFO - \U0001f504 Found fragment_id 87 for fragment_formula C6Br5O
2026-01-22 15:53:44,948 - INFO - \U0001f504 Found fragment_id 87 for fragment_formula C6Br5O
2026-01-22 15:53:44,948 - INFO - \U0001f504 Found fragment_id 88 for fragment_formula C6Br5
2026-01-22 15:53:44,948 - INFO - \U0001f504 Found fragment_id 88 for fragment_formula C6Br5
2026-01-22 15:53:44,948 - INFO - \U0001f504 Found fragment_id 82 for fragment_formula Br2
2026-01-22 15:53:44,948 - INFO - \U0001f504 Found fragment_id 82 for fragment_formula Br2
2026-01-22 15:53:44,949 - INFO - \U0001f504 Found fragment_id 82 for fragment_formula Br2
2026-01-22 15:53:44,949 - INFO - \U0001f504 Found fragment_id 4 for fragment_formula Br
2026-01-22 15:53:44,949 - INFO - \U0001f504 Found fragment_id 4 for fragment_formula Br
2026-01-22 15:53:44,949 - INFO - \U0001f504 Found fragment_id 4 for fragment_formula Br
2026-01-22 15:53:44,949 - INFO - \U0001f504 Found fragment_id 89 for fragment_formula C6Cl6
2026-01-22 15:53:44,949 - INFO - \U0001f504 Found fragment_id 90 for fragment_formula C6Cl5
2026-01-22 15:53:44,949 - INFO - \U0001f504 Found fragment_id 90 for fragment_formula C6Cl5
2026-01-22 15:53:44,949 - INFO - \U0001f504 Found fragment_id 90 for fragment_formula C6Cl5
2026-01-22 15:53:44,949 - INFO - \U0001f504 Found fragment_id 91 for fragment_formula C6Cl4
2026-01-22 15:53:44,949 - INFO - \U0001f504 Found fragment_id 91 for fragment_formula C6Cl4
2026-01-22 15:53:44,949 - INFO - \U0001f504 Found fragment_id 73 for fragment_formula Cl2
2026-01-22 15:53:44,950 - INFO - \U0001f504 Found fragment_id 73 for fragment_formula Cl2
2026-01-22 15:53:44,950 - INFO - \U0001f504 Found fragment_id 73 for fragment_formula Cl2
2026-01-22 15:53:44,950 - INFO - \U0001f504 Found fragment_id 2 for fragment_formula Cl
2026-01-22 15:53:44,950 - INFO - \U0001f504 Found fragment_id 2 for fragment_formula Cl
2026-01-22 15:53:44,950 - INFO - \U0001f504 Found fragment_id 2 for fragment_formula Cl
2026-01-22 15:53:44,950 - INFO - \U0001f504 Found fragment_id 2 for fragment_formula Cl
2026-01-22 15:53:44,950 - INFO - \U0001f504 Found fragment_id 2 for fragment_formula Cl
2026-01-22 15:53:44,950 - INFO - \U0001f504 Found fragment_id 2 for fragment_formula Cl
2026-01-22 15:53:44,950 - INFO - \U0001f504 Found fragment_id 2 for fragment_formula Cl
2026-01-22 15:53:44,950 - INFO - \U0001f504 Found fragment_id 2 for fragment_formula Cl
2026-01-22 15:53:44,950 - INFO - \U0001f504 Found fragment_id 4 for fragment_formula Br
2026-01-22 15:53:44,950 - INFO - \U0001f504 Found fragment_id 4 for fragment_formula Br
2026-01-22 15:53:44,951 - INFO - \U0001f504 Found fragment_id 92 for fragment_formula C4H3BrN2O2
2026-01-22 15:53:44,951 - INFO - \U0001f504 Found fragment_id 92 for fragment_formula C4H3BrN2O2
2026-01-22 15:53:44,951 - INFO - \U0001f504 Found fragment_id 93 for fragment_formula C4H3N2O2
2026-01-22 15:53:44,951 - INFO - \U0001f504 Found fragment_id 93 for fragment_formula C4H3N2O2
2026-01-22 15:53:44,951 - INFO - \U0001f504 Found fragment_id 94 for fragment_formula OCN
2026-01-22 15:53:44,951 - INFO - \U0001f504 Found fragment_id 94 for fragment_formula OCN
2026-01-22 15:53:44,951 - INFO - \U0001f504 Found fragment_id 94 for fragment_formula OCN
2026-01-22 15:53:44,951 - INFO - \U0001f504 Found fragment_id 95 for fragment_formula H2C3NO
2026-01-22 15:53:44,951 - INFO - \U0001f504 Found fragment_id 95 for fragment_formula H2C3NO
2026-01-22 15:53:44,951 - INFO - \U0001f504 Found fragment_id 2 for fragment_formula Cl
2026-01-22 15:53:44,951 - INFO - \U0001f504 Found fragment_id 5 for fragment_formula I
2026-01-22 15:53:44,951 - INFO - \U0001f504 Found fragment_id 2 for fragment_formula Cl
2026-01-22 15:53:44,952 - INFO - \U0001f504 Found fragment_id 56 for fragment_formula C6F5
2026-01-22 15:53:44,952 - INFO - \U0001f504 Found fragment_id 4 for fragment_formula Br
2026-01-22 15:53:44,952 - INFO - \U0001f504 Found fragment_id 56 for fragment_formula C6F5
2026-01-22 15:53:44,952 - INFO - \U0001f504 Found fragment_id 5 for fragment_formula I
2026-01-22 15:53:44,952 - INFO - \U0001f504 Found fragment_id 56 for fragment_formula C6F5
2026-01-22 15:53:44,952 - INFO - \U0001f504 Found fragment_id 2 for fragment_formula Cl
2026-01-22 15:53:44,952 - INFO - \U0001f504 Found fragment_id 2 for fragment_formula Cl
2026-01-22 15:53:44,952 - INFO - \U0001f504 Found fragment_id 2 for fragment_formula Cl
2026-01-22 15:53:44,952 - INFO - \U0001f504 Found fragment_id 4 for fragment_formula Br
2026-01-22 15:53:44,952 - INFO - \U0001f504 Found fragment_id 2 for fragment_formula Cl
2026-01-22 15:53:44,952 - INFO - \U0001f504 Found fragment_id 5 for fragment_formula I
2026-01-22 15:53:44,952 - INFO - \U0001f504 Found fragment_id 2 for fragment_formula Cl
2026-01-22 15:53:44,953 - INFO - \U0001f504 Found fragment_id 2 for fragment_formula Cl
2026-01-22 15:53:44,953 - INFO - \U0001f504 Found fragment_id 44 for fragment_formula NO2
2026-01-22 15:53:44,953 - INFO - \U0001f504 Found fragment_id 44 for fragment_formula NO2
2026-01-22 15:53:44,953 - INFO - \U0001f504 Found fragment_id 5 for fragment_formula I
2026-01-22 15:53:44,953 - INFO - \U0001f504 Found fragment_id 5 for fragment_formula I
2026-01-22 15:53:44,953 - INFO - \U0001f504 Found fragment_id 44 for fragment_formula NO2
2026-01-22 15:53:44,953 - INFO - \U0001f504 Found fragment_id 92 for fragment_formula C4H3BrN2O2
2026-01-22 15:53:44,953 - INFO - \U0001f504 Found fragment_id 92 for fragment_formula C4H3BrN2O2
2026-01-22 15:53:44,953 - INFO - \U0001f504 Found fragment_id 92 for fragment_formula C4H3BrN2O2
2026-01-22 15:53:44,953 - INFO - \U0001f504 Found fragment_id 4 for fragment_formula Br
2026-01-22 15:53:44,953 - INFO - \U0001f504 Found fragment_id 4 for fragment_formula Br
2026-01-22 15:53:44,953 - INFO - \U0001f504 Found fragment_id 93 for fragment_formula C4H3N2O2
2026-01-22 15:53:44,954 - INFO - \U0001f504 Found fragment_id 93 for fragment_formula C4H3N2O2
2026-01-22 15:53:44,954 - INFO - \U0001f504 Found fragment_id 95 for fragment_formula H2C3NO
2026-01-22 15:53:44,954 - INFO - \U0001f504 Found fragment_id 95 for fragment_formula H2C3NO
2026-01-22 15:53:44,954 - INFO - \U0001f504 Found fragment_id 95 for fragment_formula H2C3NO
2026-01-22 15:53:44,954 - INFO - \U0001f504 Found fragment_id 94 for fragment_formula OCN
2026-01-22 15:53:44,954 - INFO - \U0001f504 Found fragment_id 94 for fragment_formula OCN
2026-01-22 15:53:44,954 - INFO - \U0001f504 Found fragment_id 94 for fragment_formula OCN
2026-01-22 15:53:44,954 - INFO - \U0001f504 Found fragment_id 96 for fragment_formula C4H3ClN2O2
2026-01-22 15:53:44,954 - INFO - \U0001f504 Found fragment_id 96 for fragment_formula C4H3ClN2O2
2026-01-22 15:53:44,954 - INFO - \U0001f504 Found fragment_id 2 for fragment_formula Cl
2026-01-22 15:53:44,954 - INFO - \U0001f504 Found fragment_id 2 for fragment_formula Cl
2026-01-22 15:53:44,954 - INFO - \U0001f504 Found fragment_id 97 for fragment_formula C4H2N2O2
2026-01-22 15:53:44,955 - INFO - \U0001f504 Found fragment_id 97 for fragment_formula C4H2N2O2
2026-01-22 15:53:44,955 - INFO - \U0001f504 Found fragment_id 95 for fragment_formula H2C3NO
2026-01-22 15:53:44,955 - INFO - \U0001f504 Found fragment_id 95 for fragment_formula H2C3NO
2026-01-22 15:53:44,955 - INFO - \U0001f504 Found fragment_id 94 for fragment_formula OCN
2026-01-22 15:53:44,955 - INFO - \U0001f504 Found fragment_id 94 for fragment_formula OCN
2026-01-22 15:53:44,955 - INFO - \U0001f504 Found fragment_id 94 for fragment_formula OCN
2026-01-22 15:53:44,955 - INFO - \U0001f504 Found fragment_id 98 for fragment_formula C4H3IN2O2
2026-01-22 15:53:44,955 - INFO - \U0001f504 Found fragment_id 98 for fragment_formula C4H3IN2O2
2026-01-22 15:53:44,955 - INFO - \U0001f504 Found fragment_id 98 for fragment_formula C4H3IN2O2
2026-01-22 15:53:44,955 - INFO - \U0001f504 Found fragment_id 5 for fragment_formula I
2026-01-22 15:53:44,955 - INFO - \U0001f504 Found fragment_id 5 for fragment_formula I
2026-01-22 15:53:44,956 - INFO - \U0001f504 Found fragment_id 93 for fragment_formula C4H3N2O2
2026-01-22 15:53:44,956 - INFO - \U0001f504 Found fragment_id 93 for fragment_formula C4H3N2O2
2026-01-22 15:53:44,956 - INFO - \U0001f504 Found fragment_id 95 for fragment_formula H2C3NO
2026-01-22 15:53:44,956 - INFO - \U0001f504 Found fragment_id 95 for fragment_formula H2C3NO
2026-01-22 15:53:44,956 - INFO - \U0001f504 Found fragment_id 94 for fragment_formula OCN
2026-01-22 15:53:44,956 - INFO - \U0001f504 Found fragment_id 94 for fragment_formula OCN
2026-01-22 15:53:44,956 - INFO - \U0001f504 Found fragment_id 94 for fragment_formula OCN
2026-01-22 15:53:44,956 - INFO - \U0001f504 Found fragment_id 62 for fragment_formula CN
2026-01-22 15:53:44,956 - INFO - \U0001f504 Found fragment_id 99 for fragment_formula C4H3FN2O2
2026-01-22 15:53:44,956 - INFO - \U0001f504 Found fragment_id 99 for fragment_formula C4H3FN2O2
2026-01-22 15:53:44,956 - INFO - \U0001f504 Found fragment_id 95 for fragment_formula H2C3NO
2026-01-22 15:53:44,956 - INFO - \U0001f504 Found fragment_id 95 for fragment_formula H2C3NO
2026-01-22 15:53:44,957 - INFO - \U0001f504 Found fragment_id 95 for fragment_formula H2C3NO
2026-01-22 15:53:44,957 - INFO - \U0001f504 Found fragment_id 95 for fragment_formula H2C3NO
2026-01-22 15:53:44,957 - INFO - \U0001f504 Found fragment_id 94 for fragment_formula OCN
2026-01-22 15:53:44,957 - INFO - \U0001f504 Found fragment_id 94 for fragment_formula OCN
2026-01-22 15:53:44,957 - INFO - \U0001f504 Found fragment_id 94 for fragment_formula OCN
2026-01-22 15:53:44,957 - INFO - \U0001f504 Found fragment_id 94 for fragment_formula OCN
2026-01-22 15:53:44,957 - INFO - \U0001f504 Found fragment_id 62 for fragment_formula CN
2026-01-22 15:53:44,957 - INFO - \U0001f504 Found fragment_id 62 for fragment_formula CN
2026-01-22 15:53:44,958 - INFO - SELECT molecules.name AS molecules_name, molecules.id AS molecules_id 
FROM molecules
2026-01-22 15:53:44,958 - INFO - [cached since 0.4784s ago] {}
2026-01-22 15:53:44,959 - INFO - SELECT fragments.formula AS fragments_formula, fragments.id AS fragments_id 
FROM fragments
2026-01-22 15:53:44,959 - INFO - [cached since 0.0488s ago] {}
2026-01-22 15:53:44,962 - WARNING - \u26a0\ufe0f Molecule with name Dichloromethane not found!
2026-01-22 15:53:44,964 - INFO - SELECT bdes.id AS bdes_id, bdes.molecule_id AS bdes_molecule_id, bdes.fragment_id AS bdes_fragment_id, bdes.bde_values AS bdes_bde_values 
FROM bdes 
WHERE bdes.id = %(id_1)s 
 LIMIT %(param_1)s
2026-01-22 15:53:44,964 - INFO - [generated in 0.00021s] {'id_1': 1.0, 'param_1': 1}
2026-01-22 15:53:44,966 - INFO - \u2705 Inserted Bde: {'id': 1.0, 'molecule_id': nan, 'fragment_id': 2, 'bde_values': [3.4908]}
2026-01-22 15:53:44,966 - WARNING - \u26a0\ufe0f Molecule with name 1,2-Dichloroethane not found!
2026-01-22 15:53:44,969 - INFO - INSERT INTO bdes (id, molecule_id, fragment_id, bde_values) VALUES (%(id)s, %(molecule_id)s, %(fragment_id)s, %(bde_values)s::JSON)
2026-01-22 15:53:44,969 - INFO - [generated in 0.00057s] {'id': 1.0, 'molecule_id': nan, 'fragment_id': 2, 'bde_values': '[3.4908]'}
2026-01-22 15:53:44,983 - INFO - ROLLBACK
2026-01-22 15:53:44,985 - ERROR - \u274c Error inserting/updating data: (raised as a result of Query-invoked autoflush; consider using a session.no_autoflush block if this flush is occurring prematurely)
(psycopg2.errors.NumericValueOutOfRange) integer out of range

[SQL: INSERT INTO bdes (id, molecule_id, fragment_id, bde_values) VALUES (%(id)s, %(molecule_id)s, %(fragment_id)s, %(bde_values)s::JSON)]
[parameters: {'id': 1.0, 'molecule_id': nan, 'fragment_id': 2, 'bde_values': '[3.4908]'}]
(Background on this error at: https://sqlalche.me/e/20/9h9h)
2026-01-22 15:57:43,984 - INFO - select pg_catalog.version()
2026-01-22 15:57:43,985 - INFO - [raw sql] {}
2026-01-22 15:57:43,986 - INFO - select current_schema()
2026-01-22 15:57:43,986 - INFO - [raw sql] {}
2026-01-22 15:57:43,987 - INFO - show standard_conforming_strings
2026-01-22 15:57:43,987 - INFO - [raw sql] {}
2026-01-22 15:57:43,988 - INFO - BEGIN (implicit)
2026-01-22 15:57:44,031 - INFO - SELECT level1_categories.name AS level1_categories_name, level1_categories.id AS level1_categories_id 
FROM level1_categories
2026-01-22 15:57:44,032 - INFO - [generated in 0.00040s] {}
2026-01-22 15:57:44,035 - INFO - SELECT level2_categories.name AS level2_categories_name, level2_categories.id AS level2_categories_id 
FROM level2_categories
2026-01-22 15:57:44,035 - INFO - [generated in 0.00027s] {}
2026-01-22 15:57:44,037 - INFO - SELECT level3_categories.name AS level3_categories_name, level3_categories.id AS level3_categories_id 
FROM level3_categories
2026-01-22 15:57:44,037 - INFO - [generated in 0.00019s] {}
2026-01-22 15:57:44,039 - INFO - SELECT level4_categories.name AS level4_categories_name, level4_categories.id AS level4_categories_id 
FROM level4_categories
2026-01-22 15:57:44,039 - INFO - [generated in 0.00016s] {}
2026-01-22 15:57:44,042 - INFO - SELECT families.id AS families_id, families.level1_id AS families_level1_id, families.level2_id AS families_level2_id, families.level4_id AS families_level4_id 
FROM families
2026-01-22 15:57:44,042 - INFO - [generated in 0.00046s] {}
2026-01-22 15:57:44,089 - WARNING - \u26a0\ufe0f Skipping molecule Dichloromethane: Invalid level name(s) - Aliphatic, Alkanes
2026-01-22 15:57:44,090 - WARNING - \u26a0\ufe0f Skipping molecule 1,2-Dichloroethane: Invalid level name(s) - Aliphatic, Alkanes
2026-01-22 15:57:44,092 - WARNING - \u26a0\ufe0f Skipping molecule 1,3-Dichloropropane: Invalid level name(s) - Aliphatic, Alkanes
2026-01-22 15:57:44,093 - WARNING - \u26a0\ufe0f Skipping molecule 1,4-Dichlorobutane: Invalid level name(s) - Aliphatic, Alkanes
2026-01-22 15:57:44,094 - WARNING - \u26a0\ufe0f Skipping molecule 1,5-Dichloropentane: Invalid level name(s) - Aliphatic, Alkanes
2026-01-22 15:57:44,095 - WARNING - \u26a0\ufe0f Skipping molecule 1,6-Dichlorohexane: Invalid level name(s) - Aliphatic, Alkanes
2026-01-22 15:57:44,096 - WARNING - \u26a0\ufe0f Skipping molecule 1,8-Dichlorooctane: Invalid level name(s) - Aliphatic, Alkanes
2026-01-22 15:57:44,097 - WARNING - \u26a0\ufe0f Skipping molecule 1,1-Dichloroethane: Invalid level name(s) - Aliphatic, Alkanes
2026-01-22 15:57:44,099 - WARNING - \u26a0\ufe0f Skipping molecule 1,1-Dichloropropane: Invalid level name(s) - Aliphatic, Alkanes
2026-01-22 15:57:44,100 - WARNING - \u26a0\ufe0f Skipping molecule 2,2-Dichloropropane: Invalid level name(s) - Aliphatic, Alkanes
2026-01-22 15:57:44,101 - WARNING - \u26a0\ufe0f Skipping molecule 1,2-Dichloropropane: Invalid level name(s) - Aliphatic, Alkanes
2026-01-22 15:57:44,103 - WARNING - \u26a0\ufe0f Skipping molecule 1,2-Dichloro-2-methylpropane: Invalid level name(s) - Aliphatic, Alkanes
2026-01-22 15:57:44,104 - WARNING - \u26a0\ufe0f Skipping molecule 2,3-Dichlorobutane: Invalid level name(s) - Aliphatic, Alkanes
2026-01-22 15:57:44,105 - WARNING - \u26a0\ufe0f Skipping molecule 1,3-Dichlorobutane: Invalid level name(s) - Aliphatic, Alkanes
2026-01-22 15:57:44,106 - WARNING - \u26a0\ufe0f Skipping molecule Trichloromethane: Invalid level name(s) - Aliphatic, Alkanes
2026-01-22 15:57:44,107 - WARNING - \u26a0\ufe0f Skipping molecule 1,1,1-Trichloroethane: Invalid level name(s) - Aliphatic, Alkanes
2026-01-22 15:57:44,108 - WARNING - \u26a0\ufe0f Skipping molecule 1,1,2-Trichloroethane: Invalid level name(s) - Aliphatic, Alkanes
2026-01-22 15:57:44,124 - WARNING - \u26a0\ufe0f Skipping molecule 1,1,2-Trichloro-2-methylpropane: Invalid level name(s) - Aliphatic, Alkanes
2026-01-22 15:57:44,125 - WARNING - \u26a0\ufe0f Skipping molecule 1,2,3-Trichloropropane: Invalid level name(s) - Aliphatic, Alkanes
2026-01-22 15:57:44,126 - WARNING - \u26a0\ufe0f Skipping molecule Tetrachloromethane: Invalid level name(s) - Aliphatic, Alkanes
2026-01-22 15:57:44,127 - WARNING - \u26a0\ufe0f Skipping molecule Methyl chloride: Invalid level name(s) - Aliphatic, Alkanes
2026-01-22 15:57:44,128 - WARNING - \u26a0\ufe0f Skipping molecule Ethyl chloride: Invalid level name(s) - Aliphatic, Alkanes
2026-01-22 15:57:44,129 - WARNING - \u26a0\ufe0f Skipping molecule 1-Chloropropane: Invalid level name(s) - Aliphatic, Alkanes
2026-01-22 15:57:44,130 - WARNING - \u26a0\ufe0f Skipping molecule 1-Chlorobutane: Invalid level name(s) - Aliphatic, Alkanes
2026-01-22 15:57:44,132 - WARNING - \u26a0\ufe0f Skipping molecule 1-Chloropentane: Invalid level name(s) - Aliphatic, Alkanes
2026-01-22 15:57:44,133 - WARNING - \u26a0\ufe0f Skipping molecule 1-Chlorohexane: Invalid level name(s) - Aliphatic, Alkanes
2026-01-22 15:57:44,134 - WARNING - \u26a0\ufe0f Skipping molecule 1-Chloroheptane: Invalid level name(s) - Aliphatic, Alkanes
2026-01-22 15:57:44,135 - WARNING - \u26a0\ufe0f Skipping molecule 1-Chlorooctane: Invalid level name(s) - Aliphatic, Alkanes
2026-01-22 15:57:44,137 - WARNING - \u26a0\ufe0f Skipping molecule 1-Chlorononane: Invalid level name(s) - Aliphatic, Alkanes
2026-01-22 15:57:44,138 - WARNING - \u26a0\ufe0f Skipping molecule 2-Chloropropane: Invalid level name(s) - Aliphatic, Alkanes
2026-01-22 15:57:44,139 - WARNING - \u26a0\ufe0f Skipping molecule 2-Chlorobutane: Invalid level name(s) - Aliphatic, Alkanes
2026-01-22 15:57:44,140 - WARNING - \u26a0\ufe0f Skipping molecule tert-Butyl chloride: Invalid level name(s) - Aliphatic, Alkanes
2026-01-22 15:57:44,142 - WARNING - \u26a0\ufe0f Skipping molecule Cyclobutyl chloride: Invalid level name(s) - Aliphatic, Cycloalkanes
2026-01-22 15:57:44,143 - WARNING - \u26a0\ufe0f Skipping molecule Cyclopentyl chloride: Invalid level name(s) - Aliphatic, Cycloalkanes
2026-01-22 15:57:44,146 - WARNING - \u26a0\ufe0f Skipping molecule Cyclohexyl chloride: Invalid level name(s) - Aliphatic, Cycloalkanes
2026-01-22 15:57:44,148 - WARNING - \u26a0\ufe0f Skipping molecule Chlorobenzene: Invalid level name(s) - Aromatic, Benzenes
2026-01-22 15:57:44,151 - WARNING - \u26a0\ufe0f Skipping molecule Benzyl chloride: Invalid level name(s) - Aromatic, Benzenes
2026-01-22 15:57:44,152 - WARNING - \u26a0\ufe0f Skipping molecule (2-chloroethyl)benzene: Invalid level name(s) - Aromatic, Benzenes
2026-01-22 15:57:44,153 - WARNING - \u26a0\ufe0f Skipping molecule Bromobenzene: Invalid level name(s) - Aromatic, Benzenes
2026-01-22 15:57:44,157 - WARNING - \u26a0\ufe0f Skipping molecule Benzyl bromide: Invalid level name(s) - Aromatic, Benzenes
2026-01-22 15:57:44,158 - WARNING - \u26a0\ufe0f Skipping molecule 2-Phenylethyl bromide: Invalid level name(s) - Aromatic, Benzenes
2026-01-22 15:57:44,160 - WARNING - \u26a0\ufe0f Skipping molecule 1-Bromo-3-phenylpropane: Invalid level name(s) - Aromatic, Benzenes
2026-01-22 15:57:44,161 - WARNING - \u26a0\ufe0f Skipping molecule 4-Bromochlorobenzene: Invalid level name(s) - Aromatic, Benzenes
2026-01-22 15:57:44,162 - WARNING - \u26a0\ufe0f Skipping molecule Tetrafluoromethane: Invalid level name(s) - Aliphatic, Alkanes
2026-01-22 15:57:44,163 - WARNING - \u26a0\ufe0f Skipping molecule Hexafluoroethane: Invalid level name(s) - Aliphatic, Alkanes
2026-01-22 15:57:44,164 - WARNING - \u26a0\ufe0f Skipping molecule Octafluoropropane: Invalid level name(s) - Aliphatic, Alkanes
2026-01-22 15:57:44,166 - WARNING - \u26a0\ufe0f Skipping molecule Perflubutane: Invalid level name(s) - Aliphatic, Alkanes
2026-01-22 15:57:44,167 - WARNING - \u26a0\ufe0f Skipping molecule Perfluoroisobutane: Invalid level name(s) - Aliphatic, Alkanes
2026-01-22 15:57:44,168 - WARNING - \u26a0\ufe0f Skipping molecule Perfluoropentane: Invalid level name(s) - Aliphatic, Alkanes
2026-01-22 15:57:44,169 - WARNING - \u26a0\ufe0f Skipping molecule Perfluorohexane: Invalid level name(s) - Aliphatic, Alkanes
2026-01-22 15:57:44,170 - WARNING - \u26a0\ufe0f Skipping molecule Chlorofluoromethane: Invalid level name(s) - Aliphatic, Alkanes
2026-01-22 15:57:44,172 - WARNING - \u26a0\ufe0f Skipping molecule Chlorodifluoromethane: Invalid level name(s) - Aliphatic, Alkanes
2026-01-22 15:57:44,173 - WARNING - \u26a0\ufe0f Skipping molecule Chlorotrifluoromethane: Invalid level name(s) - Aliphatic, Alkanes
2026-01-22 15:57:44,174 - WARNING - \u26a0\ufe0f Skipping molecule Dichlorodifluoromethane: Invalid level name(s) - Aliphatic, Alkanes
2026-01-22 15:57:44,176 - WARNING - \u26a0\ufe0f Skipping molecule Trichlorofluoromethane: Invalid level name(s) - Aliphatic, Alkanes
2026-01-22 15:57:44,177 - WARNING - \u26a0\ufe0f Skipping molecule Bromoethane: Invalid level name(s) - Aliphatic, Alkanes
2026-01-22 15:57:44,178 - WARNING - \u26a0\ufe0f Skipping molecule 1-Bromopropane: Invalid level name(s) - Aliphatic, Alkanes
2026-01-22 15:57:44,179 - WARNING - \u26a0\ufe0f Skipping molecule 2-Bromopropane: Invalid level name(s) - Aliphatic, Alkanes
2026-01-22 15:57:44,180 - WARNING - \u26a0\ufe0f Skipping molecule 1,2-Dibromoethane: Invalid level name(s) - Aliphatic, Alkanes
2026-01-22 15:57:44,182 - WARNING - \u26a0\ufe0f Skipping molecule 1-Bromo-3-chloropropane: Invalid level name(s) - Aliphatic, Alkanes
2026-01-22 15:57:44,185 - WARNING - \u26a0\ufe0f Skipping molecule 1-Bromo-2-chloroethane: Invalid level name(s) - Aliphatic, Alkanes
2026-01-22 15:57:44,187 - WARNING - \u26a0\ufe0f Skipping molecule 1-Chloro-2-bromopropane: Invalid level name(s) - Aliphatic, Alkanes
2026-01-22 15:57:44,189 - WARNING - \u26a0\ufe0f Skipping molecule 2-Bromo-2-chloro-1,1,1-trifluoroethane: Invalid level name(s) - Aliphatic, Alkanes
2026-01-22 15:57:44,191 - WARNING - \u26a0\ufe0f Skipping molecule 1,1,2,2-Tetrachloroethane: Invalid level name(s) - Aliphatic, Alkanes
2026-01-22 15:57:44,192 - WARNING - \u26a0\ufe0f Skipping molecule Trifluoroiodomethane: Invalid level name(s) - Aliphatic, Alkanes
2026-01-22 15:57:44,193 - WARNING - \u26a0\ufe0f Skipping molecule 1,2-Dichlorobenzene: Invalid level name(s) - Aromatic, Benzenes
2026-01-22 15:57:44,195 - WARNING - \u26a0\ufe0f Skipping molecule Bromobenzene-d5: Invalid level name(s) - Aromatic, Benzenes
2026-01-22 15:57:44,196 - WARNING - \u26a0\ufe0f Skipping molecule 2-Bromotoluene: Invalid level name(s) - Aromatic, Benzenes
2026-01-22 15:57:44,197 - WARNING - \u26a0\ufe0f Skipping molecule 2-Chlorotoluene: Invalid level name(s) - Aromatic, Benzenes
2026-01-22 15:57:44,199 - WARNING - \u26a0\ufe0f Skipping molecule 1-Bromobutane: Invalid level name(s) - Aliphatic, Alkanes
2026-01-22 15:57:44,201 - WARNING - \u26a0\ufe0f Skipping molecule 2-Bromobutane: Invalid level name(s) - Aliphatic, Alkanes
2026-01-22 15:57:44,202 - WARNING - \u26a0\ufe0f Skipping molecule Bromocyclopropane: Invalid level name(s) - Aliphatic, Cycloalkanes
2026-01-22 15:57:44,203 - WARNING - \u26a0\ufe0f Skipping molecule Bromocyclopentane: Invalid level name(s) - Aliphatic, Cycloalkanes
2026-01-22 15:57:44,204 - WARNING - \u26a0\ufe0f Skipping molecule Bromocyclohexane: Invalid level name(s) - Aliphatic, Cycloalkanes
2026-01-22 15:57:44,206 - WARNING - \u26a0\ufe0f Skipping molecule 2-Bromo-2-methylpropane: Invalid level name(s) - Aliphatic, Alkanes
2026-01-22 15:57:44,207 - WARNING - \u26a0\ufe0f Skipping molecule Bromoethene: Invalid level name(s) - Aliphatic, Alkenes
2026-01-22 15:57:44,209 - WARNING - \u26a0\ufe0f Skipping molecule cis-1-bromo-1-propene: Invalid level name(s) - Aliphatic, Alkenes
2026-01-22 15:57:44,210 - WARNING - \u26a0\ufe0f Skipping molecule trans-1-bromo-1-propene: Invalid level name(s) - Aliphatic, Alkenes
2026-01-22 15:57:44,212 - WARNING - \u26a0\ufe0f Skipping molecule 2-Bromopropene: Invalid level name(s) - Aliphatic, Alkenes
2026-01-22 15:57:44,215 - WARNING - \u26a0\ufe0f Skipping molecule 3-Bromopropene: Invalid level name(s) - Aliphatic, Alkenes
2026-01-22 15:57:44,219 - WARNING - \u26a0\ufe0f Skipping molecule 1-Bromobut-2-ene: Invalid level name(s) - Aliphatic, Alkenes
2026-01-22 15:57:44,221 - WARNING - \u26a0\ufe0f Skipping molecule 3-Bromocyclohex-1-ene: Invalid level name(s) - Aliphatic, Cycloalkenes
2026-01-22 15:57:44,223 - WARNING - \u26a0\ufe0f Skipping molecule 4-bromobut-1-ene: Invalid level name(s) - Aliphatic, Alkenes
2026-01-22 15:57:44,226 - WARNING - \u26a0\ufe0f Skipping molecule 5-bromo-1-pentene: Invalid level name(s) - Aliphatic, Alkenes
2026-01-22 15:57:44,228 - WARNING - \u26a0\ufe0f Skipping molecule 6-bromo-1-hexene: Invalid level name(s) - Aliphatic, Alkenes
2026-01-22 15:57:44,229 - WARNING - \u26a0\ufe0f Skipping molecule Difluoromethane: Invalid level name(s) - Aliphatic, Alkanes
2026-01-22 15:57:44,230 - WARNING - \u26a0\ufe0f Skipping molecule Bromotrifluoromethane: Invalid level name(s) - Aliphatic, Alkanes
2026-01-22 15:57:44,231 - WARNING - \u26a0\ufe0f Skipping molecule Dibromodifluoromethane: Invalid level name(s) - Aliphatic, Alkanes
2026-01-22 15:57:44,233 - WARNING - \u26a0\ufe0f Skipping molecule Bromochloromethane: Invalid level name(s) - Aliphatic, Alkanes
2026-01-22 15:57:44,234 - WARNING - \u26a0\ufe0f Skipping molecule 1-Bromo-4-chlorobutane: Invalid level name(s) - Aliphatic, Alkanes
2026-01-22 15:57:44,236 - WARNING - \u26a0\ufe0f Skipping molecule Dibromomethane: Invalid level name(s) - Aliphatic, Alkanes
2026-01-22 15:57:44,237 - WARNING - \u26a0\ufe0f Skipping molecule 1,3-Dibromopropane: Invalid level name(s) - Aliphatic, Alkanes
2026-01-22 15:57:44,238 - WARNING - \u26a0\ufe0f Skipping molecule 1,4-Dibromobutane: Invalid level name(s) - Aliphatic, Alkanes
2026-01-22 15:57:44,239 - WARNING - \u26a0\ufe0f Skipping molecule Tribromomethane: Invalid level name(s) - Aliphatic, Alkanes
2026-01-22 15:57:44,240 - WARNING - \u26a0\ufe0f Skipping molecule Triiodomethane: Invalid level name(s) - Aliphatic, Alkanes
2026-01-22 15:57:44,241 - WARNING - \u26a0\ufe0f Skipping molecule 2-Chloro-2,2-difluoroacetic acid: Invalid level name(s) - Aliphatic, Alkanes
2026-01-22 15:57:44,243 - WARNING - \u26a0\ufe0f Skipping molecule m-Chloronitrobenzene: Invalid level name(s) - Aromatic, Benzenes
2026-01-22 15:57:44,245 - WARNING - \u26a0\ufe0f Skipping molecule Perfluorodiglyme: Invalid level name(s) - Aliphatic, Alkanes
2026-01-22 15:57:44,246 - WARNING - \u26a0\ufe0f Skipping molecule Perfluorotriglyme: Invalid level name(s) - Aliphatic, Alkanes
2026-01-22 15:57:44,247 - WARNING - \u26a0\ufe0f Skipping molecule Perfluorocrownether: Invalid level name(s) - Aliphatic, Alkanes
2026-01-22 15:57:44,249 - WARNING - \u26a0\ufe0f Skipping molecule Pentafluoronitrobenzene: Invalid level name(s) - Aromatic, Benzenes
2026-01-22 15:57:44,251 - WARNING - \u26a0\ufe0f Skipping molecule Pentafluorobenzonitrile: Invalid level name(s) - Aromatic, Benzenes
2026-01-22 15:57:44,253 - WARNING - \u26a0\ufe0f Skipping molecule Pentafluoroiodoethane: Invalid level name(s) - Aliphatic, Alkanes
2026-01-22 15:57:44,254 - WARNING - \u26a0\ufe0f Skipping molecule 3-Chloro-1-propene: Invalid level name(s) - Aliphatic, Alkanes
2026-01-22 15:57:44,256 - WARNING - \u26a0\ufe0f Skipping molecule 4-Chloro-1-butene: Invalid level name(s) - Aliphatic, Alkanes
2026-01-22 15:57:44,258 - WARNING - \u26a0\ufe0f Skipping molecule 5-Chloro-1-pentene: Invalid level name(s) - Aliphatic, Alkanes
2026-01-22 15:57:44,259 - WARNING - \u26a0\ufe0f Skipping molecule 6-Chloro-1-hexene: Invalid level name(s) - Aliphatic, Alkanes
2026-01-22 15:57:44,260 - WARNING - \u26a0\ufe0f Skipping molecule 1-Chloro-3-phenylpropane: Invalid level name(s) - Aromatic, Benzenes
2026-01-22 15:57:44,261 - WARNING - \u26a0\ufe0f Skipping molecule 1-Chloro-4-phenylbutane: Invalid level name(s) - Aromatic, Benzenes
2026-01-22 15:57:44,262 - WARNING - \u26a0\ufe0f Skipping molecule trans-1,2-Dichlorocyclohexane: Invalid level name(s) - Aliphatic, Cycloalkanes
2026-01-22 15:57:44,264 - WARNING - \u26a0\ufe0f Skipping molecule 2-Chloroethanol: Invalid level name(s) - Aliphatic, Alkanes
2026-01-22 15:57:44,265 - WARNING - \u26a0\ufe0f Skipping molecule 3-Chloropropanol: Invalid level name(s) - Aliphatic, Alkanes
2026-01-22 15:57:44,267 - WARNING - \u26a0\ufe0f Skipping molecule 3-Chloro-1,2-propanediol: Invalid level name(s) - Aliphatic, Alkanes
2026-01-22 15:57:44,268 - WARNING - \u26a0\ufe0f Skipping molecule 1,3-Dichloro-2-propanol: Invalid level name(s) - Aliphatic, Alkanes
2026-01-22 15:57:44,269 - WARNING - \u26a0\ufe0f Skipping molecule 4-Bromodiphenyl ether: Invalid level name(s) - Aromatic, Benzenes
2026-01-22 15:57:44,271 - WARNING - \u26a0\ufe0f Skipping molecule 4-Bromophenyl ether: Invalid level name(s) - Aromatic, Benzenes
2026-01-22 15:57:44,272 - WARNING - \u26a0\ufe0f Skipping molecule Decabromodiphenyl ether: Invalid level name(s) - Aromatic, Benzenes
2026-01-22 15:57:44,273 - WARNING - \u26a0\ufe0f Skipping molecule Hexachlorobenzene: Invalid level name(s) - Aromatic, Benzenes
2026-01-22 15:57:44,275 - WARNING - \u26a0\ufe0f Skipping molecule 5-Bromouracil: Invalid level name(s) - Heterocyclic, Nitrogen-Containing Heterocycles
2026-01-22 15:57:44,276 - WARNING - \u26a0\ufe0f Skipping molecule Iodobenzene: Invalid level name(s) - Aromatic, Benzenes
2026-01-22 15:57:44,278 - WARNING - \u26a0\ufe0f Skipping molecule Chloropentafluorobenzene: Invalid level name(s) - Aromatic, Benzenes
2026-01-22 15:57:44,279 - WARNING - \u26a0\ufe0f Skipping molecule Bromopentafluorobenzene: Invalid level name(s) - Aromatic, Benzenes
2026-01-22 15:57:44,280 - WARNING - \u26a0\ufe0f Skipping molecule Iodopentafluorobenzene: Invalid level name(s) - Aromatic, Benzenes
2026-01-22 15:57:44,283 - WARNING - \u26a0\ufe0f Skipping molecule o-Chlorofluorobenzene: Invalid level name(s) - Aromatic, Benzenes
2026-01-22 15:57:44,285 - WARNING - \u26a0\ufe0f Skipping molecule m-Chlorofluorobenzene: Invalid level name(s) - Aromatic, Benzenes
2026-01-22 15:57:44,287 - WARNING - \u26a0\ufe0f Skipping molecule m-Chlorobromobenzene: Invalid level name(s) - Aromatic, Benzenes
2026-01-22 15:57:44,290 - WARNING - \u26a0\ufe0f Skipping molecule m-Chloroiodobenzene: Invalid level name(s) - Aromatic, Benzenes
2026-01-22 15:57:44,291 - WARNING - \u26a0\ufe0f Skipping molecule m-Iodonitrobenzene: Invalid level name(s) - Aromatic, Benzenes
2026-01-22 15:57:44,293 - WARNING - \u26a0\ufe0f Skipping molecule 5-Chlorouracil: Invalid level name(s) - Heterocyclic, Nitrogen-Containing Heterocycles
2026-01-22 15:57:44,295 - WARNING - \u26a0\ufe0f Skipping molecule 5-Iodouracil: Invalid level name(s) - Heterocyclic, Nitrogen-Containing Heterocycles
2026-01-22 15:57:44,296 - WARNING - \u26a0\ufe0f Skipping molecule 5-Fluorouracil: Invalid level name(s) - Heterocyclic, Nitrogen-Containing Heterocycles
2026-01-22 15:57:44,298 - INFO - SELECT molecules.name AS molecules_name, molecules.id AS molecules_id 
FROM molecules
2026-01-22 15:57:44,298 - INFO - [generated in 0.00027s] {}
2026-01-22 15:57:44,301 - INFO - SELECT papers.id AS papers_id 
FROM papers
2026-01-22 15:57:44,302 - INFO - [generated in 0.00024s] {}
2026-01-22 15:57:44,306 - WARNING - \u26a0\ufe0f Molecule Dichloromethane not found in database!
2026-01-22 15:57:44,306 - WARNING - \u26a0\ufe0f Molecule 1,2-Dichloroethane not found in database!
2026-01-22 15:57:44,306 - WARNING - \u26a0\ufe0f Molecule 1,3-Dichloropropane not found in database!
2026-01-22 15:57:44,306 - WARNING - \u26a0\ufe0f Molecule 1,4-Dichlorobutane not found in database!
2026-01-22 15:57:44,306 - WARNING - \u26a0\ufe0f Molecule 1,5-Dichloropentane not found in database!
2026-01-22 15:57:44,306 - WARNING - \u26a0\ufe0f Molecule 1,6-Dichlorohexane not found in database!
2026-01-22 15:57:44,306 - WARNING - \u26a0\ufe0f Molecule 1,8-Dichlorooctane not found in database!
2026-01-22 15:57:44,306 - WARNING - \u26a0\ufe0f Molecule 1,1-Dichloroethane not found in database!
2026-01-22 15:57:44,306 - WARNING - \u26a0\ufe0f Molecule 1,1-Dichloropropane not found in database!
2026-01-22 15:57:44,306 - WARNING - \u26a0\ufe0f Molecule 2,2-Dichloropropane not found in database!
2026-01-22 15:57:44,307 - WARNING - \u26a0\ufe0f Molecule 1,2-Dichloropropane not found in database!
2026-01-22 15:57:44,307 - WARNING - \u26a0\ufe0f Molecule 1,2-Dichloro-2-methylpropane not found in database!
2026-01-22 15:57:44,307 - WARNING - \u26a0\ufe0f Molecule 2,3-Dichlorobutane not found in database!
2026-01-22 15:57:44,307 - WARNING - \u26a0\ufe0f Molecule 1,3-Dichlorobutane not found in database!
2026-01-22 15:57:44,307 - WARNING - \u26a0\ufe0f Molecule Trichloromethane not found in database!
2026-01-22 15:57:44,307 - WARNING - \u26a0\ufe0f Molecule 1,1,1-Trichloroethane not found in database!
2026-01-22 15:57:44,307 - WARNING - \u26a0\ufe0f Molecule 1,1,2-Trichloroethane not found in database!
2026-01-22 15:57:44,307 - WARNING - \u26a0\ufe0f Molecule 1,1,2-Trichloro-2-methylpropane not found in database!
2026-01-22 15:57:44,307 - WARNING - \u26a0\ufe0f Molecule 1,2,3-Trichloropropane not found in database!
2026-01-22 15:57:44,307 - WARNING - \u26a0\ufe0f Molecule Tetrachloromethane not found in database!
2026-01-22 15:57:44,307 - WARNING - \u26a0\ufe0f Molecule Methyl chloride not found in database!
2026-01-22 15:57:44,308 - WARNING - \u26a0\ufe0f Molecule Ethyl chloride not found in database!
2026-01-22 15:57:44,308 - WARNING - \u26a0\ufe0f Molecule 1-Chloropropane not found in database!
2026-01-22 15:57:44,308 - WARNING - \u26a0\ufe0f Molecule 1-Chlorobutane not found in database!
2026-01-22 15:57:44,308 - WARNING - \u26a0\ufe0f Molecule 1-Chloropentane not found in database!
2026-01-22 15:57:44,308 - WARNING - \u26a0\ufe0f Molecule 1-Chlorohexane not found in database!
2026-01-22 15:57:44,308 - WARNING - \u26a0\ufe0f Molecule 1-Chloroheptane not found in database!
2026-01-22 15:57:44,308 - WARNING - \u26a0\ufe0f Molecule 1-Chlorooctane not found in database!
2026-01-22 15:57:44,308 - WARNING - \u26a0\ufe0f Molecule 1-Chlorononane not found in database!
2026-01-22 15:57:44,308 - WARNING - \u26a0\ufe0f Molecule 2-Chloropropane not found in database!
2026-01-22 15:57:44,308 - WARNING - \u26a0\ufe0f Molecule 2-Chlorobutane not found in database!
2026-01-22 15:57:44,308 - WARNING - \u26a0\ufe0f Molecule tert-Butyl chloride not found in database!
2026-01-22 15:57:44,308 - WARNING - \u26a0\ufe0f Molecule Cyclobutyl chloride not found in database!
2026-01-22 15:57:44,309 - WARNING - \u26a0\ufe0f Molecule Cyclopentyl chloride not found in database!
2026-01-22 15:57:44,309 - WARNING - \u26a0\ufe0f Molecule Cyclohexyl chloride not found in database!
2026-01-22 15:57:44,309 - WARNING - \u26a0\ufe0f Molecule Chlorobenzene not found in database!
2026-01-22 15:57:44,309 - WARNING - \u26a0\ufe0f Molecule Benzyl chloride not found in database!
2026-01-22 15:57:44,309 - WARNING - \u26a0\ufe0f Molecule (2-chloroethyl)benzene not found in database!
2026-01-22 15:57:44,309 - WARNING - \u26a0\ufe0f Molecule Bromobenzene not found in database!
2026-01-22 15:57:44,309 - WARNING - \u26a0\ufe0f Molecule Benzyl bromide not found in database!
2026-01-22 15:57:44,309 - WARNING - \u26a0\ufe0f Molecule 2-Phenylethyl bromide not found in database!
2026-01-22 15:57:44,309 - WARNING - \u26a0\ufe0f Molecule 1-Bromo-3-phenylpropane not found in database!
2026-01-22 15:57:44,309 - WARNING - \u26a0\ufe0f Molecule 4-Bromochlorobenzene not found in database!
2026-01-22 15:57:44,310 - WARNING - \u26a0\ufe0f Molecule Tetrafluoromethane not found in database!
2026-01-22 15:57:44,310 - WARNING - \u26a0\ufe0f Molecule Hexafluoroethane not found in database!
2026-01-22 15:57:44,310 - WARNING - \u26a0\ufe0f Molecule Octafluoropropane not found in database!
2026-01-22 15:57:44,310 - WARNING - \u26a0\ufe0f Molecule Perflubutane not found in database!
2026-01-22 15:57:44,310 - WARNING - \u26a0\ufe0f Molecule Perfluoroisobutane not found in database!
2026-01-22 15:57:44,310 - WARNING - \u26a0\ufe0f Molecule Perfluoropentane not found in database!
2026-01-22 15:57:44,310 - WARNING - \u26a0\ufe0f Molecule Perfluorohexane not found in database!
2026-01-22 15:57:44,310 - WARNING - \u26a0\ufe0f Molecule Chlorofluoromethane not found in database!
2026-01-22 15:57:44,310 - WARNING - \u26a0\ufe0f Molecule Chlorodifluoromethane not found in database!
2026-01-22 15:57:44,310 - WARNING - \u26a0\ufe0f Molecule Chlorotrifluoromethane not found in database!
2026-01-22 15:57:44,310 - WARNING - \u26a0\ufe0f Molecule Dichlorodifluoromethane not found in database!
2026-01-22 15:57:44,310 - WARNING - \u26a0\ufe0f Molecule Trichlorofluoromethane not found in database!
2026-01-22 15:57:44,311 - WARNING - \u26a0\ufe0f Molecule Bromoethane not found in database!
2026-01-22 15:57:44,311 - WARNING - \u26a0\ufe0f Molecule 1-Bromopropane not found in database!
2026-01-22 15:57:44,311 - WARNING - \u26a0\ufe0f Molecule 2-Bromopropane not found in database!
2026-01-22 15:57:44,311 - WARNING - \u26a0\ufe0f Molecule 1,2-Dibromoethane not found in database!
2026-01-22 15:57:44,311 - WARNING - \u26a0\ufe0f Molecule 1-Bromo-3-chloropropane not found in database!
2026-01-22 15:57:44,311 - WARNING - \u26a0\ufe0f Molecule 1-Bromo-2-chloroethane not found in database!
2026-01-22 15:57:44,311 - WARNING - \u26a0\ufe0f Molecule 1-Chloro-2-bromopropane not found in database!
2026-01-22 15:57:44,311 - WARNING - \u26a0\ufe0f Molecule 2-Bromo-2-chloro-1,1,1-trifluoroethane not found in database!
2026-01-22 15:57:44,311 - WARNING - \u26a0\ufe0f Molecule 1,1,2,2-Tetrachloroethane not found in database!
2026-01-22 15:57:44,311 - WARNING - \u26a0\ufe0f Molecule Tetrachloromethane not found in database!
2026-01-22 15:57:44,311 - WARNING - \u26a0\ufe0f Molecule Trifluoroiodomethane not found in database!
2026-01-22 15:57:44,311 - WARNING - \u26a0\ufe0f Molecule Dichlorodifluoromethane not found in database!
2026-01-22 15:57:44,312 - WARNING - \u26a0\ufe0f Molecule 1,2-Dichlorobenzene not found in database!
2026-01-22 15:57:44,312 - WARNING - \u26a0\ufe0f Molecule Bromobenzene-d5 not found in database!
2026-01-22 15:57:44,312 - WARNING - \u26a0\ufe0f Molecule Bromobenzene not found in database!
2026-01-22 15:57:44,312 - WARNING - \u26a0\ufe0f Molecule Chlorobenzene not found in database!
2026-01-22 15:57:44,312 - WARNING - \u26a0\ufe0f Molecule 2-Bromotoluene not found in database!
2026-01-22 15:57:44,312 - WARNING - \u26a0\ufe0f Molecule 2-Chlorotoluene not found in database!
2026-01-22 15:57:44,312 - WARNING - \u26a0\ufe0f Molecule Bromoethane not found in database!
2026-01-22 15:57:44,312 - WARNING - \u26a0\ufe0f Molecule 1-Bromopropane not found in database!
2026-01-22 15:57:44,312 - WARNING - \u26a0\ufe0f Molecule 1-Bromobutane not found in database!
2026-01-22 15:57:44,312 - WARNING - \u26a0\ufe0f Molecule 2-Bromopropane not found in database!
2026-01-22 15:57:44,312 - WARNING - \u26a0\ufe0f Molecule 2-Bromobutane not found in database!
2026-01-22 15:57:44,312 - WARNING - \u26a0\ufe0f Molecule Bromocyclopropane not found in database!
2026-01-22 15:57:44,313 - WARNING - \u26a0\ufe0f Molecule Bromocyclopentane not found in database!
2026-01-22 15:57:44,313 - WARNING - \u26a0\ufe0f Molecule Bromocyclohexane not found in database!
2026-01-22 15:57:44,313 - WARNING - \u26a0\ufe0f Molecule 2-Bromo-2-methylpropane not found in database!
2026-01-22 15:57:44,313 - WARNING - \u26a0\ufe0f Molecule Bromoethene not found in database!
2026-01-22 15:57:44,313 - WARNING - \u26a0\ufe0f Molecule cis-1-bromo-1-propene not found in database!
2026-01-22 15:57:44,313 - WARNING - \u26a0\ufe0f Molecule trans-1-bromo-1-propene not found in database!
2026-01-22 15:57:44,313 - WARNING - \u26a0\ufe0f Molecule 2-Bromopropene not found in database!
2026-01-22 15:57:44,313 - WARNING - \u26a0\ufe0f Molecule 3-Bromopropene not found in database!
2026-01-22 15:57:44,313 - WARNING - \u26a0\ufe0f Molecule 1-Bromobut-2-ene not found in database!
2026-01-22 15:57:44,313 - WARNING - \u26a0\ufe0f Molecule 3-Bromocyclohex-1-ene not found in database!
2026-01-22 15:57:44,313 - WARNING - \u26a0\ufe0f Molecule 4-bromobut-1-ene not found in database!
2026-01-22 15:57:44,313 - WARNING - \u26a0\ufe0f Molecule 5-bromo-1-pentene not found in database!
2026-01-22 15:57:44,314 - WARNING - \u26a0\ufe0f Molecule 6-bromo-1-hexene not found in database!
2026-01-22 15:57:44,314 - WARNING - \u26a0\ufe0f Molecule Difluoromethane not found in database!
2026-01-22 15:57:44,314 - WARNING - \u26a0\ufe0f Molecule Chlorotrifluoromethane not found in database!
2026-01-22 15:57:44,314 - WARNING - \u26a0\ufe0f Molecule Bromotrifluoromethane not found in database!
2026-01-22 15:57:44,314 - WARNING - \u26a0\ufe0f Molecule Trifluoroiodomethane not found in database!
2026-01-22 15:57:44,314 - WARNING - \u26a0\ufe0f Molecule Dichlorodifluoromethane not found in database!
2026-01-22 15:57:44,314 - WARNING - \u26a0\ufe0f Molecule Dibromodifluoromethane not found in database!
2026-01-22 15:57:44,314 - WARNING - \u26a0\ufe0f Molecule 1-Chlorobutane not found in database!
2026-01-22 15:57:44,314 - WARNING - \u26a0\ufe0f Molecule Dichloromethane not found in database!
2026-01-22 15:57:44,314 - WARNING - \u26a0\ufe0f Molecule 1,2-Dichloroethane not found in database!
2026-01-22 15:57:44,315 - WARNING - \u26a0\ufe0f Molecule 1,3-Dichloropropane not found in database!
2026-01-22 15:57:44,315 - WARNING - \u26a0\ufe0f Molecule 1-Bromopropane not found in database!
2026-01-22 15:57:44,315 - WARNING - \u26a0\ufe0f Molecule Bromochloromethane not found in database!
2026-01-22 15:57:44,315 - WARNING - \u26a0\ufe0f Molecule 1-Bromo-2-chloroethane not found in database!
2026-01-22 15:57:44,315 - WARNING - \u26a0\ufe0f Molecule 1-Bromo-3-chloropropane not found in database!
2026-01-22 15:57:44,315 - WARNING - \u26a0\ufe0f Molecule 1-Bromo-4-chlorobutane not found in database!
2026-01-22 15:57:44,315 - WARNING - \u26a0\ufe0f Molecule Dibromomethane not found in database!
2026-01-22 15:57:44,315 - WARNING - \u26a0\ufe0f Molecule 1,2-Dibromoethane not found in database!
2026-01-22 15:57:44,315 - WARNING - \u26a0\ufe0f Molecule 1,3-Dibromopropane not found in database!
2026-01-22 15:57:44,315 - WARNING - \u26a0\ufe0f Molecule 1,4-Dibromobutane not found in database!
2026-01-22 15:57:44,315 - WARNING - \u26a0\ufe0f Molecule Tribromomethane not found in database!
2026-01-22 15:57:44,315 - WARNING - \u26a0\ufe0f Molecule Triiodomethane not found in database!
2026-01-22 15:57:44,316 - WARNING - \u26a0\ufe0f Molecule 2-Chloro-2,2-difluoroacetic acid not found in database!
2026-01-22 15:57:44,316 - WARNING - \u26a0\ufe0f Molecule m-Chloronitrobenzene not found in database!
2026-01-22 15:57:44,316 - WARNING - \u26a0\ufe0f Molecule Chlorotrifluoromethane not found in database!
2026-01-22 15:57:44,316 - WARNING - \u26a0\ufe0f Molecule Perfluorodiglyme not found in database!
2026-01-22 15:57:44,316 - WARNING - \u26a0\ufe0f Molecule Perfluorotriglyme not found in database!
2026-01-22 15:57:44,316 - WARNING - \u26a0\ufe0f Molecule Perfluorocrownether not found in database!
2026-01-22 15:57:44,316 - WARNING - \u26a0\ufe0f Molecule Pentafluoronitrobenzene not found in database!
2026-01-22 15:57:44,316 - WARNING - \u26a0\ufe0f Molecule Pentafluorobenzonitrile not found in database!
2026-01-22 15:57:44,316 - WARNING - \u26a0\ufe0f Molecule Pentafluoroiodoethane not found in database!
2026-01-22 15:57:44,316 - WARNING - \u26a0\ufe0f Molecule 3-Chloro-1-propene not found in database!
2026-01-22 15:57:44,316 - WARNING - \u26a0\ufe0f Molecule 4-Chloro-1-butene not found in database!
2026-01-22 15:57:44,316 - WARNING - \u26a0\ufe0f Molecule 5-Chloro-1-pentene not found in database!
2026-01-22 15:57:44,317 - WARNING - \u26a0\ufe0f Molecule 6-Chloro-1-hexene not found in database!
2026-01-22 15:57:44,317 - WARNING - \u26a0\ufe0f Molecule Benzyl chloride not found in database!
2026-01-22 15:57:44,317 - WARNING - \u26a0\ufe0f Molecule (2-chloroethyl)benzene not found in database!
2026-01-22 15:57:44,317 - WARNING - \u26a0\ufe0f Molecule 1-Chloro-3-phenylpropane not found in database!
2026-01-22 15:57:44,317 - WARNING - \u26a0\ufe0f Molecule 1-Chloro-4-phenylbutane not found in database!
2026-01-22 15:57:44,317 - WARNING - \u26a0\ufe0f Molecule trans-1,2-Dichlorocyclohexane not found in database!
2026-01-22 15:57:44,317 - WARNING - \u26a0\ufe0f Molecule 2-Chloroethanol not found in database!
2026-01-22 15:57:44,317 - WARNING - \u26a0\ufe0f Molecule 3-Chloropropanol not found in database!
2026-01-22 15:57:44,317 - WARNING - \u26a0\ufe0f Molecule 3-Chloro-1,2-propanediol not found in database!
2026-01-22 15:57:44,317 - WARNING - \u26a0\ufe0f Molecule 1,3-Dichloro-2-propanol not found in database!
2026-01-22 15:57:44,318 - WARNING - \u26a0\ufe0f Molecule 4-Bromodiphenyl ether not found in database!
2026-01-22 15:57:44,318 - WARNING - \u26a0\ufe0f Molecule 4-Bromophenyl ether not found in database!
2026-01-22 15:57:44,318 - WARNING - \u26a0\ufe0f Molecule Decabromodiphenyl ether not found in database!
2026-01-22 15:57:44,318 - WARNING - \u26a0\ufe0f Molecule Hexachlorobenzene not found in database!
2026-01-22 15:57:44,318 - WARNING - \u26a0\ufe0f Molecule 5-Bromouracil not found in database!
2026-01-22 15:57:44,318 - WARNING - \u26a0\ufe0f Molecule Chlorobenzene not found in database!
2026-01-22 15:57:44,318 - WARNING - \u26a0\ufe0f Molecule Iodobenzene not found in database!
2026-01-22 15:57:44,318 - WARNING - \u26a0\ufe0f Molecule Chloropentafluorobenzene not found in database!
2026-01-22 15:57:44,318 - WARNING - \u26a0\ufe0f Molecule Bromopentafluorobenzene not found in database!
2026-01-22 15:57:44,318 - WARNING - \u26a0\ufe0f Molecule Iodopentafluorobenzene not found in database!
2026-01-22 15:57:44,318 - WARNING - \u26a0\ufe0f Molecule o-Chlorofluorobenzene not found in database!
2026-01-22 15:57:44,318 - WARNING - \u26a0\ufe0f Molecule m-Chlorofluorobenzene not found in database!
2026-01-22 15:57:44,319 - WARNING - \u26a0\ufe0f Molecule m-Chlorobromobenzene not found in database!
2026-01-22 15:57:44,319 - WARNING - \u26a0\ufe0f Molecule m-Chloroiodobenzene not found in database!
2026-01-22 15:57:44,319 - WARNING - \u26a0\ufe0f Molecule m-Chloronitrobenzene not found in database!
2026-01-22 15:57:44,319 - WARNING - \u26a0\ufe0f Molecule m-Iodonitrobenzene not found in database!
2026-01-22 15:57:44,319 - WARNING - \u26a0\ufe0f Molecule 5-Bromouracil not found in database!
2026-01-22 15:57:44,319 - WARNING - \u26a0\ufe0f Molecule 5-Chlorouracil not found in database!
2026-01-22 15:57:44,319 - WARNING - \u26a0\ufe0f Molecule 5-Iodouracil not found in database!
2026-01-22 15:57:44,319 - WARNING - \u26a0\ufe0f Molecule 5-Fluorouracil not found in database!
2026-01-22 15:57:44,322 - WARNING - \u26a0\ufe0f Error calculating molecular weight for fragment Total: unknown element To
2026-01-22 15:57:44,324 - INFO - SELECT fragments.id AS fragments_id, fragments.formula AS fragments_formula, fragments.charge AS fragments_charge, fragments.molecular_weight AS fragments_molecular_weight, fragments.electron_affinity AS fragments_electron_affinity 
FROM fragments 
WHERE fragments.id = %(id_1)s 
 LIMIT %(param_1)s
2026-01-22 15:57:44,324 - INFO - [generated in 0.00029s] {'id_1': 1.0, 'param_1': 1}
2026-01-22 15:57:44,327 - INFO - \u2705 Inserted Fragment: {'id': 1.0, 'formula': 'Total', 'charge': 0.0, 'electron_affinity': 0.0, 'molecular_weight': None}
2026-01-22 15:57:44,331 - INFO - INSERT INTO fragments (id, formula, charge, molecular_weight, electron_affinity) VALUES (%(id)s, %(formula)s, %(charge)s, %(molecular_weight)s, %(electron_affinity)s)
2026-01-22 15:57:44,331 - INFO - [generated in 0.00042s] {'id': 1.0, 'formula': 'Total', 'charge': 0.0, 'molecular_weight': None, 'electron_affinity': 0.0}
2026-01-22 15:57:44,334 - INFO - SELECT fragments.id AS fragments_id, fragments.formula AS fragments_formula, fragments.charge AS fragments_charge, fragments.molecular_weight AS fragments_molecular_weight, fragments.electron_affinity AS fragments_electron_affinity 
FROM fragments 
WHERE fragments.id = %(id_1)s 
 LIMIT %(param_1)s
2026-01-22 15:57:44,334 - INFO - [cached since 0.009728s ago] {'id_1': 2.0, 'param_1': 1}
2026-01-22 15:57:44,334 - INFO - \u2705 Inserted Fragment: {'id': 2.0, 'formula': 'Cl', 'charge': -1.0, 'electron_affinity': 3.617, 'molecular_weight': 35.453}
2026-01-22 15:57:44,336 - INFO - INSERT INTO fragments (id, formula, charge, molecular_weight, electron_affinity) VALUES (%(id)s, %(formula)s, %(charge)s, %(molecular_weight)s, %(electron_affinity)s)
2026-01-22 15:57:44,337 - INFO - [cached since 0.006147s ago] {'id': 2.0, 'formula': 'Cl', 'charge': -1.0, 'molecular_weight': 35.453, 'electron_affinity': 3.617}
2026-01-22 15:57:44,338 - INFO - SELECT fragments.id AS fragments_id, fragments.formula AS fragments_formula, fragments.charge AS fragments_charge, fragments.molecular_weight AS fragments_molecular_weight, fragments.electron_affinity AS fragments_electron_affinity 
FROM fragments 
WHERE fragments.id = %(id_1)s 
 LIMIT %(param_1)s
2026-01-22 15:57:44,338 - INFO - [cached since 0.01377s ago] {'id_1': 3.0, 'param_1': 1}
2026-01-22 15:57:44,338 - INFO - \u2705 Inserted Fragment: {'id': 3.0, 'formula': 'F', 'charge': -1.0, 'electron_affinity': 3.399, 'molecular_weight': 18.9984032}
2026-01-22 15:57:44,340 - INFO - INSERT INTO fragments (id, formula, charge, molecular_weight, electron_affinity) VALUES (%(id)s, %(formula)s, %(charge)s, %(molecular_weight)s, %(electron_affinity)s)
2026-01-22 15:57:44,340 - INFO - [cached since 0.009227s ago] {'id': 3.0, 'formula': 'F', 'charge': -1.0, 'molecular_weight': 18.9984032, 'electron_affinity': 3.399}
2026-01-22 15:57:44,340 - INFO - SELECT fragments.id AS fragments_id, fragments.formula AS fragments_formula, fragments.charge AS fragments_charge, fragments.molecular_weight AS fragments_molecular_weight, fragments.electron_affinity AS fragments_electron_affinity 
FROM fragments 
WHERE fragments.id = %(id_1)s 
 LIMIT %(param_1)s
2026-01-22 15:57:44,341 - INFO - [cached since 0.0166s ago] {'id_1': 4.0, 'param_1': 1}
2026-01-22 15:57:44,341 - INFO - \u2705 Inserted Fragment: {'id': 4.0, 'formula': 'Br', 'charge': -1.0, 'electron_affinity': 3.365, 'molecular_weight': 79.904}
2026-01-22 15:57:44,342 - INFO - INSERT INTO fragments (id, formula, charge, molecular_weight, electron_affinity) VALUES (%(id)s, %(formula)s, %(charge)s, %(molecular_weight)s, %(electron_affinity)s)
2026-01-22 15:57:44,342 - INFO - [cached since 0.01189s ago] {'id': 4.0, 'formula': 'Br', 'charge': -1.0, 'molecular_weight': 79.904, 'electron_affinity': 3.365}
2026-01-22 15:57:44,343 - INFO - SELECT fragments.id AS fragments_id, fragments.formula AS fragments_formula, fragments.charge AS fragments_charge, fragments.molecular_weight AS fragments_molecular_weight, fragments.electron_affinity AS fragments_electron_affinity 
FROM fragments 
WHERE fragments.id = %(id_1)s 
 LIMIT %(param_1)s
2026-01-22 15:57:44,343 - INFO - [cached since 0.01919s ago] {'id_1': 5.0, 'param_1': 1}
2026-01-22 15:57:44,344 - INFO - \u2705 Inserted Fragment: {'id': 5.0, 'formula': 'I', 'charge': -1.0, 'electron_affinity': 3.059, 'molecular_weight': 126.90447}
2026-01-22 15:57:44,345 - INFO - INSERT INTO fragments (id, formula, charge, molecular_weight, electron_affinity) VALUES (%(id)s, %(formula)s, %(charge)s, %(molecular_weight)s, %(electron_affinity)s)
2026-01-22 15:57:44,345 - INFO - [cached since 0.01452s ago] {'id': 5.0, 'formula': 'I', 'charge': -1.0, 'molecular_weight': 126.90447, 'electron_affinity': 3.059}
2026-01-22 15:57:44,346 - INFO - SELECT fragments.id AS fragments_id, fragments.formula AS fragments_formula, fragments.charge AS fragments_charge, fragments.molecular_weight AS fragments_molecular_weight, fragments.electron_affinity AS fragments_electron_affinity 
FROM fragments 
WHERE fragments.id = %(id_1)s 
 LIMIT %(param_1)s
2026-01-22 15:57:44,346 - INFO - [cached since 0.02176s ago] {'id_1': 6.0, 'param_1': 1}
2026-01-22 15:57:44,346 - INFO - \u2705 Inserted Fragment: {'id': 6.0, 'formula': 'CF3', 'charge': -1.0, 'electron_affinity': nan, 'molecular_weight': 69.0059096}
2026-01-22 15:57:44,347 - INFO - INSERT INTO fragments (id, formula, charge, molecular_weight, electron_affinity) VALUES (%(id)s, %(formula)s, %(charge)s, %(molecular_weight)s, %(electron_affinity)s)
2026-01-22 15:57:44,348 - INFO - [cached since 0.01703s ago] {'id': 6.0, 'formula': 'CF3', 'charge': -1.0, 'molecular_weight': 69.0059096, 'electron_affinity': nan}
2026-01-22 15:57:44,349 - INFO - SELECT fragments.id AS fragments_id, fragments.formula AS fragments_formula, fragments.charge AS fragments_charge, fragments.molecular_weight AS fragments_molecular_weight, fragments.electron_affinity AS fragments_electron_affinity 
FROM fragments 
WHERE fragments.id = %(id_1)s 
 LIMIT %(param_1)s
2026-01-22 15:57:44,349 - INFO - [cached since 0.02476s ago] {'id_1': 7.0, 'param_1': 1}
2026-01-22 15:57:44,350 - INFO - \u2705 Inserted Fragment: {'id': 7.0, 'formula': 'C2F5', 'charge': -1.0, 'electron_affinity': nan, 'molecular_weight': 119.01341599999999}
2026-01-22 15:57:44,351 - INFO - INSERT INTO fragments (id, formula, charge, molecular_weight, electron_affinity) VALUES (%(id)s, %(formula)s, %(charge)s, %(molecular_weight)s, %(electron_affinity)s)
2026-01-22 15:57:44,351 - INFO - [cached since 0.02059s ago] {'id': 7.0, 'formula': 'C2F5', 'charge': -1.0, 'molecular_weight': 119.01341599999999, 'electron_affinity': nan}
2026-01-22 15:57:44,352 - INFO - SELECT fragments.id AS fragments_id, fragments.formula AS fragments_formula, fragments.charge AS fragments_charge, fragments.molecular_weight AS fragments_molecular_weight, fragments.electron_affinity AS fragments_electron_affinity 
FROM fragments 
WHERE fragments.id = %(id_1)s 
 LIMIT %(param_1)s
2026-01-22 15:57:44,353 - INFO - [cached since 0.02872s ago] {'id_1': 8.0, 'param_1': 1}
2026-01-22 15:57:44,354 - INFO - \u2705 Inserted Fragment: {'id': 8.0, 'formula': 'CF3', 'charge': -1.0, 'electron_affinity': nan, 'molecular_weight': 69.0059096}
2026-01-22 15:57:44,357 - INFO - INSERT INTO fragments (id, formula, charge, molecular_weight, electron_affinity) VALUES (%(id)s, %(formula)s, %(charge)s, %(molecular_weight)s, %(electron_affinity)s)
2026-01-22 15:57:44,357 - INFO - [cached since 0.02651s ago] {'id': 8.0, 'formula': 'CF3', 'charge': -1.0, 'molecular_weight': 69.0059096, 'electron_affinity': nan}
2026-01-22 15:57:44,358 - INFO - SELECT fragments.id AS fragments_id, fragments.formula AS fragments_formula, fragments.charge AS fragments_charge, fragments.molecular_weight AS fragments_molecular_weight, fragments.electron_affinity AS fragments_electron_affinity 
FROM fragments 
WHERE fragments.id = %(id_1)s 
 LIMIT %(param_1)s
2026-01-22 15:57:44,359 - INFO - [cached since 0.03462s ago] {'id_1': 9.0, 'param_1': 1}
2026-01-22 15:57:44,360 - INFO - \u2705 Inserted Fragment: {'id': 9.0, 'formula': 'C3F7', 'charge': -1.0, 'electron_affinity': nan, 'molecular_weight': 169.02092240000002}
2026-01-22 15:57:44,361 - INFO - INSERT INTO fragments (id, formula, charge, molecular_weight, electron_affinity) VALUES (%(id)s, %(formula)s, %(charge)s, %(molecular_weight)s, %(electron_affinity)s)
2026-01-22 15:57:44,361 - INFO - [cached since 0.03087s ago] {'id': 9.0, 'formula': 'C3F7', 'charge': -1.0, 'molecular_weight': 169.02092240000002, 'electron_affinity': nan}
2026-01-22 15:57:44,362 - INFO - SELECT fragments.id AS fragments_id, fragments.formula AS fragments_formula, fragments.charge AS fragments_charge, fragments.molecular_weight AS fragments_molecular_weight, fragments.electron_affinity AS fragments_electron_affinity 
FROM fragments 
WHERE fragments.id = %(id_1)s 
 LIMIT %(param_1)s
2026-01-22 15:57:44,363 - INFO - [cached since 0.03853s ago] {'id_1': 10.0, 'param_1': 1}
2026-01-22 15:57:44,363 - INFO - \u2705 Inserted Fragment: {'id': 10.0, 'formula': 'C2F3', 'charge': -1.0, 'electron_affinity': nan, 'molecular_weight': 81.0166096}
2026-01-22 15:57:44,365 - INFO - INSERT INTO fragments (id, formula, charge, molecular_weight, electron_affinity) VALUES (%(id)s, %(formula)s, %(charge)s, %(molecular_weight)s, %(electron_affinity)s)
2026-01-22 15:57:44,365 - INFO - [cached since 0.03437s ago] {'id': 10.0, 'formula': 'C2F3', 'charge': -1.0, 'molecular_weight': 81.0166096, 'electron_affinity': nan}
2026-01-22 15:57:44,366 - INFO - SELECT fragments.id AS fragments_id, fragments.formula AS fragments_formula, fragments.charge AS fragments_charge, fragments.molecular_weight AS fragments_molecular_weight, fragments.electron_affinity AS fragments_electron_affinity 
FROM fragments 
WHERE fragments.id = %(id_1)s 
 LIMIT %(param_1)s
2026-01-22 15:57:44,366 - INFO - [cached since 0.04197s ago] {'id_1': 11.0, 'param_1': 1}
2026-01-22 15:57:44,367 - INFO - \u2705 Inserted Fragment: {'id': 11.0, 'formula': 'C4F10', 'charge': -1.0, 'electron_affinity': nan, 'molecular_weight': 238.02683199999998}
2026-01-22 15:57:44,368 - INFO - INSERT INTO fragments (id, formula, charge, molecular_weight, electron_affinity) VALUES (%(id)s, %(formula)s, %(charge)s, %(molecular_weight)s, %(electron_affinity)s)
2026-01-22 15:57:44,369 - INFO - [cached since 0.03812s ago] {'id': 11.0, 'formula': 'C4F10', 'charge': -1.0, 'molecular_weight': 238.02683199999998, 'electron_affinity': nan}
2026-01-22 15:57:44,369 - INFO - SELECT fragments.id AS fragments_id, fragments.formula AS fragments_formula, fragments.charge AS fragments_charge, fragments.molecular_weight AS fragments_molecular_weight, fragments.electron_affinity AS fragments_electron_affinity 
FROM fragments 
WHERE fragments.id = %(id_1)s 
 LIMIT %(param_1)s
2026-01-22 15:57:44,370 - INFO - [cached since 0.04554s ago] {'id_1': 12.0, 'param_1': 1}
2026-01-22 15:57:44,370 - INFO - \u2705 Inserted Fragment: {'id': 12.0, 'formula': 'C4F9', 'charge': -1.0, 'electron_affinity': nan, 'molecular_weight': 219.02842879999997}
2026-01-22 15:57:44,371 - INFO - INSERT INTO fragments (id, formula, charge, molecular_weight, electron_affinity) VALUES (%(id)s, %(formula)s, %(charge)s, %(molecular_weight)s, %(electron_affinity)s)
2026-01-22 15:57:44,371 - INFO - [cached since 0.0409s ago] {'id': 12.0, 'formula': 'C4F9', 'charge': -1.0, 'molecular_weight': 219.02842879999997, 'electron_affinity': nan}
2026-01-22 15:57:44,372 - INFO - SELECT fragments.id AS fragments_id, fragments.formula AS fragments_formula, fragments.charge AS fragments_charge, fragments.molecular_weight AS fragments_molecular_weight, fragments.electron_affinity AS fragments_electron_affinity 
FROM fragments 
WHERE fragments.id = %(id_1)s 
 LIMIT %(param_1)s
2026-01-22 15:57:44,372 - INFO - [cached since 0.04814s ago] {'id_1': 13.0, 'param_1': 1}
2026-01-22 15:57:44,373 - INFO - \u2705 Inserted Fragment: {'id': 13.0, 'formula': 'C5F12', 'charge': -1.0, 'electron_affinity': nan, 'molecular_weight': 288.03433839999997}
2026-01-22 15:57:44,374 - INFO - INSERT INTO fragments (id, formula, charge, molecular_weight, electron_affinity) VALUES (%(id)s, %(formula)s, %(charge)s, %(molecular_weight)s, %(electron_affinity)s)
2026-01-22 15:57:44,374 - INFO - [cached since 0.04343s ago] {'id': 13.0, 'formula': 'C5F12', 'charge': -1.0, 'molecular_weight': 288.03433839999997, 'electron_affinity': nan}
2026-01-22 15:57:44,375 - INFO - SELECT fragments.id AS fragments_id, fragments.formula AS fragments_formula, fragments.charge AS fragments_charge, fragments.molecular_weight AS fragments_molecular_weight, fragments.electron_affinity AS fragments_electron_affinity 
FROM fragments 
WHERE fragments.id = %(id_1)s 
 LIMIT %(param_1)s
2026-01-22 15:57:44,375 - INFO - [cached since 0.05071s ago] {'id_1': 14.0, 'param_1': 1}
2026-01-22 15:57:44,375 - INFO - \u2705 Inserted Fragment: {'id': 14.0, 'formula': 'C5F11', 'charge': -1.0, 'electron_affinity': nan, 'molecular_weight': 269.0359352}
2026-01-22 15:57:44,376 - INFO - INSERT INTO fragments (id, formula, charge, molecular_weight, electron_affinity) VALUES (%(id)s, %(formula)s, %(charge)s, %(molecular_weight)s, %(electron_affinity)s)
2026-01-22 15:57:44,376 - INFO - [cached since 0.04597s ago] {'id': 14.0, 'formula': 'C5F11', 'charge': -1.0, 'molecular_weight': 269.0359352, 'electron_affinity': nan}
2026-01-22 15:57:44,377 - INFO - SELECT fragments.id AS fragments_id, fragments.formula AS fragments_formula, fragments.charge AS fragments_charge, fragments.molecular_weight AS fragments_molecular_weight, fragments.electron_affinity AS fragments_electron_affinity 
FROM fragments 
WHERE fragments.id = %(id_1)s 
 LIMIT %(param_1)s
2026-01-22 15:57:44,377 - INFO - [cached since 0.05324s ago] {'id_1': 15.0, 'param_1': 1}
2026-01-22 15:57:44,378 - INFO - \u2705 Inserted Fragment: {'id': 15.0, 'formula': 'C5F10', 'charge': -1.0, 'electron_affinity': nan, 'molecular_weight': 250.037532}
2026-01-22 15:57:44,379 - INFO - INSERT INTO fragments (id, formula, charge, molecular_weight, electron_affinity) VALUES (%(id)s, %(formula)s, %(charge)s, %(molecular_weight)s, %(electron_affinity)s)
2026-01-22 15:57:44,379 - INFO - [cached since 0.04854s ago] {'id': 15.0, 'formula': 'C5F10', 'charge': -1.0, 'molecular_weight': 250.037532, 'electron_affinity': nan}
2026-01-22 15:57:44,380 - INFO - SELECT fragments.id AS fragments_id, fragments.formula AS fragments_formula, fragments.charge AS fragments_charge, fragments.molecular_weight AS fragments_molecular_weight, fragments.electron_affinity AS fragments_electron_affinity 
FROM fragments 
WHERE fragments.id = %(id_1)s 
 LIMIT %(param_1)s
2026-01-22 15:57:44,380 - INFO - [cached since 0.05579s ago] {'id_1': 16.0, 'param_1': 1}
2026-01-22 15:57:44,380 - INFO - \u2705 Inserted Fragment: {'id': 16.0, 'formula': 'C4F8', 'charge': -1.0, 'electron_affinity': nan, 'molecular_weight': 200.0300256}
2026-01-22 15:57:44,382 - INFO - INSERT INTO fragments (id, formula, charge, molecular_weight, electron_affinity) VALUES (%(id)s, %(formula)s, %(charge)s, %(molecular_weight)s, %(electron_affinity)s)
2026-01-22 15:57:44,382 - INFO - [cached since 0.05124s ago] {'id': 16.0, 'formula': 'C4F8', 'charge': -1.0, 'molecular_weight': 200.0300256, 'electron_affinity': nan}
2026-01-22 15:57:44,383 - INFO - SELECT fragments.id AS fragments_id, fragments.formula AS fragments_formula, fragments.charge AS fragments_charge, fragments.molecular_weight AS fragments_molecular_weight, fragments.electron_affinity AS fragments_electron_affinity 
FROM fragments 
WHERE fragments.id = %(id_1)s 
 LIMIT %(param_1)s
2026-01-22 15:57:44,383 - INFO - [cached since 0.05888s ago] {'id_1': 17.0, 'param_1': 1}
2026-01-22 15:57:44,384 - INFO - \u2705 Inserted Fragment: {'id': 17.0, 'formula': 'C6F14', 'charge': -1.0, 'electron_affinity': nan, 'molecular_weight': 338.04184480000004}
2026-01-22 15:57:44,386 - INFO - INSERT INTO fragments (id, formula, charge, molecular_weight, electron_affinity) VALUES (%(id)s, %(formula)s, %(charge)s, %(molecular_weight)s, %(electron_affinity)s)
2026-01-22 15:57:44,386 - INFO - [cached since 0.05562s ago] {'id': 17.0, 'formula': 'C6F14', 'charge': -1.0, 'molecular_weight': 338.04184480000004, 'electron_affinity': nan}
2026-01-22 15:57:44,388 - INFO - SELECT fragments.id AS fragments_id, fragments.formula AS fragments_formula, fragments.charge AS fragments_charge, fragments.molecular_weight AS fragments_molecular_weight, fragments.electron_affinity AS fragments_electron_affinity 
FROM fragments 
WHERE fragments.id = %(id_1)s 
 LIMIT %(param_1)s
2026-01-22 15:57:44,388 - INFO - [cached since 0.064s ago] {'id_1': 18.0, 'param_1': 1}
2026-01-22 15:57:44,389 - INFO - \u2705 Inserted Fragment: {'id': 18.0, 'formula': 'C6F13', 'charge': -1.0, 'electron_affinity': nan, 'molecular_weight': 319.04344159999994}
2026-01-22 15:57:44,391 - INFO - INSERT INTO fragments (id, formula, charge, molecular_weight, electron_affinity) VALUES (%(id)s, %(formula)s, %(charge)s, %(molecular_weight)s, %(electron_affinity)s)
2026-01-22 15:57:44,391 - INFO - [cached since 0.0602s ago] {'id': 18.0, 'formula': 'C6F13', 'charge': -1.0, 'molecular_weight': 319.04344159999994, 'electron_affinity': nan}
2026-01-22 15:57:44,392 - INFO - SELECT fragments.id AS fragments_id, fragments.formula AS fragments_formula, fragments.charge AS fragments_charge, fragments.molecular_weight AS fragments_molecular_weight, fragments.electron_affinity AS fragments_electron_affinity 
FROM fragments 
WHERE fragments.id = %(id_1)s 
 LIMIT %(param_1)s
2026-01-22 15:57:44,392 - INFO - [cached since 0.0679s ago] {'id_1': 19.0, 'param_1': 1}
2026-01-22 15:57:44,393 - INFO - \u2705 Inserted Fragment: {'id': 19.0, 'formula': 'C6F12', 'charge': -1.0, 'electron_affinity': nan, 'molecular_weight': 300.04503839999995}
2026-01-22 15:57:44,394 - INFO - INSERT INTO fragments (id, formula, charge, molecular_weight, electron_affinity) VALUES (%(id)s, %(formula)s, %(charge)s, %(molecular_weight)s, %(electron_affinity)s)
2026-01-22 15:57:44,394 - INFO - [cached since 0.06343s ago] {'id': 19.0, 'formula': 'C6F12', 'charge': -1.0, 'molecular_weight': 300.04503839999995, 'electron_affinity': nan}
2026-01-22 15:57:44,395 - INFO - SELECT fragments.id AS fragments_id, fragments.formula AS fragments_formula, fragments.charge AS fragments_charge, fragments.molecular_weight AS fragments_molecular_weight, fragments.electron_affinity AS fragments_electron_affinity 
FROM fragments 
WHERE fragments.id = %(id_1)s 
 LIMIT %(param_1)s
2026-01-22 15:57:44,395 - INFO - [cached since 0.07074s ago] {'id_1': 20.0, 'param_1': 1}
2026-01-22 15:57:44,395 - INFO - \u2705 Inserted Fragment: {'id': 20.0, 'formula': 'C5F9', 'charge': -1.0, 'electron_affinity': nan, 'molecular_weight': 231.03912879999996}
2026-01-22 15:57:44,397 - INFO - INSERT INTO fragments (id, formula, charge, molecular_weight, electron_affinity) VALUES (%(id)s, %(formula)s, %(charge)s, %(molecular_weight)s, %(electron_affinity)s)
2026-01-22 15:57:44,397 - INFO - [cached since 0.06664s ago] {'id': 20.0, 'formula': 'C5F9', 'charge': -1.0, 'molecular_weight': 231.03912879999996, 'electron_affinity': nan}
2026-01-22 15:57:44,398 - INFO - SELECT fragments.id AS fragments_id, fragments.formula AS fragments_formula, fragments.charge AS fragments_charge, fragments.molecular_weight AS fragments_molecular_weight, fragments.electron_affinity AS fragments_electron_affinity 
FROM fragments 
WHERE fragments.id = %(id_1)s 
 LIMIT %(param_1)s
2026-01-22 15:57:44,398 - INFO - [cached since 0.07421s ago] {'id_1': 21.0, 'param_1': 1}
2026-01-22 15:57:44,399 - INFO - \u2705 Inserted Fragment: {'id': 21.0, 'formula': 'C4F7', 'charge': -1.0, 'electron_affinity': nan, 'molecular_weight': 181.0316224}
2026-01-22 15:57:44,401 - INFO - INSERT INTO fragments (id, formula, charge, molecular_weight, electron_affinity) VALUES (%(id)s, %(formula)s, %(charge)s, %(molecular_weight)s, %(electron_affinity)s)
2026-01-22 15:57:44,401 - INFO - [cached since 0.07031s ago] {'id': 21.0, 'formula': 'C4F7', 'charge': -1.0, 'molecular_weight': 181.0316224, 'electron_affinity': nan}
2026-01-22 15:57:44,402 - INFO - SELECT fragments.id AS fragments_id, fragments.formula AS fragments_formula, fragments.charge AS fragments_charge, fragments.molecular_weight AS fragments_molecular_weight, fragments.electron_affinity AS fragments_electron_affinity 
FROM fragments 
WHERE fragments.id = %(id_1)s 
 LIMIT %(param_1)s
2026-01-22 15:57:44,402 - INFO - [cached since 0.07766s ago] {'id_1': 22.0, 'param_1': 1}
2026-01-22 15:57:44,402 - INFO - \u2705 Inserted Fragment: {'id': 22.0, 'formula': 'CHClBr', 'charge': -1.0, 'electron_affinity': nan, 'molecular_weight': 128.37564}
2026-01-22 15:57:44,403 - INFO - INSERT INTO fragments (id, formula, charge, molecular_weight, electron_affinity) VALUES (%(id)s, %(formula)s, %(charge)s, %(molecular_weight)s, %(electron_affinity)s)
2026-01-22 15:57:44,403 - INFO - [cached since 0.07289s ago] {'id': 22.0, 'formula': 'CHClBr', 'charge': -1.0, 'molecular_weight': 128.37564, 'electron_affinity': nan}
2026-01-22 15:57:44,404 - INFO - SELECT fragments.id AS fragments_id, fragments.formula AS fragments_formula, fragments.charge AS fragments_charge, fragments.molecular_weight AS fragments_molecular_weight, fragments.electron_affinity AS fragments_electron_affinity 
FROM fragments 
WHERE fragments.id = %(id_1)s 
 LIMIT %(param_1)s
2026-01-22 15:57:44,404 - INFO - [cached since 0.08009s ago] {'id_1': 23.0, 'param_1': 1}
2026-01-22 15:57:44,405 - INFO - \u2705 Inserted Fragment: {'id': 23.0, 'formula': 'ClBr', 'charge': -1.0, 'electron_affinity': nan, 'molecular_weight': 115.357}
2026-01-22 15:57:44,406 - INFO - INSERT INTO fragments (id, formula, charge, molecular_weight, electron_affinity) VALUES (%(id)s, %(formula)s, %(charge)s, %(molecular_weight)s, %(electron_affinity)s)
2026-01-22 15:57:44,406 - INFO - [cached since 0.0754s ago] {'id': 23.0, 'formula': 'ClBr', 'charge': -1.0, 'molecular_weight': 115.357, 'electron_affinity': nan}
2026-01-22 15:57:44,406 - INFO - SELECT fragments.id AS fragments_id, fragments.formula AS fragments_formula, fragments.charge AS fragments_charge, fragments.molecular_weight AS fragments_molecular_weight, fragments.electron_affinity AS fragments_electron_affinity 
FROM fragments 
WHERE fragments.id = %(id_1)s 
 LIMIT %(param_1)s
2026-01-22 15:57:44,407 - INFO - [cached since 0.08259s ago] {'id_1': 24.0, 'param_1': 1}
2026-01-22 15:57:44,407 - INFO - \u2705 Inserted Fragment: {'id': 24.0, 'formula': 'C2H4Br', 'charge': -1.0, 'electron_affinity': nan, 'molecular_weight': 107.95715999999999}
2026-01-22 15:57:44,408 - INFO - INSERT INTO fragments (id, formula, charge, molecular_weight, electron_affinity) VALUES (%(id)s, %(formula)s, %(charge)s, %(molecular_weight)s, %(electron_affinity)s)
2026-01-22 15:57:44,409 - INFO - [cached since 0.07814s ago] {'id': 24.0, 'formula': 'C2H4Br', 'charge': -1.0, 'molecular_weight': 107.95715999999999, 'electron_affinity': nan}
2026-01-22 15:57:44,409 - INFO - SELECT fragments.id AS fragments_id, fragments.formula AS fragments_formula, fragments.charge AS fragments_charge, fragments.molecular_weight AS fragments_molecular_weight, fragments.electron_affinity AS fragments_electron_affinity 
FROM fragments 
WHERE fragments.id = %(id_1)s 
 LIMIT %(param_1)s
2026-01-22 15:57:44,409 - INFO - [cached since 0.08536s ago] {'id_1': 25.0, 'param_1': 1}
2026-01-22 15:57:44,410 - INFO - \u2705 Inserted Fragment: {'id': 25.0, 'formula': 'C3H6BrCl', 'charge': -1.0, 'electron_affinity': nan, 'molecular_weight': 157.43674}
2026-01-22 15:57:44,411 - INFO - INSERT INTO fragments (id, formula, charge, molecular_weight, electron_affinity) VALUES (%(id)s, %(formula)s, %(charge)s, %(molecular_weight)s, %(electron_affinity)s)
2026-01-22 15:57:44,411 - INFO - [cached since 0.08069s ago] {'id': 25.0, 'formula': 'C3H6BrCl', 'charge': -1.0, 'molecular_weight': 157.43674, 'electron_affinity': nan}
2026-01-22 15:57:44,412 - INFO - SELECT fragments.id AS fragments_id, fragments.formula AS fragments_formula, fragments.charge AS fragments_charge, fragments.molecular_weight AS fragments_molecular_weight, fragments.electron_affinity AS fragments_electron_affinity 
FROM fragments 
WHERE fragments.id = %(id_1)s 
 LIMIT %(param_1)s
2026-01-22 15:57:44,412 - INFO - [cached since 0.08788s ago] {'id_1': 26.0, 'param_1': 1}
2026-01-22 15:57:44,412 - INFO - \u2705 Inserted Fragment: {'id': 26.0, 'formula': 'C3H6Br', 'charge': -1.0, 'electron_affinity': nan, 'molecular_weight': 121.98374}
2026-01-22 15:57:44,414 - INFO - INSERT INTO fragments (id, formula, charge, molecular_weight, electron_affinity) VALUES (%(id)s, %(formula)s, %(charge)s, %(molecular_weight)s, %(electron_affinity)s)
2026-01-22 15:57:44,414 - INFO - [cached since 0.08317s ago] {'id': 26.0, 'formula': 'C3H6Br', 'charge': -1.0, 'molecular_weight': 121.98374, 'electron_affinity': nan}
2026-01-22 15:57:44,414 - INFO - SELECT fragments.id AS fragments_id, fragments.formula AS fragments_formula, fragments.charge AS fragments_charge, fragments.molecular_weight AS fragments_molecular_weight, fragments.electron_affinity AS fragments_electron_affinity 
FROM fragments 
WHERE fragments.id = %(id_1)s 
 LIMIT %(param_1)s
2026-01-22 15:57:44,414 - INFO - [cached since 0.09037s ago] {'id_1': 27.0, 'param_1': 1}
2026-01-22 15:57:44,415 - INFO - \u2705 Inserted Fragment: {'id': 27.0, 'formula': 'C3H5Br', 'charge': -1.0, 'electron_affinity': nan, 'molecular_weight': 120.97579999999999}
2026-01-22 15:57:44,417 - INFO - INSERT INTO fragments (id, formula, charge, molecular_weight, electron_affinity) VALUES (%(id)s, %(formula)s, %(charge)s, %(molecular_weight)s, %(electron_affinity)s)
2026-01-22 15:57:44,418 - INFO - [cached since 0.08709s ago] {'id': 27.0, 'formula': 'C3H5Br', 'charge': -1.0, 'molecular_weight': 120.97579999999999, 'electron_affinity': nan}
2026-01-22 15:57:44,419 - INFO - SELECT fragments.id AS fragments_id, fragments.formula AS fragments_formula, fragments.charge AS fragments_charge, fragments.molecular_weight AS fragments_molecular_weight, fragments.electron_affinity AS fragments_electron_affinity 
FROM fragments 
WHERE fragments.id = %(id_1)s 
 LIMIT %(param_1)s
2026-01-22 15:57:44,420 - INFO - [cached since 0.09554s ago] {'id_1': 28.0, 'param_1': 1}
2026-01-22 15:57:44,421 - INFO - \u2705 Inserted Fragment: {'id': 28.0, 'formula': 'BrHCl', 'charge': -1.0, 'electron_affinity': nan, 'molecular_weight': 116.36494}
2026-01-22 15:57:44,423 - INFO - INSERT INTO fragments (id, formula, charge, molecular_weight, electron_affinity) VALUES (%(id)s, %(formula)s, %(charge)s, %(molecular_weight)s, %(electron_affinity)s)
2026-01-22 15:57:44,423 - INFO - [cached since 0.09247s ago] {'id': 28.0, 'formula': 'BrHCl', 'charge': -1.0, 'molecular_weight': 116.36494, 'electron_affinity': nan}
2026-01-22 15:57:44,424 - INFO - SELECT fragments.id AS fragments_id, fragments.formula AS fragments_formula, fragments.charge AS fragments_charge, fragments.molecular_weight AS fragments_molecular_weight, fragments.electron_affinity AS fragments_electron_affinity 
FROM fragments 
WHERE fragments.id = %(id_1)s 
 LIMIT %(param_1)s
2026-01-22 15:57:44,424 - INFO - [cached since 0.1004s ago] {'id_1': 29.0, 'param_1': 1}
2026-01-22 15:57:44,425 - INFO - \u2705 Inserted Fragment: {'id': 29.0, 'formula': 'BrCl', 'charge': -1.0, 'electron_affinity': nan, 'molecular_weight': 115.357}
2026-01-22 15:57:44,427 - INFO - INSERT INTO fragments (id, formula, charge, molecular_weight, electron_affinity) VALUES (%(id)s, %(formula)s, %(charge)s, %(molecular_weight)s, %(electron_affinity)s)
2026-01-22 15:57:44,427 - INFO - [cached since 0.09699s ago] {'id': 29.0, 'formula': 'BrCl', 'charge': -1.0, 'molecular_weight': 115.357, 'electron_affinity': nan}
2026-01-22 15:57:44,429 - INFO - SELECT fragments.id AS fragments_id, fragments.formula AS fragments_formula, fragments.charge AS fragments_charge, fragments.molecular_weight AS fragments_molecular_weight, fragments.electron_affinity AS fragments_electron_affinity 
FROM fragments 
WHERE fragments.id = %(id_1)s 
 LIMIT %(param_1)s
2026-01-22 15:57:44,429 - INFO - [cached since 0.1048s ago] {'id_1': 30.0, 'param_1': 1}
2026-01-22 15:57:44,430 - INFO - \u2705 Inserted Fragment: {'id': 30.0, 'formula': 'C3H6Cl', 'charge': -1.0, 'electron_affinity': nan, 'molecular_weight': 77.53274}
2026-01-22 15:57:44,432 - INFO - INSERT INTO fragments (id, formula, charge, molecular_weight, electron_affinity) VALUES (%(id)s, %(formula)s, %(charge)s, %(molecular_weight)s, %(electron_affinity)s)
2026-01-22 15:57:44,432 - INFO - [cached since 0.1017s ago] {'id': 30.0, 'formula': 'C3H6Cl', 'charge': -1.0, 'molecular_weight': 77.53274, 'electron_affinity': nan}
2026-01-22 15:57:44,434 - INFO - SELECT fragments.id AS fragments_id, fragments.formula AS fragments_formula, fragments.charge AS fragments_charge, fragments.molecular_weight AS fragments_molecular_weight, fragments.electron_affinity AS fragments_electron_affinity 
FROM fragments 
WHERE fragments.id = %(id_1)s 
 LIMIT %(param_1)s
2026-01-22 15:57:44,434 - INFO - [cached since 0.1098s ago] {'id_1': 31.0, 'param_1': 1}
2026-01-22 15:57:44,434 - INFO - \u2705 Inserted Fragment: {'id': 31.0, 'formula': 'C2ClF2', 'charge': -1.0, 'electron_affinity': nan, 'molecular_weight': 97.4712064}
2026-01-22 15:57:44,436 - INFO - INSERT INTO fragments (id, formula, charge, molecular_weight, electron_affinity) VALUES (%(id)s, %(formula)s, %(charge)s, %(molecular_weight)s, %(electron_affinity)s)
2026-01-22 15:57:44,436 - INFO - [cached since 0.1052s ago] {'id': 31.0, 'formula': 'C2ClF2', 'charge': -1.0, 'molecular_weight': 97.4712064, 'electron_affinity': nan}
2026-01-22 15:57:44,436 - INFO - SELECT fragments.id AS fragments_id, fragments.formula AS fragments_formula, fragments.charge AS fragments_charge, fragments.molecular_weight AS fragments_molecular_weight, fragments.electron_affinity AS fragments_electron_affinity 
FROM fragments 
WHERE fragments.id = %(id_1)s 
 LIMIT %(param_1)s
2026-01-22 15:57:44,437 - INFO - [cached since 0.1126s ago] {'id_1': 32.0, 'param_1': 1}
2026-01-22 15:57:44,437 - INFO - \u2705 Inserted Fragment: {'id': 32.0, 'formula': 'Cl2', 'charge': -1.0, 'electron_affinity': nan, 'molecular_weight': 70.906}
2026-01-22 15:57:44,439 - INFO - INSERT INTO fragments (id, formula, charge, molecular_weight, electron_affinity) VALUES (%(id)s, %(formula)s, %(charge)s, %(molecular_weight)s, %(electron_affinity)s)
2026-01-22 15:57:44,439 - INFO - [cached since 0.1083s ago] {'id': 32.0, 'formula': 'Cl2', 'charge': -1.0, 'molecular_weight': 70.906, 'electron_affinity': nan}
2026-01-22 15:57:44,440 - INFO - SELECT fragments.id AS fragments_id, fragments.formula AS fragments_formula, fragments.charge AS fragments_charge, fragments.molecular_weight AS fragments_molecular_weight, fragments.electron_affinity AS fragments_electron_affinity 
FROM fragments 
WHERE fragments.id = %(id_1)s 
 LIMIT %(param_1)s
2026-01-22 15:57:44,440 - INFO - [cached since 0.116s ago] {'id_1': 33.0, 'param_1': 1}
2026-01-22 15:57:44,441 - INFO - \u2705 Inserted Fragment: {'id': 33.0, 'formula': 'ClHCl', 'charge': -1.0, 'electron_affinity': nan, 'molecular_weight': 71.91394000000001}
2026-01-22 15:57:44,443 - INFO - INSERT INTO fragments (id, formula, charge, molecular_weight, electron_affinity) VALUES (%(id)s, %(formula)s, %(charge)s, %(molecular_weight)s, %(electron_affinity)s)
2026-01-22 15:57:44,444 - INFO - [cached since 0.113s ago] {'id': 33.0, 'formula': 'ClHCl', 'charge': -1.0, 'molecular_weight': 71.91394000000001, 'electron_affinity': nan}
2026-01-22 15:57:44,444 - INFO - SELECT fragments.id AS fragments_id, fragments.formula AS fragments_formula, fragments.charge AS fragments_charge, fragments.molecular_weight AS fragments_molecular_weight, fragments.electron_affinity AS fragments_electron_affinity 
FROM fragments 
WHERE fragments.id = %(id_1)s 
 LIMIT %(param_1)s
2026-01-22 15:57:44,445 - INFO - [cached since 0.1205s ago] {'id_1': 34.0, 'param_1': 1}
2026-01-22 15:57:44,445 - INFO - \u2705 Inserted Fragment: {'id': 34.0, 'formula': 'C2H2Cl3', 'charge': -1.0, 'electron_affinity': nan, 'molecular_weight': 132.39628000000002}
2026-01-22 15:57:44,446 - INFO - INSERT INTO fragments (id, formula, charge, molecular_weight, electron_affinity) VALUES (%(id)s, %(formula)s, %(charge)s, %(molecular_weight)s, %(electron_affinity)s)
2026-01-22 15:57:44,447 - INFO - [cached since 0.1161s ago] {'id': 34.0, 'formula': 'C2H2Cl3', 'charge': -1.0, 'molecular_weight': 132.39628000000002, 'electron_affinity': nan}
2026-01-22 15:57:44,447 - INFO - SELECT fragments.id AS fragments_id, fragments.formula AS fragments_formula, fragments.charge AS fragments_charge, fragments.molecular_weight AS fragments_molecular_weight, fragments.electron_affinity AS fragments_electron_affinity 
FROM fragments 
WHERE fragments.id = %(id_1)s 
 LIMIT %(param_1)s
2026-01-22 15:57:44,447 - INFO - [cached since 0.1234s ago] {'id_1': 35.0, 'param_1': 1}
2026-01-22 15:57:44,448 - INFO - \u2705 Inserted Fragment: {'id': 35.0, 'formula': 'CHF', 'charge': -1.0, 'electron_affinity': nan, 'molecular_weight': 32.017043199999996}
2026-01-22 15:57:44,450 - INFO - INSERT INTO fragments (id, formula, charge, molecular_weight, electron_affinity) VALUES (%(id)s, %(formula)s, %(charge)s, %(molecular_weight)s, %(electron_affinity)s)
2026-01-22 15:57:44,450 - INFO - [cached since 0.1197s ago] {'id': 35.0, 'formula': 'CHF', 'charge': -1.0, 'molecular_weight': 32.017043199999996, 'electron_affinity': nan}
2026-01-22 15:57:44,451 - INFO - SELECT fragments.id AS fragments_id, fragments.formula AS fragments_formula, fragments.charge AS fragments_charge, fragments.molecular_weight AS fragments_molecular_weight, fragments.electron_affinity AS fragments_electron_affinity 
FROM fragments 
WHERE fragments.id = %(id_1)s 
 LIMIT %(param_1)s
2026-01-22 15:57:44,451 - INFO - [cached since 0.1272s ago] {'id_1': 36.0, 'param_1': 1}
2026-01-22 15:57:44,452 - INFO - \u2705 Inserted Fragment: {'id': 36.0, 'formula': 'F2', 'charge': -1.0, 'electron_affinity': nan, 'molecular_weight': 37.9968064}
2026-01-22 15:57:44,455 - INFO - INSERT INTO fragments (id, formula, charge, molecular_weight, electron_affinity) VALUES (%(id)s, %(formula)s, %(charge)s, %(molecular_weight)s, %(electron_affinity)s)
2026-01-22 15:57:44,455 - INFO - [cached since 0.1247s ago] {'id': 36.0, 'formula': 'F2', 'charge': -1.0, 'molecular_weight': 37.9968064, 'electron_affinity': nan}
2026-01-22 15:57:44,457 - INFO - SELECT fragments.id AS fragments_id, fragments.formula AS fragments_formula, fragments.charge AS fragments_charge, fragments.molecular_weight AS fragments_molecular_weight, fragments.electron_affinity AS fragments_electron_affinity 
FROM fragments 
WHERE fragments.id = %(id_1)s 
 LIMIT %(param_1)s
2026-01-22 15:57:44,457 - INFO - [cached since 0.133s ago] {'id_1': 37.0, 'param_1': 1}
2026-01-22 15:57:44,458 - INFO - \u2705 Inserted Fragment: {'id': 37.0, 'formula': 'CF2CO2H', 'charge': -1.0, 'electron_affinity': nan, 'molecular_weight': 95.0249464}
2026-01-22 15:57:44,460 - INFO - INSERT INTO fragments (id, formula, charge, molecular_weight, electron_affinity) VALUES (%(id)s, %(formula)s, %(charge)s, %(molecular_weight)s, %(electron_affinity)s)
2026-01-22 15:57:44,460 - INFO - [cached since 0.1294s ago] {'id': 37.0, 'formula': 'CF2CO2H', 'charge': -1.0, 'molecular_weight': 95.0249464, 'electron_affinity': nan}
2026-01-22 15:57:44,461 - INFO - SELECT fragments.id AS fragments_id, fragments.formula AS fragments_formula, fragments.charge AS fragments_charge, fragments.molecular_weight AS fragments_molecular_weight, fragments.electron_affinity AS fragments_electron_affinity 
FROM fragments 
WHERE fragments.id = %(id_1)s 
 LIMIT %(param_1)s
2026-01-22 15:57:44,461 - INFO - [cached since 0.1367s ago] {'id_1': 38.0, 'param_1': 1}
2026-01-22 15:57:44,461 - INFO - \u2705 Inserted Fragment: {'id': 38.0, 'formula': 'CClF2CO2H', 'charge': -1.0, 'electron_affinity': nan, 'molecular_weight': 130.47794639999998}
2026-01-22 15:57:44,463 - INFO - INSERT INTO fragments (id, formula, charge, molecular_weight, electron_affinity) VALUES (%(id)s, %(formula)s, %(charge)s, %(molecular_weight)s, %(electron_affinity)s)
2026-01-22 15:57:44,463 - INFO - [cached since 0.1325s ago] {'id': 38.0, 'formula': 'CClF2CO2H', 'charge': -1.0, 'molecular_weight': 130.47794639999998, 'electron_affinity': nan}
2026-01-22 15:57:44,464 - INFO - SELECT fragments.id AS fragments_id, fragments.formula AS fragments_formula, fragments.charge AS fragments_charge, fragments.molecular_weight AS fragments_molecular_weight, fragments.electron_affinity AS fragments_electron_affinity 
FROM fragments 
WHERE fragments.id = %(id_1)s 
 LIMIT %(param_1)s
2026-01-22 15:57:44,464 - INFO - [cached since 0.1399s ago] {'id_1': 39.0, 'param_1': 1}
2026-01-22 15:57:44,464 - INFO - \u2705 Inserted Fragment: {'id': 39.0, 'formula': 'CClF2CO2', 'charge': -1.0, 'electron_affinity': nan, 'molecular_weight': 129.4700064}
2026-01-22 15:57:44,466 - INFO - INSERT INTO fragments (id, formula, charge, molecular_weight, electron_affinity) VALUES (%(id)s, %(formula)s, %(charge)s, %(molecular_weight)s, %(electron_affinity)s)
2026-01-22 15:57:44,466 - INFO - [cached since 0.1359s ago] {'id': 39.0, 'formula': 'CClF2CO2', 'charge': -1.0, 'molecular_weight': 129.4700064, 'electron_affinity': nan}
2026-01-22 15:57:44,467 - INFO - SELECT fragments.id AS fragments_id, fragments.formula AS fragments_formula, fragments.charge AS fragments_charge, fragments.molecular_weight AS fragments_molecular_weight, fragments.electron_affinity AS fragments_electron_affinity 
FROM fragments 
WHERE fragments.id = %(id_1)s 
 LIMIT %(param_1)s
2026-01-22 15:57:44,467 - INFO - [cached since 0.1434s ago] {'id_1': 40.0, 'param_1': 1}
2026-01-22 15:57:44,468 - INFO - \u2705 Inserted Fragment: {'id': 40.0, 'formula': 'CClFCO2', 'charge': -1.0, 'electron_affinity': nan, 'molecular_weight': 110.4716032}
2026-01-22 15:57:44,469 - INFO - INSERT INTO fragments (id, formula, charge, molecular_weight, electron_affinity) VALUES (%(id)s, %(formula)s, %(charge)s, %(molecular_weight)s, %(electron_affinity)s)
2026-01-22 15:57:44,470 - INFO - [cached since 0.1391s ago] {'id': 40.0, 'formula': 'CClFCO2', 'charge': -1.0, 'molecular_weight': 110.4716032, 'electron_affinity': nan}
2026-01-22 15:57:44,470 - INFO - SELECT fragments.id AS fragments_id, fragments.formula AS fragments_formula, fragments.charge AS fragments_charge, fragments.molecular_weight AS fragments_molecular_weight, fragments.electron_affinity AS fragments_electron_affinity 
FROM fragments 
WHERE fragments.id = %(id_1)s 
 LIMIT %(param_1)s
2026-01-22 15:57:44,470 - INFO - [cached since 0.1464s ago] {'id_1': 41.0, 'param_1': 1}
2026-01-22 15:57:44,471 - INFO - \u2705 Inserted Fragment: {'id': 41.0, 'formula': 'CClO2H', 'charge': -1.0, 'electron_affinity': nan, 'molecular_weight': 80.47044000000001}
2026-01-22 15:57:44,473 - INFO - INSERT INTO fragments (id, formula, charge, molecular_weight, electron_affinity) VALUES (%(id)s, %(formula)s, %(charge)s, %(molecular_weight)s, %(electron_affinity)s)
2026-01-22 15:57:44,473 - INFO - [cached since 0.1424s ago] {'id': 41.0, 'formula': 'CClO2H', 'charge': -1.0, 'molecular_weight': 80.47044000000001, 'electron_affinity': nan}
2026-01-22 15:57:44,474 - INFO - SELECT fragments.id AS fragments_id, fragments.formula AS fragments_formula, fragments.charge AS fragments_charge, fragments.molecular_weight AS fragments_molecular_weight, fragments.electron_affinity AS fragments_electron_affinity 
FROM fragments 
WHERE fragments.id = %(id_1)s 
 LIMIT %(param_1)s
2026-01-22 15:57:44,474 - INFO - [cached since 0.1498s ago] {'id_1': 42.0, 'param_1': 1}
2026-01-22 15:57:44,474 - INFO - \u2705 Inserted Fragment: {'id': 42.0, 'formula': 'CF2', 'charge': -1.0, 'electron_affinity': nan, 'molecular_weight': 50.0075064}
2026-01-22 15:57:44,476 - INFO - INSERT INTO fragments (id, formula, charge, molecular_weight, electron_affinity) VALUES (%(id)s, %(formula)s, %(charge)s, %(molecular_weight)s, %(electron_affinity)s)
2026-01-22 15:57:44,476 - INFO - [cached since 0.1456s ago] {'id': 42.0, 'formula': 'CF2', 'charge': -1.0, 'molecular_weight': 50.0075064, 'electron_affinity': nan}
2026-01-22 15:57:44,477 - INFO - SELECT fragments.id AS fragments_id, fragments.formula AS fragments_formula, fragments.charge AS fragments_charge, fragments.molecular_weight AS fragments_molecular_weight, fragments.electron_affinity AS fragments_electron_affinity 
FROM fragments 
WHERE fragments.id = %(id_1)s 
 LIMIT %(param_1)s
2026-01-22 15:57:44,477 - INFO - [cached since 0.1528s ago] {'id_1': 43.0, 'param_1': 1}
2026-01-22 15:57:44,477 - INFO - \u2705 Inserted Fragment: {'id': 43.0, 'formula': 'C6H4ClNO2', 'charge': -1.0, 'electron_affinity': nan, 'molecular_weight': 157.55446}
2026-01-22 15:57:44,479 - INFO - INSERT INTO fragments (id, formula, charge, molecular_weight, electron_affinity) VALUES (%(id)s, %(formula)s, %(charge)s, %(molecular_weight)s, %(electron_affinity)s)
2026-01-22 15:57:44,479 - INFO - [cached since 0.1483s ago] {'id': 43.0, 'formula': 'C6H4ClNO2', 'charge': -1.0, 'molecular_weight': 157.55446, 'electron_affinity': nan}
2026-01-22 15:57:44,479 - INFO - SELECT fragments.id AS fragments_id, fragments.formula AS fragments_formula, fragments.charge AS fragments_charge, fragments.molecular_weight AS fragments_molecular_weight, fragments.electron_affinity AS fragments_electron_affinity 
FROM fragments 
WHERE fragments.id = %(id_1)s 
 LIMIT %(param_1)s
2026-01-22 15:57:44,480 - INFO - [cached since 0.1556s ago] {'id_1': 44.0, 'param_1': 1}
2026-01-22 15:57:44,480 - INFO - \u2705 Inserted Fragment: {'id': 44.0, 'formula': 'NO2', 'charge': -1.0, 'electron_affinity': nan, 'molecular_weight': 46.0055}
2026-01-22 15:57:44,482 - INFO - INSERT INTO fragments (id, formula, charge, molecular_weight, electron_affinity) VALUES (%(id)s, %(formula)s, %(charge)s, %(molecular_weight)s, %(electron_affinity)s)
2026-01-22 15:57:44,482 - INFO - [cached since 0.1513s ago] {'id': 44.0, 'formula': 'NO2', 'charge': -1.0, 'molecular_weight': 46.0055, 'electron_affinity': nan}
2026-01-22 15:57:44,483 - INFO - SELECT fragments.id AS fragments_id, fragments.formula AS fragments_formula, fragments.charge AS fragments_charge, fragments.molecular_weight AS fragments_molecular_weight, fragments.electron_affinity AS fragments_electron_affinity 
FROM fragments 
WHERE fragments.id = %(id_1)s 
 LIMIT %(param_1)s
2026-01-22 15:57:44,483 - INFO - [cached since 0.1587s ago] {'id_1': 45.0, 'param_1': 1}
2026-01-22 15:57:44,484 - INFO - \u2705 Inserted Fragment: {'id': 45.0, 'formula': 'C6H4Cl', 'charge': -1.0, 'electron_affinity': nan, 'molecular_weight': 111.54896000000001}
2026-01-22 15:57:44,486 - INFO - INSERT INTO fragments (id, formula, charge, molecular_weight, electron_affinity) VALUES (%(id)s, %(formula)s, %(charge)s, %(molecular_weight)s, %(electron_affinity)s)
2026-01-22 15:57:44,486 - INFO - [cached since 0.1557s ago] {'id': 45.0, 'formula': 'C6H4Cl', 'charge': -1.0, 'molecular_weight': 111.54896000000001, 'electron_affinity': nan}
2026-01-22 15:57:44,488 - INFO - SELECT fragments.id AS fragments_id, fragments.formula AS fragments_formula, fragments.charge AS fragments_charge, fragments.molecular_weight AS fragments_molecular_weight, fragments.electron_affinity AS fragments_electron_affinity 
FROM fragments 
WHERE fragments.id = %(id_1)s 
 LIMIT %(param_1)s
2026-01-22 15:57:44,488 - INFO - [cached since 0.1642s ago] {'id_1': 46.0, 'param_1': 1}
2026-01-22 15:57:44,489 - INFO - \u2705 Inserted Fragment: {'id': 46.0, 'formula': 'C6H4', 'charge': -1.0, 'electron_affinity': nan, 'molecular_weight': 76.09596}
2026-01-22 15:57:44,491 - INFO - INSERT INTO fragments (id, formula, charge, molecular_weight, electron_affinity) VALUES (%(id)s, %(formula)s, %(charge)s, %(molecular_weight)s, %(electron_affinity)s)
2026-01-22 15:57:44,491 - INFO - [cached since 0.1606s ago] {'id': 46.0, 'formula': 'C6H4', 'charge': -1.0, 'molecular_weight': 76.09596, 'electron_affinity': nan}
2026-01-22 15:57:44,492 - INFO - SELECT fragments.id AS fragments_id, fragments.formula AS fragments_formula, fragments.charge AS fragments_charge, fragments.molecular_weight AS fragments_molecular_weight, fragments.electron_affinity AS fragments_electron_affinity 
FROM fragments 
WHERE fragments.id = %(id_1)s 
 LIMIT %(param_1)s
2026-01-22 15:57:44,492 - INFO - [cached since 0.168s ago] {'id_1': 47.0, 'param_1': 1}
2026-01-22 15:57:44,493 - INFO - \u2705 Inserted Fragment: {'id': 47.0, 'formula': 'FCl', 'charge': -1.0, 'electron_affinity': nan, 'molecular_weight': 54.4514032}
2026-01-22 15:57:44,494 - INFO - INSERT INTO fragments (id, formula, charge, molecular_weight, electron_affinity) VALUES (%(id)s, %(formula)s, %(charge)s, %(molecular_weight)s, %(electron_affinity)s)
2026-01-22 15:57:44,494 - INFO - [cached since 0.1635s ago] {'id': 47.0, 'formula': 'FCl', 'charge': -1.0, 'molecular_weight': 54.4514032, 'electron_affinity': nan}
2026-01-22 15:57:44,495 - INFO - SELECT fragments.id AS fragments_id, fragments.formula AS fragments_formula, fragments.charge AS fragments_charge, fragments.molecular_weight AS fragments_molecular_weight, fragments.electron_affinity AS fragments_electron_affinity 
FROM fragments 
WHERE fragments.id = %(id_1)s 
 LIMIT %(param_1)s
2026-01-22 15:57:44,495 - INFO - [cached since 0.1708s ago] {'id_1': 48.0, 'param_1': 1}
2026-01-22 15:57:44,496 - INFO - \u2705 Inserted Fragment: {'id': 48.0, 'formula': 'CF2Cl', 'charge': -1.0, 'electron_affinity': nan, 'molecular_weight': 85.4605064}
2026-01-22 15:57:44,497 - INFO - INSERT INTO fragments (id, formula, charge, molecular_weight, electron_affinity) VALUES (%(id)s, %(formula)s, %(charge)s, %(molecular_weight)s, %(electron_affinity)s)
2026-01-22 15:57:44,497 - INFO - [cached since 0.1667s ago] {'id': 48.0, 'formula': 'CF2Cl', 'charge': -1.0, 'molecular_weight': 85.4605064, 'electron_affinity': nan}
2026-01-22 15:57:44,498 - INFO - SELECT fragments.id AS fragments_id, fragments.formula AS fragments_formula, fragments.charge AS fragments_charge, fragments.molecular_weight AS fragments_molecular_weight, fragments.electron_affinity AS fragments_electron_affinity 
FROM fragments 
WHERE fragments.id = %(id_1)s 
 LIMIT %(param_1)s
2026-01-22 15:57:44,499 - INFO - [cached since 0.1748s ago] {'id_1': 49.0, 'param_1': 1}
2026-01-22 15:57:44,500 - INFO - \u2705 Inserted Fragment: {'id': 49.0, 'formula': 'C3F7O2', 'charge': -1.0, 'electron_affinity': nan, 'molecular_weight': 201.0197224}
2026-01-22 15:57:44,502 - INFO - INSERT INTO fragments (id, formula, charge, molecular_weight, electron_affinity) VALUES (%(id)s, %(formula)s, %(charge)s, %(molecular_weight)s, %(electron_affinity)s)
2026-01-22 15:57:44,502 - INFO - [cached since 0.1714s ago] {'id': 49.0, 'formula': 'C3F7O2', 'charge': -1.0, 'molecular_weight': 201.0197224, 'electron_affinity': nan}
2026-01-22 15:57:44,503 - INFO - SELECT fragments.id AS fragments_id, fragments.formula AS fragments_formula, fragments.charge AS fragments_charge, fragments.molecular_weight AS fragments_molecular_weight, fragments.electron_affinity AS fragments_electron_affinity 
FROM fragments 
WHERE fragments.id = %(id_1)s 
 LIMIT %(param_1)s
2026-01-22 15:57:44,503 - INFO - [cached since 0.1787s ago] {'id_1': 50.0, 'param_1': 1}
2026-01-22 15:57:44,503 - INFO - \u2705 Inserted Fragment: {'id': 50.0, 'formula': 'CFO3', 'charge': -1.0, 'electron_affinity': nan, 'molecular_weight': 79.0073032}
2026-01-22 15:57:44,505 - INFO - INSERT INTO fragments (id, formula, charge, molecular_weight, electron_affinity) VALUES (%(id)s, %(formula)s, %(charge)s, %(molecular_weight)s, %(electron_affinity)s)
2026-01-22 15:57:44,505 - INFO - [cached since 0.1742s ago] {'id': 50.0, 'formula': 'CFO3', 'charge': -1.0, 'molecular_weight': 79.0073032, 'electron_affinity': nan}
2026-01-22 15:57:44,505 - INFO - SELECT fragments.id AS fragments_id, fragments.formula AS fragments_formula, fragments.charge AS fragments_charge, fragments.molecular_weight AS fragments_molecular_weight, fragments.electron_affinity AS fragments_electron_affinity 
FROM fragments 
WHERE fragments.id = %(id_1)s 
 LIMIT %(param_1)s
2026-01-22 15:57:44,506 - INFO - [cached since 0.1815s ago] {'id_1': 51.0, 'param_1': 1}
2026-01-22 15:57:44,506 - INFO - \u2705 Inserted Fragment: {'id': 51.0, 'formula': 'C5F11O3', 'charge': -1.0, 'electron_affinity': nan, 'molecular_weight': 317.0341352}
2026-01-22 15:57:44,508 - INFO - INSERT INTO fragments (id, formula, charge, molecular_weight, electron_affinity) VALUES (%(id)s, %(formula)s, %(charge)s, %(molecular_weight)s, %(electron_affinity)s)
2026-01-22 15:57:44,508 - INFO - [cached since 0.1772s ago] {'id': 51.0, 'formula': 'C5F11O3', 'charge': -1.0, 'molecular_weight': 317.0341352, 'electron_affinity': nan}
2026-01-22 15:57:44,508 - INFO - SELECT fragments.id AS fragments_id, fragments.formula AS fragments_formula, fragments.charge AS fragments_charge, fragments.molecular_weight AS fragments_molecular_weight, fragments.electron_affinity AS fragments_electron_affinity 
FROM fragments 
WHERE fragments.id = %(id_1)s 
 LIMIT %(param_1)s
2026-01-22 15:57:44,509 - INFO - [cached since 0.1846s ago] {'id_1': 52.0, 'param_1': 1}
2026-01-22 15:57:44,509 - INFO - \u2705 Inserted Fragment: {'id': 52.0, 'formula': 'CF3O', 'charge': -1.0, 'electron_affinity': nan, 'molecular_weight': 85.00530959999999}
2026-01-22 15:57:44,511 - INFO - INSERT INTO fragments (id, formula, charge, molecular_weight, electron_affinity) VALUES (%(id)s, %(formula)s, %(charge)s, %(molecular_weight)s, %(electron_affinity)s)
2026-01-22 15:57:44,511 - INFO - [cached since 0.1804s ago] {'id': 52.0, 'formula': 'CF3O', 'charge': -1.0, 'molecular_weight': 85.00530959999999, 'electron_affinity': nan}
2026-01-22 15:57:44,512 - INFO - SELECT fragments.id AS fragments_id, fragments.formula AS fragments_formula, fragments.charge AS fragments_charge, fragments.molecular_weight AS fragments_molecular_weight, fragments.electron_affinity AS fragments_electron_affinity 
FROM fragments 
WHERE fragments.id = %(id_1)s 
 LIMIT %(param_1)s
2026-01-22 15:57:44,512 - INFO - [cached since 0.1878s ago] {'id_1': 53.0, 'param_1': 1}
2026-01-22 15:57:44,512 - INFO - \u2705 Inserted Fragment: {'id': 53.0, 'formula': 'C10F20O5', 'charge': -1.0, 'electron_affinity': nan, 'molecular_weight': 580.072064}
2026-01-22 15:57:44,514 - INFO - INSERT INTO fragments (id, formula, charge, molecular_weight, electron_affinity) VALUES (%(id)s, %(formula)s, %(charge)s, %(molecular_weight)s, %(electron_affinity)s)
2026-01-22 15:57:44,514 - INFO - [cached since 0.1834s ago] {'id': 53.0, 'formula': 'C10F20O5', 'charge': -1.0, 'molecular_weight': 580.072064, 'electron_affinity': nan}
2026-01-22 15:57:44,515 - INFO - SELECT fragments.id AS fragments_id, fragments.formula AS fragments_formula, fragments.charge AS fragments_charge, fragments.molecular_weight AS fragments_molecular_weight, fragments.electron_affinity AS fragments_electron_affinity 
FROM fragments 
WHERE fragments.id = %(id_1)s 
 LIMIT %(param_1)s
2026-01-22 15:57:44,516 - INFO - [cached since 0.1915s ago] {'id_1': 54.0, 'param_1': 1}
2026-01-22 15:57:44,517 - INFO - \u2705 Inserted Fragment: {'id': 54.0, 'formula': 'C8F16O4', 'charge': -1.0, 'electron_affinity': nan, 'molecular_weight': 464.05765119999995}
2026-01-22 15:57:44,519 - INFO - INSERT INTO fragments (id, formula, charge, molecular_weight, electron_affinity) VALUES (%(id)s, %(formula)s, %(charge)s, %(molecular_weight)s, %(electron_affinity)s)
2026-01-22 15:57:44,519 - INFO - [cached since 0.1885s ago] {'id': 54.0, 'formula': 'C8F16O4', 'charge': -1.0, 'molecular_weight': 464.05765119999995, 'electron_affinity': nan}
2026-01-22 15:57:44,521 - INFO - SELECT fragments.id AS fragments_id, fragments.formula AS fragments_formula, fragments.charge AS fragments_charge, fragments.molecular_weight AS fragments_molecular_weight, fragments.electron_affinity AS fragments_electron_affinity 
FROM fragments 
WHERE fragments.id = %(id_1)s 
 LIMIT %(param_1)s
2026-01-22 15:57:44,521 - INFO - [cached since 0.197s ago] {'id_1': 55.0, 'param_1': 1}
2026-01-22 15:57:44,523 - INFO - \u2705 Inserted Fragment: {'id': 55.0, 'formula': 'C2F5O', 'charge': -1.0, 'electron_affinity': nan, 'molecular_weight': 135.012816}
2026-01-22 15:57:44,526 - INFO - INSERT INTO fragments (id, formula, charge, molecular_weight, electron_affinity) VALUES (%(id)s, %(formula)s, %(charge)s, %(molecular_weight)s, %(electron_affinity)s)
2026-01-22 15:57:44,526 - INFO - [cached since 0.1955s ago] {'id': 55.0, 'formula': 'C2F5O', 'charge': -1.0, 'molecular_weight': 135.012816, 'electron_affinity': nan}
2026-01-22 15:57:44,527 - INFO - SELECT fragments.id AS fragments_id, fragments.formula AS fragments_formula, fragments.charge AS fragments_charge, fragments.molecular_weight AS fragments_molecular_weight, fragments.electron_affinity AS fragments_electron_affinity 
FROM fragments 
WHERE fragments.id = %(id_1)s 
 LIMIT %(param_1)s
2026-01-22 15:57:44,527 - INFO - [cached since 0.2035s ago] {'id_1': 56.0, 'param_1': 1}
2026-01-22 15:57:44,528 - INFO - \u2705 Inserted Fragment: {'id': 56.0, 'formula': 'C6F5', 'charge': -1.0, 'electron_affinity': nan, 'molecular_weight': 167.056216}
2026-01-22 15:57:44,530 - INFO - INSERT INTO fragments (id, formula, charge, molecular_weight, electron_affinity) VALUES (%(id)s, %(formula)s, %(charge)s, %(molecular_weight)s, %(electron_affinity)s)
2026-01-22 15:57:44,530 - INFO - [cached since 0.1993s ago] {'id': 56.0, 'formula': 'C6F5', 'charge': -1.0, 'molecular_weight': 167.056216, 'electron_affinity': nan}
2026-01-22 15:57:44,530 - INFO - SELECT fragments.id AS fragments_id, fragments.formula AS fragments_formula, fragments.charge AS fragments_charge, fragments.molecular_weight AS fragments_molecular_weight, fragments.electron_affinity AS fragments_electron_affinity 
FROM fragments 
WHERE fragments.id = %(id_1)s 
 LIMIT %(param_1)s
2026-01-22 15:57:44,531 - INFO - [cached since 0.2066s ago] {'id_1': 57.0, 'param_1': 1}
2026-01-22 15:57:44,531 - INFO - \u2705 Inserted Fragment: {'id': 57.0, 'formula': 'C5F5', 'charge': -1.0, 'electron_affinity': nan, 'molecular_weight': 155.045516}
2026-01-22 15:57:44,533 - INFO - INSERT INTO fragments (id, formula, charge, molecular_weight, electron_affinity) VALUES (%(id)s, %(formula)s, %(charge)s, %(molecular_weight)s, %(electron_affinity)s)
2026-01-22 15:57:44,534 - INFO - [cached since 0.2031s ago] {'id': 57.0, 'formula': 'C5F5', 'charge': -1.0, 'molecular_weight': 155.045516, 'electron_affinity': nan}
2026-01-22 15:57:44,534 - INFO - SELECT fragments.id AS fragments_id, fragments.formula AS fragments_formula, fragments.charge AS fragments_charge, fragments.molecular_weight AS fragments_molecular_weight, fragments.electron_affinity AS fragments_electron_affinity 
FROM fragments 
WHERE fragments.id = %(id_1)s 
 LIMIT %(param_1)s
2026-01-22 15:57:44,535 - INFO - [cached since 0.2106s ago] {'id_1': 58.0, 'param_1': 1}
2026-01-22 15:57:44,535 - INFO - \u2705 Inserted Fragment: {'id': 58.0, 'formula': 'C5F4', 'charge': -1.0, 'electron_affinity': nan, 'molecular_weight': 136.04711279999998}
2026-01-22 15:57:44,536 - INFO - INSERT INTO fragments (id, formula, charge, molecular_weight, electron_affinity) VALUES (%(id)s, %(formula)s, %(charge)s, %(molecular_weight)s, %(electron_affinity)s)
2026-01-22 15:57:44,537 - INFO - [cached since 0.2061s ago] {'id': 58.0, 'formula': 'C5F4', 'charge': -1.0, 'molecular_weight': 136.04711279999998, 'electron_affinity': nan}
2026-01-22 15:57:44,537 - INFO - SELECT fragments.id AS fragments_id, fragments.formula AS fragments_formula, fragments.charge AS fragments_charge, fragments.molecular_weight AS fragments_molecular_weight, fragments.electron_affinity AS fragments_electron_affinity 
FROM fragments 
WHERE fragments.id = %(id_1)s 
 LIMIT %(param_1)s
2026-01-22 15:57:44,537 - INFO - [cached since 0.2134s ago] {'id_1': 59.0, 'param_1': 1}
2026-01-22 15:57:44,538 - INFO - \u2705 Inserted Fragment: {'id': 59.0, 'formula': 'C5F3', 'charge': -1.0, 'electron_affinity': nan, 'molecular_weight': 117.0487096}
2026-01-22 15:57:44,539 - INFO - INSERT INTO fragments (id, formula, charge, molecular_weight, electron_affinity) VALUES (%(id)s, %(formula)s, %(charge)s, %(molecular_weight)s, %(electron_affinity)s)
2026-01-22 15:57:44,539 - INFO - [cached since 0.2089s ago] {'id': 59.0, 'formula': 'C5F3', 'charge': -1.0, 'molecular_weight': 117.0487096, 'electron_affinity': nan}
2026-01-22 15:57:44,540 - INFO - SELECT fragments.id AS fragments_id, fragments.formula AS fragments_formula, fragments.charge AS fragments_charge, fragments.molecular_weight AS fragments_molecular_weight, fragments.electron_affinity AS fragments_electron_affinity 
FROM fragments 
WHERE fragments.id = %(id_1)s 
 LIMIT %(param_1)s
2026-01-22 15:57:44,541 - INFO - [cached since 0.2167s ago] {'id_1': 60.0, 'param_1': 1}
2026-01-22 15:57:44,541 - INFO - \u2705 Inserted Fragment: {'id': 60.0, 'formula': 'C3F3', 'charge': -1.0, 'electron_affinity': nan, 'molecular_weight': 93.0273096}
2026-01-22 15:57:44,542 - INFO - INSERT INTO fragments (id, formula, charge, molecular_weight, electron_affinity) VALUES (%(id)s, %(formula)s, %(charge)s, %(molecular_weight)s, %(electron_affinity)s)
2026-01-22 15:57:44,543 - INFO - [cached since 0.2121s ago] {'id': 60.0, 'formula': 'C3F3', 'charge': -1.0, 'molecular_weight': 93.0273096, 'electron_affinity': nan}
2026-01-22 15:57:44,543 - INFO - SELECT fragments.id AS fragments_id, fragments.formula AS fragments_formula, fragments.charge AS fragments_charge, fragments.molecular_weight AS fragments_molecular_weight, fragments.electron_affinity AS fragments_electron_affinity 
FROM fragments 
WHERE fragments.id = %(id_1)s 
 LIMIT %(param_1)s
2026-01-22 15:57:44,543 - INFO - [cached since 0.2194s ago] {'id_1': 61.0, 'param_1': 1}
2026-01-22 15:57:44,544 - INFO - \u2705 Inserted Fragment: {'id': 61.0, 'formula': 'O', 'charge': -1.0, 'electron_affinity': nan, 'molecular_weight': 15.9994}
2026-01-22 15:57:44,545 - INFO - INSERT INTO fragments (id, formula, charge, molecular_weight, electron_affinity) VALUES (%(id)s, %(formula)s, %(charge)s, %(molecular_weight)s, %(electron_affinity)s)
2026-01-22 15:57:44,545 - INFO - [cached since 0.215s ago] {'id': 61.0, 'formula': 'O', 'charge': -1.0, 'molecular_weight': 15.9994, 'electron_affinity': nan}
2026-01-22 15:57:44,546 - INFO - SELECT fragments.id AS fragments_id, fragments.formula AS fragments_formula, fragments.charge AS fragments_charge, fragments.molecular_weight AS fragments_molecular_weight, fragments.electron_affinity AS fragments_electron_affinity 
FROM fragments 
WHERE fragments.id = %(id_1)s 
 LIMIT %(param_1)s
2026-01-22 15:57:44,546 - INFO - [cached since 0.2223s ago] {'id_1': 62.0, 'param_1': 1}
2026-01-22 15:57:44,547 - INFO - \u2705 Inserted Fragment: {'id': 62.0, 'formula': 'CN', 'charge': -1.0, 'electron_affinity': nan, 'molecular_weight': 26.017400000000002}
2026-01-22 15:57:44,549 - INFO - INSERT INTO fragments (id, formula, charge, molecular_weight, electron_affinity) VALUES (%(id)s, %(formula)s, %(charge)s, %(molecular_weight)s, %(electron_affinity)s)
2026-01-22 15:57:44,550 - INFO - [cached since 0.2193s ago] {'id': 62.0, 'formula': 'CN', 'charge': -1.0, 'molecular_weight': 26.017400000000002, 'electron_affinity': nan}
2026-01-22 15:57:44,551 - INFO - SELECT fragments.id AS fragments_id, fragments.formula AS fragments_formula, fragments.charge AS fragments_charge, fragments.molecular_weight AS fragments_molecular_weight, fragments.electron_affinity AS fragments_electron_affinity 
FROM fragments 
WHERE fragments.id = %(id_1)s 
 LIMIT %(param_1)s
2026-01-22 15:57:44,552 - INFO - [cached since 0.2277s ago] {'id_1': 63.0, 'param_1': 1}
2026-01-22 15:57:44,553 - INFO - \u2705 Inserted Fragment: {'id': 63.0, 'formula': 'C6F5CN', 'charge': -1.0, 'electron_affinity': nan, 'molecular_weight': 193.073616}
2026-01-22 15:57:44,555 - INFO - INSERT INTO fragments (id, formula, charge, molecular_weight, electron_affinity) VALUES (%(id)s, %(formula)s, %(charge)s, %(molecular_weight)s, %(electron_affinity)s)
2026-01-22 15:57:44,556 - INFO - [cached since 0.2252s ago] {'id': 63.0, 'formula': 'C6F5CN', 'charge': -1.0, 'molecular_weight': 193.073616, 'electron_affinity': nan}
2026-01-22 15:57:44,557 - INFO - SELECT fragments.id AS fragments_id, fragments.formula AS fragments_formula, fragments.charge AS fragments_charge, fragments.molecular_weight AS fragments_molecular_weight, fragments.electron_affinity AS fragments_electron_affinity 
FROM fragments 
WHERE fragments.id = %(id_1)s 
 LIMIT %(param_1)s
2026-01-22 15:57:44,557 - INFO - [cached since 0.2335s ago] {'id_1': 64.0, 'param_1': 1}
2026-01-22 15:57:44,559 - INFO - \u2705 Inserted Fragment: {'id': 64.0, 'formula': 'C6F4CN', 'charge': -1.0, 'electron_affinity': nan, 'molecular_weight': 174.0752128}
2026-01-22 15:57:44,561 - INFO - INSERT INTO fragments (id, formula, charge, molecular_weight, electron_affinity) VALUES (%(id)s, %(formula)s, %(charge)s, %(molecular_weight)s, %(electron_affinity)s)
2026-01-22 15:57:44,561 - INFO - [cached since 0.2304s ago] {'id': 64.0, 'formula': 'C6F4CN', 'charge': -1.0, 'molecular_weight': 174.0752128, 'electron_affinity': nan}
2026-01-22 15:57:44,562 - INFO - SELECT fragments.id AS fragments_id, fragments.formula AS fragments_formula, fragments.charge AS fragments_charge, fragments.molecular_weight AS fragments_molecular_weight, fragments.electron_affinity AS fragments_electron_affinity 
FROM fragments 
WHERE fragments.id = %(id_1)s 
 LIMIT %(param_1)s
2026-01-22 15:57:44,562 - INFO - [cached since 0.2379s ago] {'id_1': 65.0, 'param_1': 1}
2026-01-22 15:57:44,563 - INFO - \u2705 Inserted Fragment: {'id': 65.0, 'formula': 'C3H6ClO', 'charge': -1.0, 'electron_affinity': nan, 'molecular_weight': 93.53214}
2026-01-22 15:57:44,565 - INFO - INSERT INTO fragments (id, formula, charge, molecular_weight, electron_affinity) VALUES (%(id)s, %(formula)s, %(charge)s, %(molecular_weight)s, %(electron_affinity)s)
2026-01-22 15:57:44,565 - INFO - [cached since 0.2342s ago] {'id': 65.0, 'formula': 'C3H6ClO', 'charge': -1.0, 'molecular_weight': 93.53214, 'electron_affinity': nan}
2026-01-22 15:57:44,566 - INFO - SELECT fragments.id AS fragments_id, fragments.formula AS fragments_formula, fragments.charge AS fragments_charge, fragments.molecular_weight AS fragments_molecular_weight, fragments.electron_affinity AS fragments_electron_affinity 
FROM fragments 
WHERE fragments.id = %(id_1)s 
 LIMIT %(param_1)s
2026-01-22 15:57:44,566 - INFO - [cached since 0.2421s ago] {'id_1': 66.0, 'param_1': 1}
2026-01-22 15:57:44,567 - INFO - \u2705 Inserted Fragment: {'id': 66.0, 'formula': 'OH', 'charge': -1.0, 'electron_affinity': nan, 'molecular_weight': 17.00734}
2026-01-22 15:57:44,569 - INFO - INSERT INTO fragments (id, formula, charge, molecular_weight, electron_affinity) VALUES (%(id)s, %(formula)s, %(charge)s, %(molecular_weight)s, %(electron_affinity)s)
2026-01-22 15:57:44,569 - INFO - [cached since 0.2383s ago] {'id': 66.0, 'formula': 'OH', 'charge': -1.0, 'molecular_weight': 17.00734, 'electron_affinity': nan}
2026-01-22 15:57:44,570 - INFO - SELECT fragments.id AS fragments_id, fragments.formula AS fragments_formula, fragments.charge AS fragments_charge, fragments.molecular_weight AS fragments_molecular_weight, fragments.electron_affinity AS fragments_electron_affinity 
FROM fragments 
WHERE fragments.id = %(id_1)s 
 LIMIT %(param_1)s
2026-01-22 15:57:44,570 - INFO - [cached since 0.2458s ago] {'id_1': 67.0, 'param_1': 1}
2026-01-22 15:57:44,570 - INFO - \u2705 Inserted Fragment: {'id': 67.0, 'formula': 'C3H6ClO2', 'charge': -1.0, 'electron_affinity': nan, 'molecular_weight': 109.53154}
2026-01-22 15:57:44,572 - INFO - INSERT INTO fragments (id, formula, charge, molecular_weight, electron_affinity) VALUES (%(id)s, %(formula)s, %(charge)s, %(molecular_weight)s, %(electron_affinity)s)
2026-01-22 15:57:44,572 - INFO - [cached since 0.2416s ago] {'id': 67.0, 'formula': 'C3H6ClO2', 'charge': -1.0, 'molecular_weight': 109.53154, 'electron_affinity': nan}
2026-01-22 15:57:44,573 - INFO - SELECT fragments.id AS fragments_id, fragments.formula AS fragments_formula, fragments.charge AS fragments_charge, fragments.molecular_weight AS fragments_molecular_weight, fragments.electron_affinity AS fragments_electron_affinity 
FROM fragments 
WHERE fragments.id = %(id_1)s 
 LIMIT %(param_1)s
2026-01-22 15:57:44,573 - INFO - [cached since 0.249s ago] {'id_1': 68.0, 'param_1': 1}
2026-01-22 15:57:44,574 - INFO - \u2705 Inserted Fragment: {'id': 68.0, 'formula': 'C3H5Cl2O', 'charge': -1.0, 'electron_affinity': nan, 'molecular_weight': 127.9772}
2026-01-22 15:57:44,575 - INFO - INSERT INTO fragments (id, formula, charge, molecular_weight, electron_affinity) VALUES (%(id)s, %(formula)s, %(charge)s, %(molecular_weight)s, %(electron_affinity)s)
2026-01-22 15:57:44,575 - INFO - [cached since 0.2445s ago] {'id': 68.0, 'formula': 'C3H5Cl2O', 'charge': -1.0, 'molecular_weight': 127.9772, 'electron_affinity': nan}
2026-01-22 15:57:44,576 - INFO - SELECT fragments.id AS fragments_id, fragments.formula AS fragments_formula, fragments.charge AS fragments_charge, fragments.molecular_weight AS fragments_molecular_weight, fragments.electron_affinity AS fragments_electron_affinity 
FROM fragments 
WHERE fragments.id = %(id_1)s 
 LIMIT %(param_1)s
2026-01-22 15:57:44,576 - INFO - [cached since 0.2517s ago] {'id_1': 69.0, 'param_1': 1}
2026-01-22 15:57:44,576 - INFO - \u2705 Inserted Fragment: {'id': 69.0, 'formula': 'C2H5Cl2', 'charge': -1.0, 'electron_affinity': nan, 'molecular_weight': 99.9671}
2026-01-22 15:57:44,578 - INFO - INSERT INTO fragments (id, formula, charge, molecular_weight, electron_affinity) VALUES (%(id)s, %(formula)s, %(charge)s, %(molecular_weight)s, %(electron_affinity)s)
2026-01-22 15:57:44,578 - INFO - [cached since 0.2475s ago] {'id': 69.0, 'formula': 'C2H5Cl2', 'charge': -1.0, 'molecular_weight': 99.9671, 'electron_affinity': nan}
2026-01-22 15:57:44,579 - INFO - SELECT fragments.id AS fragments_id, fragments.formula AS fragments_formula, fragments.charge AS fragments_charge, fragments.molecular_weight AS fragments_molecular_weight, fragments.electron_affinity AS fragments_electron_affinity 
FROM fragments 
WHERE fragments.id = %(id_1)s 
 LIMIT %(param_1)s
2026-01-22 15:57:44,579 - INFO - [cached since 0.2548s ago] {'id_1': 70.0, 'param_1': 1}
2026-01-22 15:57:44,580 - INFO - \u2705 Inserted Fragment: {'id': 70.0, 'formula': 'C3H6ClO', 'charge': -1.0, 'electron_affinity': nan, 'molecular_weight': 93.53214}
2026-01-22 15:57:44,581 - INFO - INSERT INTO fragments (id, formula, charge, molecular_weight, electron_affinity) VALUES (%(id)s, %(formula)s, %(charge)s, %(molecular_weight)s, %(electron_affinity)s)
2026-01-22 15:57:44,581 - INFO - [cached since 0.2508s ago] {'id': 70.0, 'formula': 'C3H6ClO', 'charge': -1.0, 'molecular_weight': 93.53214, 'electron_affinity': nan}
2026-01-22 15:57:44,583 - INFO - SELECT fragments.id AS fragments_id, fragments.formula AS fragments_formula, fragments.charge AS fragments_charge, fragments.molecular_weight AS fragments_molecular_weight, fragments.electron_affinity AS fragments_electron_affinity 
FROM fragments 
WHERE fragments.id = %(id_1)s 
 LIMIT %(param_1)s
2026-01-22 15:57:44,583 - INFO - [cached since 0.2588s ago] {'id_1': 71.0, 'param_1': 1}
2026-01-22 15:57:44,584 - INFO - \u2705 Inserted Fragment: {'id': 71.0, 'formula': 'C3H5ClO', 'charge': -1.0, 'electron_affinity': nan, 'molecular_weight': 92.5242}
2026-01-22 15:57:44,585 - INFO - INSERT INTO fragments (id, formula, charge, molecular_weight, electron_affinity) VALUES (%(id)s, %(formula)s, %(charge)s, %(molecular_weight)s, %(electron_affinity)s)
2026-01-22 15:57:44,585 - INFO - [cached since 0.255s ago] {'id': 71.0, 'formula': 'C3H5ClO', 'charge': -1.0, 'molecular_weight': 92.5242, 'electron_affinity': nan}
2026-01-22 15:57:44,587 - INFO - SELECT fragments.id AS fragments_id, fragments.formula AS fragments_formula, fragments.charge AS fragments_charge, fragments.molecular_weight AS fragments_molecular_weight, fragments.electron_affinity AS fragments_electron_affinity 
FROM fragments 
WHERE fragments.id = %(id_1)s 
 LIMIT %(param_1)s
2026-01-22 15:57:44,587 - INFO - [cached since 0.2628s ago] {'id_1': 72.0, 'param_1': 1}
2026-01-22 15:57:44,588 - INFO - \u2705 Inserted Fragment: {'id': 72.0, 'formula': 'Cl2H', 'charge': -1.0, 'electron_affinity': nan, 'molecular_weight': 71.91394000000001}
2026-01-22 15:57:44,590 - INFO - INSERT INTO fragments (id, formula, charge, molecular_weight, electron_affinity) VALUES (%(id)s, %(formula)s, %(charge)s, %(molecular_weight)s, %(electron_affinity)s)
2026-01-22 15:57:44,590 - INFO - [cached since 0.2594s ago] {'id': 72.0, 'formula': 'Cl2H', 'charge': -1.0, 'molecular_weight': 71.91394000000001, 'electron_affinity': nan}
2026-01-22 15:57:44,591 - INFO - SELECT fragments.id AS fragments_id, fragments.formula AS fragments_formula, fragments.charge AS fragments_charge, fragments.molecular_weight AS fragments_molecular_weight, fragments.electron_affinity AS fragments_electron_affinity 
FROM fragments 
WHERE fragments.id = %(id_1)s 
 LIMIT %(param_1)s
2026-01-22 15:57:44,591 - INFO - [cached since 0.2672s ago] {'id_1': 73.0, 'param_1': 1}
2026-01-22 15:57:44,592 - INFO - \u2705 Inserted Fragment: {'id': 73.0, 'formula': 'Cl2', 'charge': -1.0, 'electron_affinity': nan, 'molecular_weight': 70.906}
2026-01-22 15:57:44,594 - INFO - INSERT INTO fragments (id, formula, charge, molecular_weight, electron_affinity) VALUES (%(id)s, %(formula)s, %(charge)s, %(molecular_weight)s, %(electron_affinity)s)
2026-01-22 15:57:44,595 - INFO - [cached since 0.264s ago] {'id': 73.0, 'formula': 'Cl2', 'charge': -1.0, 'molecular_weight': 70.906, 'electron_affinity': nan}
2026-01-22 15:57:44,596 - INFO - SELECT fragments.id AS fragments_id, fragments.formula AS fragments_formula, fragments.charge AS fragments_charge, fragments.molecular_weight AS fragments_molecular_weight, fragments.electron_affinity AS fragments_electron_affinity 
FROM fragments 
WHERE fragments.id = %(id_1)s 
 LIMIT %(param_1)s
2026-01-22 15:57:44,596 - INFO - [cached since 0.2723s ago] {'id_1': 74.0, 'param_1': 1}
2026-01-22 15:57:44,598 - INFO - \u2705 Inserted Fragment: {'id': 74.0, 'formula': 'ClOH', 'charge': -1.0, 'electron_affinity': nan, 'molecular_weight': 52.46034}
2026-01-22 15:57:44,601 - INFO - INSERT INTO fragments (id, formula, charge, molecular_weight, electron_affinity) VALUES (%(id)s, %(formula)s, %(charge)s, %(molecular_weight)s, %(electron_affinity)s)
2026-01-22 15:57:44,601 - INFO - [cached since 0.2707s ago] {'id': 74.0, 'formula': 'ClOH', 'charge': -1.0, 'molecular_weight': 52.46034, 'electron_affinity': nan}
2026-01-22 15:57:44,603 - INFO - SELECT fragments.id AS fragments_id, fragments.formula AS fragments_formula, fragments.charge AS fragments_charge, fragments.molecular_weight AS fragments_molecular_weight, fragments.electron_affinity AS fragments_electron_affinity 
FROM fragments 
WHERE fragments.id = %(id_1)s 
 LIMIT %(param_1)s
2026-01-22 15:57:44,603 - INFO - [cached since 0.2789s ago] {'id_1': 75.0, 'param_1': 1}
2026-01-22 15:57:44,604 - INFO - \u2705 Inserted Fragment: {'id': 75.0, 'formula': 'C2H5O', 'charge': -1.0, 'electron_affinity': nan, 'molecular_weight': 45.0605}
2026-01-22 15:57:44,606 - INFO - INSERT INTO fragments (id, formula, charge, molecular_weight, electron_affinity) VALUES (%(id)s, %(formula)s, %(charge)s, %(molecular_weight)s, %(electron_affinity)s)
2026-01-22 15:57:44,607 - INFO - [cached since 0.2762s ago] {'id': 75.0, 'formula': 'C2H5O', 'charge': -1.0, 'molecular_weight': 45.0605, 'electron_affinity': nan}
2026-01-22 15:57:44,608 - INFO - SELECT fragments.id AS fragments_id, fragments.formula AS fragments_formula, fragments.charge AS fragments_charge, fragments.molecular_weight AS fragments_molecular_weight, fragments.electron_affinity AS fragments_electron_affinity 
FROM fragments 
WHERE fragments.id = %(id_1)s 
 LIMIT %(param_1)s
2026-01-22 15:57:44,608 - INFO - [cached since 0.2843s ago] {'id_1': 76.0, 'param_1': 1}
2026-01-22 15:57:44,609 - INFO - \u2705 Inserted Fragment: {'id': 76.0, 'formula': 'C6H4BrO', 'charge': -1.0, 'electron_affinity': nan, 'molecular_weight': 171.99936}
2026-01-22 15:57:44,611 - INFO - INSERT INTO fragments (id, formula, charge, molecular_weight, electron_affinity) VALUES (%(id)s, %(formula)s, %(charge)s, %(molecular_weight)s, %(electron_affinity)s)
2026-01-22 15:57:44,611 - INFO - [cached since 0.281s ago] {'id': 76.0, 'formula': 'C6H4BrO', 'charge': -1.0, 'molecular_weight': 171.99936, 'electron_affinity': nan}
2026-01-22 15:57:44,613 - INFO - SELECT fragments.id AS fragments_id, fragments.formula AS fragments_formula, fragments.charge AS fragments_charge, fragments.molecular_weight AS fragments_molecular_weight, fragments.electron_affinity AS fragments_electron_affinity 
FROM fragments 
WHERE fragments.id = %(id_1)s 
 LIMIT %(param_1)s
2026-01-22 15:57:44,613 - INFO - [cached since 0.2888s ago] {'id_1': 77.0, 'param_1': 1}
2026-01-22 15:57:44,614 - INFO - \u2705 Inserted Fragment: {'id': 77.0, 'formula': 'C12H9O', 'charge': -1.0, 'electron_affinity': nan, 'molecular_weight': 169.19926}
2026-01-22 15:57:44,617 - INFO - INSERT INTO fragments (id, formula, charge, molecular_weight, electron_affinity) VALUES (%(id)s, %(formula)s, %(charge)s, %(molecular_weight)s, %(electron_affinity)s)
2026-01-22 15:57:44,617 - INFO - [cached since 0.2869s ago] {'id': 77.0, 'formula': 'C12H9O', 'charge': -1.0, 'molecular_weight': 169.19926, 'electron_affinity': nan}
2026-01-22 15:57:44,619 - INFO - SELECT fragments.id AS fragments_id, fragments.formula AS fragments_formula, fragments.charge AS fragments_charge, fragments.molecular_weight AS fragments_molecular_weight, fragments.electron_affinity AS fragments_electron_affinity 
FROM fragments 
WHERE fragments.id = %(id_1)s 
 LIMIT %(param_1)s
2026-01-22 15:57:44,619 - INFO - [cached since 0.2953s ago] {'id_1': 78.0, 'param_1': 1}
2026-01-22 15:57:44,620 - INFO - \u2705 Inserted Fragment: {'id': 78.0, 'formula': 'C6H5O', 'charge': -1.0, 'electron_affinity': nan, 'molecular_weight': 93.10329999999999}
2026-01-22 15:57:44,622 - INFO - INSERT INTO fragments (id, formula, charge, molecular_weight, electron_affinity) VALUES (%(id)s, %(formula)s, %(charge)s, %(molecular_weight)s, %(electron_affinity)s)
2026-01-22 15:57:44,622 - INFO - [cached since 0.2917s ago] {'id': 78.0, 'formula': 'C6H5O', 'charge': -1.0, 'molecular_weight': 93.10329999999999, 'electron_affinity': nan}
2026-01-22 15:57:44,623 - INFO - SELECT fragments.id AS fragments_id, fragments.formula AS fragments_formula, fragments.charge AS fragments_charge, fragments.molecular_weight AS fragments_molecular_weight, fragments.electron_affinity AS fragments_electron_affinity 
FROM fragments 
WHERE fragments.id = %(id_1)s 
 LIMIT %(param_1)s
2026-01-22 15:57:44,624 - INFO - [cached since 0.2996s ago] {'id_1': 79.0, 'param_1': 1}
2026-01-22 15:57:44,625 - INFO - \u2705 Inserted Fragment: {'id': 79.0, 'formula': 'C6H5', 'charge': -1.0, 'electron_affinity': nan, 'molecular_weight': 77.1039}
2026-01-22 15:57:44,627 - INFO - INSERT INTO fragments (id, formula, charge, molecular_weight, electron_affinity) VALUES (%(id)s, %(formula)s, %(charge)s, %(molecular_weight)s, %(electron_affinity)s)
2026-01-22 15:57:44,628 - INFO - [cached since 0.2972s ago] {'id': 79.0, 'formula': 'C6H5', 'charge': -1.0, 'molecular_weight': 77.1039, 'electron_affinity': nan}
2026-01-22 15:57:44,629 - INFO - SELECT fragments.id AS fragments_id, fragments.formula AS fragments_formula, fragments.charge AS fragments_charge, fragments.molecular_weight AS fragments_molecular_weight, fragments.electron_affinity AS fragments_electron_affinity 
FROM fragments 
WHERE fragments.id = %(id_1)s 
 LIMIT %(param_1)s
2026-01-22 15:57:44,629 - INFO - [cached since 0.3051s ago] {'id_1': 80.0, 'param_1': 1}
2026-01-22 15:57:44,630 - INFO - \u2705 Inserted Fragment: {'id': 80.0, 'formula': 'C12H8BrO', 'charge': -1.0, 'electron_affinity': nan, 'molecular_weight': 248.09532000000002}
2026-01-22 15:57:44,634 - INFO - INSERT INTO fragments (id, formula, charge, molecular_weight, electron_affinity) VALUES (%(id)s, %(formula)s, %(charge)s, %(molecular_weight)s, %(electron_affinity)s)
2026-01-22 15:57:44,634 - INFO - [cached since 0.3035s ago] {'id': 80.0, 'formula': 'C12H8BrO', 'charge': -1.0, 'molecular_weight': 248.09532000000002, 'electron_affinity': nan}
2026-01-22 15:57:44,635 - INFO - SELECT fragments.id AS fragments_id, fragments.formula AS fragments_formula, fragments.charge AS fragments_charge, fragments.molecular_weight AS fragments_molecular_weight, fragments.electron_affinity AS fragments_electron_affinity 
FROM fragments 
WHERE fragments.id = %(id_1)s 
 LIMIT %(param_1)s
2026-01-22 15:57:44,635 - INFO - [cached since 0.3114s ago] {'id_1': 81.0, 'param_1': 1}
2026-01-22 15:57:44,636 - INFO - \u2705 Inserted Fragment: {'id': 81.0, 'formula': 'BrC6H4O', 'charge': -1.0, 'electron_affinity': nan, 'molecular_weight': 171.99936}
2026-01-22 15:57:44,638 - INFO - INSERT INTO fragments (id, formula, charge, molecular_weight, electron_affinity) VALUES (%(id)s, %(formula)s, %(charge)s, %(molecular_weight)s, %(electron_affinity)s)
2026-01-22 15:57:44,638 - INFO - [cached since 0.3075s ago] {'id': 81.0, 'formula': 'BrC6H4O', 'charge': -1.0, 'molecular_weight': 171.99936, 'electron_affinity': nan}
2026-01-22 15:57:44,639 - INFO - SELECT fragments.id AS fragments_id, fragments.formula AS fragments_formula, fragments.charge AS fragments_charge, fragments.molecular_weight AS fragments_molecular_weight, fragments.electron_affinity AS fragments_electron_affinity 
FROM fragments 
WHERE fragments.id = %(id_1)s 
 LIMIT %(param_1)s
2026-01-22 15:57:44,639 - INFO - [cached since 0.3153s ago] {'id_1': 82.0, 'param_1': 1}
2026-01-22 15:57:44,640 - INFO - \u2705 Inserted Fragment: {'id': 82.0, 'formula': 'Br2', 'charge': -1.0, 'electron_affinity': nan, 'molecular_weight': 159.808}
2026-01-22 15:57:44,642 - INFO - INSERT INTO fragments (id, formula, charge, molecular_weight, electron_affinity) VALUES (%(id)s, %(formula)s, %(charge)s, %(molecular_weight)s, %(electron_affinity)s)
2026-01-22 15:57:44,643 - INFO - [cached since 0.3122s ago] {'id': 82.0, 'formula': 'Br2', 'charge': -1.0, 'molecular_weight': 159.808, 'electron_affinity': nan}
2026-01-22 15:57:44,644 - INFO - SELECT fragments.id AS fragments_id, fragments.formula AS fragments_formula, fragments.charge AS fragments_charge, fragments.molecular_weight AS fragments_molecular_weight, fragments.electron_affinity AS fragments_electron_affinity 
FROM fragments 
WHERE fragments.id = %(id_1)s 
 LIMIT %(param_1)s
2026-01-22 15:57:44,644 - INFO - [cached since 0.32s ago] {'id_1': 83.0, 'param_1': 1}
2026-01-22 15:57:44,645 - INFO - \u2705 Inserted Fragment: {'id': 83.0, 'formula': 'C12H8Br2O', 'charge': -1.0, 'electron_affinity': nan, 'molecular_weight': 327.99931999999995}
2026-01-22 15:57:44,647 - INFO - INSERT INTO fragments (id, formula, charge, molecular_weight, electron_affinity) VALUES (%(id)s, %(formula)s, %(charge)s, %(molecular_weight)s, %(electron_affinity)s)
2026-01-22 15:57:44,647 - INFO - [cached since 0.3163s ago] {'id': 83.0, 'formula': 'C12H8Br2O', 'charge': -1.0, 'molecular_weight': 327.99931999999995, 'electron_affinity': nan}
2026-01-22 15:57:44,648 - INFO - SELECT fragments.id AS fragments_id, fragments.formula AS fragments_formula, fragments.charge AS fragments_charge, fragments.molecular_weight AS fragments_molecular_weight, fragments.electron_affinity AS fragments_electron_affinity 
FROM fragments 
WHERE fragments.id = %(id_1)s 
 LIMIT %(param_1)s
2026-01-22 15:57:44,649 - INFO - [cached since 0.3247s ago] {'id_1': 84.0, 'param_1': 1}
2026-01-22 15:57:44,650 - INFO - \u2705 Inserted Fragment: {'id': 84.0, 'formula': 'C12Br10O', 'charge': -1.0, 'electron_affinity': nan, 'molecular_weight': 959.1678}
2026-01-22 15:57:44,651 - INFO - INSERT INTO fragments (id, formula, charge, molecular_weight, electron_affinity) VALUES (%(id)s, %(formula)s, %(charge)s, %(molecular_weight)s, %(electron_affinity)s)
2026-01-22 15:57:44,652 - INFO - [cached since 0.3211s ago] {'id': 84.0, 'formula': 'C12Br10O', 'charge': -1.0, 'molecular_weight': 959.1678, 'electron_affinity': nan}
2026-01-22 15:57:44,652 - INFO - SELECT fragments.id AS fragments_id, fragments.formula AS fragments_formula, fragments.charge AS fragments_charge, fragments.molecular_weight AS fragments_molecular_weight, fragments.electron_affinity AS fragments_electron_affinity 
FROM fragments 
WHERE fragments.id = %(id_1)s 
 LIMIT %(param_1)s
2026-01-22 15:57:44,652 - INFO - [cached since 0.3285s ago] {'id_1': 85.0, 'param_1': 1}
2026-01-22 15:57:44,653 - INFO - \u2705 Inserted Fragment: {'id': 85.0, 'formula': 'C12Br9O', 'charge': -1.0, 'electron_affinity': nan, 'molecular_weight': 879.2638000000001}
2026-01-22 15:57:44,655 - INFO - INSERT INTO fragments (id, formula, charge, molecular_weight, electron_affinity) VALUES (%(id)s, %(formula)s, %(charge)s, %(molecular_weight)s, %(electron_affinity)s)
2026-01-22 15:57:44,655 - INFO - [cached since 0.3243s ago] {'id': 85.0, 'formula': 'C12Br9O', 'charge': -1.0, 'molecular_weight': 879.2638000000001, 'electron_affinity': nan}
2026-01-22 15:57:44,656 - INFO - SELECT fragments.id AS fragments_id, fragments.formula AS fragments_formula, fragments.charge AS fragments_charge, fragments.molecular_weight AS fragments_molecular_weight, fragments.electron_affinity AS fragments_electron_affinity 
FROM fragments 
WHERE fragments.id = %(id_1)s 
 LIMIT %(param_1)s
2026-01-22 15:57:44,656 - INFO - [cached since 0.3318s ago] {'id_1': 86.0, 'param_1': 1}
2026-01-22 15:57:44,656 - INFO - \u2705 Inserted Fragment: {'id': 86.0, 'formula': 'C12Br8O', 'charge': -1.0, 'electron_affinity': nan, 'molecular_weight': 799.3598000000001}
2026-01-22 15:57:44,658 - INFO - INSERT INTO fragments (id, formula, charge, molecular_weight, electron_affinity) VALUES (%(id)s, %(formula)s, %(charge)s, %(molecular_weight)s, %(electron_affinity)s)
2026-01-22 15:57:44,658 - INFO - [cached since 0.3277s ago] {'id': 86.0, 'formula': 'C12Br8O', 'charge': -1.0, 'molecular_weight': 799.3598000000001, 'electron_affinity': nan}
2026-01-22 15:57:44,659 - INFO - SELECT fragments.id AS fragments_id, fragments.formula AS fragments_formula, fragments.charge AS fragments_charge, fragments.molecular_weight AS fragments_molecular_weight, fragments.electron_affinity AS fragments_electron_affinity 
FROM fragments 
WHERE fragments.id = %(id_1)s 
 LIMIT %(param_1)s
2026-01-22 15:57:44,659 - INFO - [cached since 0.3352s ago] {'id_1': 87.0, 'param_1': 1}
2026-01-22 15:57:44,660 - INFO - \u2705 Inserted Fragment: {'id': 87.0, 'formula': 'C6Br5O', 'charge': -1.0, 'electron_affinity': nan, 'molecular_weight': 487.5836}
2026-01-22 15:57:44,662 - INFO - INSERT INTO fragments (id, formula, charge, molecular_weight, electron_affinity) VALUES (%(id)s, %(formula)s, %(charge)s, %(molecular_weight)s, %(electron_affinity)s)
2026-01-22 15:57:44,663 - INFO - [cached since 0.3323s ago] {'id': 87.0, 'formula': 'C6Br5O', 'charge': -1.0, 'molecular_weight': 487.5836, 'electron_affinity': nan}
2026-01-22 15:57:44,664 - INFO - SELECT fragments.id AS fragments_id, fragments.formula AS fragments_formula, fragments.charge AS fragments_charge, fragments.molecular_weight AS fragments_molecular_weight, fragments.electron_affinity AS fragments_electron_affinity 
FROM fragments 
WHERE fragments.id = %(id_1)s 
 LIMIT %(param_1)s
2026-01-22 15:57:44,664 - INFO - [cached since 0.3398s ago] {'id_1': 88.0, 'param_1': 1}
2026-01-22 15:57:44,665 - INFO - \u2705 Inserted Fragment: {'id': 88.0, 'formula': 'C6Br5', 'charge': -1.0, 'electron_affinity': nan, 'molecular_weight': 471.5842}
2026-01-22 15:57:44,666 - INFO - INSERT INTO fragments (id, formula, charge, molecular_weight, electron_affinity) VALUES (%(id)s, %(formula)s, %(charge)s, %(molecular_weight)s, %(electron_affinity)s)
2026-01-22 15:57:44,666 - INFO - [cached since 0.3358s ago] {'id': 88.0, 'formula': 'C6Br5', 'charge': -1.0, 'molecular_weight': 471.5842, 'electron_affinity': nan}
2026-01-22 15:57:44,667 - INFO - SELECT fragments.id AS fragments_id, fragments.formula AS fragments_formula, fragments.charge AS fragments_charge, fragments.molecular_weight AS fragments_molecular_weight, fragments.electron_affinity AS fragments_electron_affinity 
FROM fragments 
WHERE fragments.id = %(id_1)s 
 LIMIT %(param_1)s
2026-01-22 15:57:44,668 - INFO - [cached since 0.3436s ago] {'id_1': 89.0, 'param_1': 1}
2026-01-22 15:57:44,668 - INFO - \u2705 Inserted Fragment: {'id': 89.0, 'formula': 'C6Cl6', 'charge': -1.0, 'electron_affinity': nan, 'molecular_weight': 284.7822}
2026-01-22 15:57:44,670 - INFO - INSERT INTO fragments (id, formula, charge, molecular_weight, electron_affinity) VALUES (%(id)s, %(formula)s, %(charge)s, %(molecular_weight)s, %(electron_affinity)s)
2026-01-22 15:57:44,670 - INFO - [cached since 0.3392s ago] {'id': 89.0, 'formula': 'C6Cl6', 'charge': -1.0, 'molecular_weight': 284.7822, 'electron_affinity': nan}
2026-01-22 15:57:44,670 - INFO - SELECT fragments.id AS fragments_id, fragments.formula AS fragments_formula, fragments.charge AS fragments_charge, fragments.molecular_weight AS fragments_molecular_weight, fragments.electron_affinity AS fragments_electron_affinity 
FROM fragments 
WHERE fragments.id = %(id_1)s 
 LIMIT %(param_1)s
2026-01-22 15:57:44,670 - INFO - [cached since 0.3464s ago] {'id_1': 90.0, 'param_1': 1}
2026-01-22 15:57:44,671 - INFO - \u2705 Inserted Fragment: {'id': 90.0, 'formula': 'C6Cl5', 'charge': -1.0, 'electron_affinity': nan, 'molecular_weight': 249.32920000000001}
2026-01-22 15:57:44,672 - INFO - INSERT INTO fragments (id, formula, charge, molecular_weight, electron_affinity) VALUES (%(id)s, %(formula)s, %(charge)s, %(molecular_weight)s, %(electron_affinity)s)
2026-01-22 15:57:44,672 - INFO - [cached since 0.3417s ago] {'id': 90.0, 'formula': 'C6Cl5', 'charge': -1.0, 'molecular_weight': 249.32920000000001, 'electron_affinity': nan}
2026-01-22 15:57:44,673 - INFO - SELECT fragments.id AS fragments_id, fragments.formula AS fragments_formula, fragments.charge AS fragments_charge, fragments.molecular_weight AS fragments_molecular_weight, fragments.electron_affinity AS fragments_electron_affinity 
FROM fragments 
WHERE fragments.id = %(id_1)s 
 LIMIT %(param_1)s
2026-01-22 15:57:44,673 - INFO - [cached since 0.3493s ago] {'id_1': 91.0, 'param_1': 1}
2026-01-22 15:57:44,674 - INFO - \u2705 Inserted Fragment: {'id': 91.0, 'formula': 'C6Cl4', 'charge': -1.0, 'electron_affinity': nan, 'molecular_weight': 213.8762}
2026-01-22 15:57:44,676 - INFO - INSERT INTO fragments (id, formula, charge, molecular_weight, electron_affinity) VALUES (%(id)s, %(formula)s, %(charge)s, %(molecular_weight)s, %(electron_affinity)s)
2026-01-22 15:57:44,676 - INFO - [cached since 0.3452s ago] {'id': 91.0, 'formula': 'C6Cl4', 'charge': -1.0, 'molecular_weight': 213.8762, 'electron_affinity': nan}
2026-01-22 15:57:44,676 - INFO - SELECT fragments.id AS fragments_id, fragments.formula AS fragments_formula, fragments.charge AS fragments_charge, fragments.molecular_weight AS fragments_molecular_weight, fragments.electron_affinity AS fragments_electron_affinity 
FROM fragments 
WHERE fragments.id = %(id_1)s 
 LIMIT %(param_1)s
2026-01-22 15:57:44,677 - INFO - [cached since 0.3525s ago] {'id_1': 92.0, 'param_1': 1}
2026-01-22 15:57:44,677 - INFO - \u2705 Inserted Fragment: {'id': 92.0, 'formula': 'C4H3BrN2O2', 'charge': -1.0, 'electron_affinity': nan, 'molecular_weight': 190.98281999999998}
2026-01-22 15:57:44,679 - INFO - INSERT INTO fragments (id, formula, charge, molecular_weight, electron_affinity) VALUES (%(id)s, %(formula)s, %(charge)s, %(molecular_weight)s, %(electron_affinity)s)
2026-01-22 15:57:44,679 - INFO - [cached since 0.3482s ago] {'id': 92.0, 'formula': 'C4H3BrN2O2', 'charge': -1.0, 'molecular_weight': 190.98281999999998, 'electron_affinity': nan}
2026-01-22 15:57:44,679 - INFO - SELECT fragments.id AS fragments_id, fragments.formula AS fragments_formula, fragments.charge AS fragments_charge, fragments.molecular_weight AS fragments_molecular_weight, fragments.electron_affinity AS fragments_electron_affinity 
FROM fragments 
WHERE fragments.id = %(id_1)s 
 LIMIT %(param_1)s
2026-01-22 15:57:44,680 - INFO - [cached since 0.3556s ago] {'id_1': 93.0, 'param_1': 1}
2026-01-22 15:57:44,680 - INFO - \u2705 Inserted Fragment: {'id': 93.0, 'formula': 'C4H3N2O2', 'charge': -1.0, 'electron_affinity': nan, 'molecular_weight': 111.07882000000001}
2026-01-22 15:57:44,682 - INFO - INSERT INTO fragments (id, formula, charge, molecular_weight, electron_affinity) VALUES (%(id)s, %(formula)s, %(charge)s, %(molecular_weight)s, %(electron_affinity)s)
2026-01-22 15:57:44,682 - INFO - [cached since 0.3514s ago] {'id': 93.0, 'formula': 'C4H3N2O2', 'charge': -1.0, 'molecular_weight': 111.07882000000001, 'electron_affinity': nan}
2026-01-22 15:57:44,683 - INFO - SELECT fragments.id AS fragments_id, fragments.formula AS fragments_formula, fragments.charge AS fragments_charge, fragments.molecular_weight AS fragments_molecular_weight, fragments.electron_affinity AS fragments_electron_affinity 
FROM fragments 
WHERE fragments.id = %(id_1)s 
 LIMIT %(param_1)s
2026-01-22 15:57:44,683 - INFO - [cached since 0.3589s ago] {'id_1': 94.0, 'param_1': 1}
2026-01-22 15:57:44,684 - INFO - \u2705 Inserted Fragment: {'id': 94.0, 'formula': 'OCN', 'charge': -1.0, 'electron_affinity': nan, 'molecular_weight': 42.0168}
2026-01-22 15:57:44,685 - INFO - INSERT INTO fragments (id, formula, charge, molecular_weight, electron_affinity) VALUES (%(id)s, %(formula)s, %(charge)s, %(molecular_weight)s, %(electron_affinity)s)
2026-01-22 15:57:44,685 - INFO - [cached since 0.3547s ago] {'id': 94.0, 'formula': 'OCN', 'charge': -1.0, 'molecular_weight': 42.0168, 'electron_affinity': nan}
2026-01-22 15:57:44,686 - INFO - SELECT fragments.id AS fragments_id, fragments.formula AS fragments_formula, fragments.charge AS fragments_charge, fragments.molecular_weight AS fragments_molecular_weight, fragments.electron_affinity AS fragments_electron_affinity 
FROM fragments 
WHERE fragments.id = %(id_1)s 
 LIMIT %(param_1)s
2026-01-22 15:57:44,686 - INFO - [cached since 0.362s ago] {'id_1': 95.0, 'param_1': 1}
2026-01-22 15:57:44,687 - INFO - \u2705 Inserted Fragment: {'id': 95.0, 'formula': 'H2C3NO', 'charge': -1.0, 'electron_affinity': nan, 'molecular_weight': 68.05408}
2026-01-22 15:57:44,689 - INFO - INSERT INTO fragments (id, formula, charge, molecular_weight, electron_affinity) VALUES (%(id)s, %(formula)s, %(charge)s, %(molecular_weight)s, %(electron_affinity)s)
2026-01-22 15:57:44,689 - INFO - [cached since 0.3585s ago] {'id': 95.0, 'formula': 'H2C3NO', 'charge': -1.0, 'molecular_weight': 68.05408, 'electron_affinity': nan}
2026-01-22 15:57:44,690 - INFO - SELECT fragments.id AS fragments_id, fragments.formula AS fragments_formula, fragments.charge AS fragments_charge, fragments.molecular_weight AS fragments_molecular_weight, fragments.electron_affinity AS fragments_electron_affinity 
FROM fragments 
WHERE fragments.id = %(id_1)s 
 LIMIT %(param_1)s
2026-01-22 15:57:44,691 - INFO - [cached since 0.3667s ago] {'id_1': 96.0, 'param_1': 1}
2026-01-22 15:57:44,692 - INFO - \u2705 Inserted Fragment: {'id': 96.0, 'formula': 'C4H3ClN2O2', 'charge': -1.0, 'electron_affinity': nan, 'molecular_weight': 146.53182}
2026-01-22 15:57:44,694 - INFO - INSERT INTO fragments (id, formula, charge, molecular_weight, electron_affinity) VALUES (%(id)s, %(formula)s, %(charge)s, %(molecular_weight)s, %(electron_affinity)s)
2026-01-22 15:57:44,695 - INFO - [cached since 0.3642s ago] {'id': 96.0, 'formula': 'C4H3ClN2O2', 'charge': -1.0, 'molecular_weight': 146.53182, 'electron_affinity': nan}
2026-01-22 15:57:44,696 - INFO - SELECT fragments.id AS fragments_id, fragments.formula AS fragments_formula, fragments.charge AS fragments_charge, fragments.molecular_weight AS fragments_molecular_weight, fragments.electron_affinity AS fragments_electron_affinity 
FROM fragments 
WHERE fragments.id = %(id_1)s 
 LIMIT %(param_1)s
2026-01-22 15:57:44,696 - INFO - [cached since 0.3725s ago] {'id_1': 97.0, 'param_1': 1}
2026-01-22 15:57:44,698 - INFO - \u2705 Inserted Fragment: {'id': 97.0, 'formula': 'C4H2N2O2', 'charge': -1.0, 'electron_affinity': nan, 'molecular_weight': 110.07088}
2026-01-22 15:57:44,701 - INFO - INSERT INTO fragments (id, formula, charge, molecular_weight, electron_affinity) VALUES (%(id)s, %(formula)s, %(charge)s, %(molecular_weight)s, %(electron_affinity)s)
2026-01-22 15:57:44,701 - INFO - [cached since 0.3704s ago] {'id': 97.0, 'formula': 'C4H2N2O2', 'charge': -1.0, 'molecular_weight': 110.07088, 'electron_affinity': nan}
2026-01-22 15:57:44,702 - INFO - SELECT fragments.id AS fragments_id, fragments.formula AS fragments_formula, fragments.charge AS fragments_charge, fragments.molecular_weight AS fragments_molecular_weight, fragments.electron_affinity AS fragments_electron_affinity 
FROM fragments 
WHERE fragments.id = %(id_1)s 
 LIMIT %(param_1)s
2026-01-22 15:57:44,703 - INFO - [cached since 0.3786s ago] {'id_1': 98.0, 'param_1': 1}
2026-01-22 15:57:44,704 - INFO - \u2705 Inserted Fragment: {'id': 98.0, 'formula': 'C4H3IN2O2', 'charge': -1.0, 'electron_affinity': nan, 'molecular_weight': 237.98328999999998}
2026-01-22 15:57:44,706 - INFO - INSERT INTO fragments (id, formula, charge, molecular_weight, electron_affinity) VALUES (%(id)s, %(formula)s, %(charge)s, %(molecular_weight)s, %(electron_affinity)s)
2026-01-22 15:57:44,706 - INFO - [cached since 0.3757s ago] {'id': 98.0, 'formula': 'C4H3IN2O2', 'charge': -1.0, 'molecular_weight': 237.98328999999998, 'electron_affinity': nan}
2026-01-22 15:57:44,707 - INFO - SELECT fragments.id AS fragments_id, fragments.formula AS fragments_formula, fragments.charge AS fragments_charge, fragments.molecular_weight AS fragments_molecular_weight, fragments.electron_affinity AS fragments_electron_affinity 
FROM fragments 
WHERE fragments.id = %(id_1)s 
 LIMIT %(param_1)s
2026-01-22 15:57:44,707 - INFO - [cached since 0.3832s ago] {'id_1': 99.0, 'param_1': 1}
2026-01-22 15:57:44,708 - INFO - \u2705 Inserted Fragment: {'id': 99.0, 'formula': 'C4H3FN2O2', 'charge': -1.0, 'electron_affinity': nan, 'molecular_weight': 130.0772232}
2026-01-22 15:57:44,710 - INFO - INSERT INTO fragments (id, formula, charge, molecular_weight, electron_affinity) VALUES (%(id)s, %(formula)s, %(charge)s, %(molecular_weight)s, %(electron_affinity)s)
2026-01-22 15:57:44,710 - INFO - [cached since 0.3792s ago] {'id': 99.0, 'formula': 'C4H3FN2O2', 'charge': -1.0, 'molecular_weight': 130.0772232, 'electron_affinity': nan}
2026-01-22 15:57:44,710 - INFO - SELECT fragments.id AS fragments_id, fragments.formula AS fragments_formula, fragments.charge AS fragments_charge, fragments.molecular_weight AS fragments_molecular_weight, fragments.electron_affinity AS fragments_electron_affinity 
FROM fragments 
WHERE fragments.id = %(id_1)s 
 LIMIT %(param_1)s
2026-01-22 15:57:44,711 - INFO - [cached since 0.3866s ago] {'id_1': 100.0, 'param_1': 1}
2026-01-22 15:57:44,711 - INFO - \u2705 Inserted Fragment: {'id': 100.0, 'formula': 'CN2OH', 'charge': -1.0, 'electron_affinity': nan, 'molecular_weight': 57.03144}
2026-01-22 15:57:44,712 - INFO - INSERT INTO fragments (id, formula, charge, molecular_weight, electron_affinity) VALUES (%(id)s, %(formula)s, %(charge)s, %(molecular_weight)s, %(electron_affinity)s)
2026-01-22 15:57:44,712 - INFO - [cached since 0.3814s ago] {'id': 100.0, 'formula': 'CN2OH', 'charge': -1.0, 'molecular_weight': 57.03144, 'electron_affinity': nan}
2026-01-22 15:57:44,713 - INFO - SELECT paper_molecule_link.id AS paper_molecule_link_id 
FROM paper_molecule_link
2026-01-22 15:57:44,713 - INFO - [generated in 0.00017s] {}
2026-01-22 15:57:44,716 - INFO - SELECT fragments.formula AS fragments_formula, fragments.id AS fragments_id 
FROM fragments
2026-01-22 15:57:44,716 - INFO - [generated in 0.00027s] {}
2026-01-22 15:57:44,722 - INFO - \U0001f504 Found fragment_id 2 for fragment_formula Cl
2026-01-22 15:57:44,722 - INFO - \U0001f504 Found fragment_id 2 for fragment_formula Cl
2026-01-22 15:57:44,722 - INFO - \U0001f504 Found fragment_id 2 for fragment_formula Cl
2026-01-22 15:57:44,722 - INFO - \U0001f504 Found fragment_id 2 for fragment_formula Cl
2026-01-22 15:57:44,723 - INFO - \U0001f504 Found fragment_id 2 for fragment_formula Cl
2026-01-22 15:57:44,723 - INFO - \U0001f504 Found fragment_id 2 for fragment_formula Cl
2026-01-22 15:57:44,723 - INFO - \U0001f504 Found fragment_id 2 for fragment_formula Cl
2026-01-22 15:57:44,723 - INFO - \U0001f504 Found fragment_id 2 for fragment_formula Cl
2026-01-22 15:57:44,723 - INFO - \U0001f504 Found fragment_id 2 for fragment_formula Cl
2026-01-22 15:57:44,723 - INFO - \U0001f504 Found fragment_id 2 for fragment_formula Cl
2026-01-22 15:57:44,723 - INFO - \U0001f504 Found fragment_id 2 for fragment_formula Cl
2026-01-22 15:57:44,723 - INFO - \U0001f504 Found fragment_id 2 for fragment_formula Cl
2026-01-22 15:57:44,724 - INFO - \U0001f504 Found fragment_id 2 for fragment_formula Cl
2026-01-22 15:57:44,724 - INFO - \U0001f504 Found fragment_id 2 for fragment_formula Cl
2026-01-22 15:57:44,724 - INFO - \U0001f504 Found fragment_id 2 for fragment_formula Cl
2026-01-22 15:57:44,724 - INFO - \U0001f504 Found fragment_id 2 for fragment_formula Cl
2026-01-22 15:57:44,724 - INFO - \U0001f504 Found fragment_id 2 for fragment_formula Cl
2026-01-22 15:57:44,724 - INFO - \U0001f504 Found fragment_id 2 for fragment_formula Cl
2026-01-22 15:57:44,725 - INFO - \U0001f504 Found fragment_id 2 for fragment_formula Cl
2026-01-22 15:57:44,725 - INFO - \U0001f504 Found fragment_id 2 for fragment_formula Cl
2026-01-22 15:57:44,725 - INFO - \U0001f504 Found fragment_id 2 for fragment_formula Cl
2026-01-22 15:57:44,725 - INFO - \U0001f504 Found fragment_id 2 for fragment_formula Cl
2026-01-22 15:57:44,725 - INFO - \U0001f504 Found fragment_id 2 for fragment_formula Cl
2026-01-22 15:57:44,725 - INFO - \U0001f504 Found fragment_id 2 for fragment_formula Cl
2026-01-22 15:57:44,725 - INFO - \U0001f504 Found fragment_id 2 for fragment_formula Cl
2026-01-22 15:57:44,725 - INFO - \U0001f504 Found fragment_id 2 for fragment_formula Cl
2026-01-22 15:57:44,725 - INFO - \U0001f504 Found fragment_id 2 for fragment_formula Cl
2026-01-22 15:57:44,725 - INFO - \U0001f504 Found fragment_id 2 for fragment_formula Cl
2026-01-22 15:57:44,726 - INFO - \U0001f504 Found fragment_id 2 for fragment_formula Cl
2026-01-22 15:57:44,726 - INFO - \U0001f504 Found fragment_id 2 for fragment_formula Cl
2026-01-22 15:57:44,726 - INFO - \U0001f504 Found fragment_id 2 for fragment_formula Cl
2026-01-22 15:57:44,726 - INFO - \U0001f504 Found fragment_id 2 for fragment_formula Cl
2026-01-22 15:57:44,726 - INFO - \U0001f504 Found fragment_id 2 for fragment_formula Cl
2026-01-22 15:57:44,726 - INFO - \U0001f504 Found fragment_id 2 for fragment_formula Cl
2026-01-22 15:57:44,726 - INFO - \U0001f504 Found fragment_id 2 for fragment_formula Cl
2026-01-22 15:57:44,726 - INFO - \U0001f504 Found fragment_id 2 for fragment_formula Cl
2026-01-22 15:57:44,726 - INFO - \U0001f504 Found fragment_id 2 for fragment_formula Cl
2026-01-22 15:57:44,726 - INFO - \U0001f504 Found fragment_id 2 for fragment_formula Cl
2026-01-22 15:57:44,726 - INFO - \U0001f504 Found fragment_id 4 for fragment_formula Br
2026-01-22 15:57:44,727 - INFO - \U0001f504 Found fragment_id 4 for fragment_formula Br
2026-01-22 15:57:44,727 - INFO - \U0001f504 Found fragment_id 4 for fragment_formula Br
2026-01-22 15:57:44,727 - INFO - \U0001f504 Found fragment_id 4 for fragment_formula Br
2026-01-22 15:57:44,727 - INFO - \U0001f504 Found fragment_id 4 for fragment_formula Br
2026-01-22 15:57:44,727 - INFO - \U0001f504 Found fragment_id 4 for fragment_formula Br
2026-01-22 15:57:44,727 - INFO - \U0001f504 Found fragment_id 3 for fragment_formula F
2026-01-22 15:57:44,727 - INFO - \U0001f504 Found fragment_id 8 for fragment_formula CF3
2026-01-22 15:57:44,727 - INFO - \U0001f504 Found fragment_id 3 for fragment_formula F
2026-01-22 15:57:44,727 - INFO - \U0001f504 Found fragment_id 7 for fragment_formula C2F5
2026-01-22 15:57:44,727 - INFO - \U0001f504 Found fragment_id 8 for fragment_formula CF3
2026-01-22 15:57:44,728 - INFO - \U0001f504 Found fragment_id 3 for fragment_formula F
2026-01-22 15:57:44,728 - INFO - \U0001f504 Found fragment_id 9 for fragment_formula C3F7
2026-01-22 15:57:44,728 - INFO - \U0001f504 Found fragment_id 7 for fragment_formula C2F5
2026-01-22 15:57:44,728 - INFO - \U0001f504 Found fragment_id 10 for fragment_formula C2F3
2026-01-22 15:57:44,728 - INFO - \U0001f504 Found fragment_id 8 for fragment_formula CF3
2026-01-22 15:57:44,728 - INFO - \U0001f504 Found fragment_id 3 for fragment_formula F
2026-01-22 15:57:44,728 - INFO - \U0001f504 Found fragment_id 3 for fragment_formula F
2026-01-22 15:57:44,728 - INFO - \U0001f504 Found fragment_id 11 for fragment_formula C4F10
2026-01-22 15:57:44,729 - INFO - \U0001f504 Found fragment_id 12 for fragment_formula C4F9
2026-01-22 15:57:44,729 - INFO - \U0001f504 Found fragment_id 12 for fragment_formula C4F9
2026-01-22 15:57:44,729 - INFO - \U0001f504 Found fragment_id 9 for fragment_formula C3F7
2026-01-22 15:57:44,729 - INFO - \U0001f504 Found fragment_id 7 for fragment_formula C2F5
2026-01-22 15:57:44,729 - INFO - \U0001f504 Found fragment_id 7 for fragment_formula C2F5
2026-01-22 15:57:44,729 - INFO - \U0001f504 Found fragment_id 8 for fragment_formula CF3
2026-01-22 15:57:44,729 - INFO - \U0001f504 Found fragment_id 8 for fragment_formula CF3
2026-01-22 15:57:44,729 - INFO - \U0001f504 Found fragment_id 3 for fragment_formula F
2026-01-22 15:57:44,729 - INFO - \U0001f504 Found fragment_id 3 for fragment_formula F
2026-01-22 15:57:44,730 - INFO - \U0001f504 Found fragment_id 11 for fragment_formula C4F10
2026-01-22 15:57:44,730 - INFO - \U0001f504 Found fragment_id 12 for fragment_formula C4F9
2026-01-22 15:57:44,730 - INFO - \U0001f504 Found fragment_id 12 for fragment_formula C4F9
2026-01-22 15:57:44,730 - INFO - \U0001f504 Found fragment_id 9 for fragment_formula C3F7
2026-01-22 15:57:44,730 - INFO - \U0001f504 Found fragment_id 9 for fragment_formula C3F7
2026-01-22 15:57:44,730 - INFO - \U0001f504 Found fragment_id 8 for fragment_formula CF3
2026-01-22 15:57:44,730 - INFO - \U0001f504 Found fragment_id 3 for fragment_formula F
2026-01-22 15:57:44,730 - INFO - \U0001f504 Found fragment_id 3 for fragment_formula F
2026-01-22 15:57:44,730 - INFO - \U0001f504 Found fragment_id 13 for fragment_formula C5F12
2026-01-22 15:57:44,730 - INFO - \U0001f504 Found fragment_id 14 for fragment_formula C5F11
2026-01-22 15:57:44,730 - INFO - \U0001f504 Found fragment_id 14 for fragment_formula C5F11
2026-01-22 15:57:44,730 - INFO - \U0001f504 Found fragment_id 15 for fragment_formula C5F10
2026-01-22 15:57:44,731 - INFO - \U0001f504 Found fragment_id 12 for fragment_formula C4F9
2026-01-22 15:57:44,731 - INFO - \U0001f504 Found fragment_id 12 for fragment_formula C4F9
2026-01-22 15:57:44,731 - INFO - \U0001f504 Found fragment_id 16 for fragment_formula C4F8
2026-01-22 15:57:44,731 - INFO - \U0001f504 Found fragment_id 16 for fragment_formula C4F8
2026-01-22 15:57:44,731 - INFO - \U0001f504 Found fragment_id 9 for fragment_formula C3F7
2026-01-22 15:57:44,731 - INFO - \U0001f504 Found fragment_id 9 for fragment_formula C3F7
2026-01-22 15:57:44,731 - INFO - \U0001f504 Found fragment_id 7 for fragment_formula C2F5
2026-01-22 15:57:44,731 - INFO - \U0001f504 Found fragment_id 7 for fragment_formula C2F5
2026-01-22 15:57:44,732 - INFO - \U0001f504 Found fragment_id 10 for fragment_formula C2F3
2026-01-22 15:57:44,732 - INFO - \U0001f504 Found fragment_id 3 for fragment_formula F
2026-01-22 15:57:44,732 - INFO - \U0001f504 Found fragment_id 17 for fragment_formula C6F14
2026-01-22 15:57:44,732 - INFO - \U0001f504 Found fragment_id 18 for fragment_formula C6F13
2026-01-22 15:57:44,732 - INFO - \U0001f504 Found fragment_id 19 for fragment_formula C6F12
2026-01-22 15:57:44,732 - INFO - \U0001f504 Found fragment_id 14 for fragment_formula C5F11
2026-01-22 15:57:44,732 - INFO - \U0001f504 Found fragment_id 15 for fragment_formula C5F10
2026-01-22 15:57:44,732 - INFO - \U0001f504 Found fragment_id 15 for fragment_formula C5F10
2026-01-22 15:57:44,732 - INFO - \U0001f504 Found fragment_id 20 for fragment_formula C5F9
2026-01-22 15:57:44,732 - INFO - \U0001f504 Found fragment_id 12 for fragment_formula C4F9
2026-01-22 15:57:44,733 - INFO - \U0001f504 Found fragment_id 21 for fragment_formula C4F7
2026-01-22 15:57:44,733 - INFO - \U0001f504 Found fragment_id 9 for fragment_formula C3F7
2026-01-22 15:57:44,733 - INFO - \U0001f504 Found fragment_id 9 for fragment_formula C3F7
2026-01-22 15:57:44,733 - INFO - \U0001f504 Found fragment_id 2 for fragment_formula Cl
2026-01-22 15:57:44,733 - INFO - \U0001f504 Found fragment_id 2 for fragment_formula Cl
2026-01-22 15:57:44,733 - INFO - \U0001f504 Found fragment_id 2 for fragment_formula Cl
2026-01-22 15:57:44,733 - INFO - \U0001f504 Found fragment_id 2 for fragment_formula Cl
2026-01-22 15:57:44,733 - INFO - \U0001f504 Found fragment_id 2 for fragment_formula Cl
2026-01-22 15:57:44,733 - INFO - \U0001f504 Found fragment_id 2 for fragment_formula Cl
2026-01-22 15:57:44,734 - INFO - \U0001f504 Found fragment_id 2 for fragment_formula Cl
2026-01-22 15:57:44,734 - INFO - \U0001f504 Found fragment_id 2 for fragment_formula Cl
2026-01-22 15:57:44,734 - INFO - \U0001f504 Found fragment_id 2 for fragment_formula Cl
2026-01-22 15:57:44,734 - INFO - \U0001f504 Found fragment_id 4 for fragment_formula Br
2026-01-22 15:57:44,734 - INFO - \U0001f504 Found fragment_id 4 for fragment_formula Br
2026-01-22 15:57:44,734 - INFO - \U0001f504 Found fragment_id 4 for fragment_formula Br
2026-01-22 15:57:44,734 - INFO - \U0001f504 Found fragment_id 4 for fragment_formula Br
2026-01-22 15:57:44,734 - INFO - \U0001f504 Found fragment_id 4 for fragment_formula Br
2026-01-22 15:57:44,734 - INFO - \U0001f504 Found fragment_id 4 for fragment_formula Br
2026-01-22 15:57:44,734 - INFO - \U0001f504 Found fragment_id 4 for fragment_formula Br
2026-01-22 15:57:44,734 - INFO - \U0001f504 Found fragment_id 4 for fragment_formula Br
2026-01-22 15:57:44,734 - INFO - \U0001f504 Found fragment_id 4 for fragment_formula Br
2026-01-22 15:57:44,735 - INFO - \U0001f504 Found fragment_id 4 for fragment_formula Br
2026-01-22 15:57:44,735 - INFO - \U0001f504 Found fragment_id 4 for fragment_formula Br
2026-01-22 15:57:44,735 - INFO - \U0001f504 Found fragment_id 4 for fragment_formula Br
2026-01-22 15:57:44,735 - INFO - \U0001f504 Found fragment_id 4 for fragment_formula Br
2026-01-22 15:57:44,735 - INFO - \U0001f504 Found fragment_id 2 for fragment_formula Cl
2026-01-22 15:57:44,735 - INFO - \U0001f504 Found fragment_id 2 for fragment_formula Cl
2026-01-22 15:57:44,735 - INFO - \U0001f504 Found fragment_id 2 for fragment_formula Cl
2026-01-22 15:57:44,735 - INFO - \U0001f504 Found fragment_id 4 for fragment_formula Br
2026-01-22 15:57:44,735 - INFO - \U0001f504 Found fragment_id 4 for fragment_formula Br
2026-01-22 15:57:44,735 - INFO - \U0001f504 Found fragment_id 4 for fragment_formula Br
2026-01-22 15:57:44,735 - INFO - \U0001f504 Found fragment_id 4 for fragment_formula Br
2026-01-22 15:57:44,736 - INFO - \U0001f504 Found fragment_id 22 for fragment_formula CHClBr
2026-01-22 15:57:44,736 - INFO - \U0001f504 Found fragment_id 23 for fragment_formula ClBr
2026-01-22 15:57:44,736 - INFO - \U0001f504 Found fragment_id 24 for fragment_formula C2H4Br
2026-01-22 15:57:44,736 - INFO - \U0001f504 Found fragment_id 4 for fragment_formula Br
2026-01-22 15:57:44,736 - INFO - \U0001f504 Found fragment_id 2 for fragment_formula Cl
2026-01-22 15:57:44,736 - INFO - \U0001f504 Found fragment_id 25 for fragment_formula C3H6BrCl
2026-01-22 15:57:44,736 - INFO - \U0001f504 Found fragment_id 26 for fragment_formula C3H6Br
2026-01-22 15:57:44,736 - INFO - \U0001f504 Found fragment_id 27 for fragment_formula C3H5Br
2026-01-22 15:57:44,736 - INFO - \U0001f504 Found fragment_id 28 for fragment_formula BrHCl
2026-01-22 15:57:44,736 - INFO - \U0001f504 Found fragment_id 29 for fragment_formula BrCl
2026-01-22 15:57:44,736 - INFO - \U0001f504 Found fragment_id 4 for fragment_formula Br
2026-01-22 15:57:44,737 - INFO - \U0001f504 Found fragment_id 30 for fragment_formula C3H6Cl
2026-01-22 15:57:44,737 - INFO - \U0001f504 Found fragment_id 2 for fragment_formula Cl
2026-01-22 15:57:44,737 - INFO - \U0001f504 Found fragment_id 31 for fragment_formula C2ClF2
2026-01-22 15:57:44,737 - INFO - \U0001f504 Found fragment_id 4 for fragment_formula Br
2026-01-22 15:57:44,737 - INFO - \U0001f504 Found fragment_id 4 for fragment_formula Br
2026-01-22 15:57:44,737 - INFO - \U0001f504 Found fragment_id 2 for fragment_formula Cl
2026-01-22 15:57:44,737 - INFO - \U0001f504 Found fragment_id 3 for fragment_formula F
2026-01-22 15:57:44,737 - INFO - \U0001f504 Found fragment_id 3 for fragment_formula F
2026-01-22 15:57:44,737 - INFO - \U0001f504 Found fragment_id 2 for fragment_formula Cl
2026-01-22 15:57:44,737 - INFO - \U0001f504 Found fragment_id 73 for fragment_formula Cl2
2026-01-22 15:57:44,737 - INFO - \U0001f504 Found fragment_id 33 for fragment_formula ClHCl
2026-01-22 15:57:44,738 - INFO - \U0001f504 Found fragment_id 34 for fragment_formula C2H2Cl3
2026-01-22 15:57:44,738 - INFO - \U0001f504 Found fragment_id 2 for fragment_formula Cl
2026-01-22 15:57:44,738 - INFO - \U0001f504 Found fragment_id 2 for fragment_formula Cl
2026-01-22 15:57:44,738 - INFO - \U0001f504 Found fragment_id 2 for fragment_formula Cl
2026-01-22 15:57:44,738 - INFO - \U0001f504 Found fragment_id 5 for fragment_formula I
2026-01-22 15:57:44,738 - INFO - \U0001f504 Found fragment_id 5 for fragment_formula I
2026-01-22 15:57:44,738 - INFO - \U0001f504 Found fragment_id 2 for fragment_formula Cl
2026-01-22 15:57:44,738 - INFO - \U0001f504 Found fragment_id 2 for fragment_formula Cl
2026-01-22 15:57:44,738 - INFO - \U0001f504 Found fragment_id 4 for fragment_formula Br
2026-01-22 15:57:44,738 - INFO - \U0001f504 Found fragment_id 4 for fragment_formula Br
2026-01-22 15:57:44,738 - INFO - \U0001f504 Found fragment_id 2 for fragment_formula Cl
2026-01-22 15:57:44,738 - INFO - \U0001f504 Found fragment_id 4 for fragment_formula Br
2026-01-22 15:57:44,739 - INFO - \U0001f504 Found fragment_id 2 for fragment_formula Cl
2026-01-22 15:57:44,739 - INFO - \U0001f504 Found fragment_id 4 for fragment_formula Br
2026-01-22 15:57:44,739 - INFO - \U0001f504 Found fragment_id 4 for fragment_formula Br
2026-01-22 15:57:44,739 - INFO - \U0001f504 Found fragment_id 4 for fragment_formula Br
2026-01-22 15:57:44,739 - INFO - \U0001f504 Found fragment_id 4 for fragment_formula Br
2026-01-22 15:57:44,739 - INFO - \U0001f504 Found fragment_id 4 for fragment_formula Br
2026-01-22 15:57:44,739 - INFO - \U0001f504 Found fragment_id 4 for fragment_formula Br
2026-01-22 15:57:44,739 - INFO - \U0001f504 Found fragment_id 4 for fragment_formula Br
2026-01-22 15:57:44,740 - INFO - \U0001f504 Found fragment_id 4 for fragment_formula Br
2026-01-22 15:57:44,740 - INFO - \U0001f504 Found fragment_id 4 for fragment_formula Br
2026-01-22 15:57:44,740 - INFO - \U0001f504 Found fragment_id 4 for fragment_formula Br
2026-01-22 15:57:44,740 - INFO - \U0001f504 Found fragment_id 4 for fragment_formula Br
2026-01-22 15:57:44,740 - INFO - \U0001f504 Found fragment_id 4 for fragment_formula Br
2026-01-22 15:57:44,740 - INFO - \U0001f504 Found fragment_id 4 for fragment_formula Br
2026-01-22 15:57:44,740 - INFO - \U0001f504 Found fragment_id 4 for fragment_formula Br
2026-01-22 15:57:44,740 - INFO - \U0001f504 Found fragment_id 4 for fragment_formula Br
2026-01-22 15:57:44,740 - INFO - \U0001f504 Found fragment_id 4 for fragment_formula Br
2026-01-22 15:57:44,740 - INFO - \U0001f504 Found fragment_id 4 for fragment_formula Br
2026-01-22 15:57:44,740 - INFO - \U0001f504 Found fragment_id 4 for fragment_formula Br
2026-01-22 15:57:44,741 - INFO - \U0001f504 Found fragment_id 4 for fragment_formula Br
2026-01-22 15:57:44,741 - INFO - \U0001f504 Found fragment_id 3 for fragment_formula F
2026-01-22 15:57:44,741 - INFO - \U0001f504 Found fragment_id 3 for fragment_formula F
2026-01-22 15:57:44,741 - INFO - \U0001f504 Found fragment_id 35 for fragment_formula CHF
2026-01-22 15:57:44,741 - INFO - \U0001f504 Found fragment_id 36 for fragment_formula F2
2026-01-22 15:57:44,741 - INFO - \U0001f504 Found fragment_id 2 for fragment_formula Cl
2026-01-22 15:57:44,741 - INFO - \U0001f504 Found fragment_id 4 for fragment_formula Br
2026-01-22 15:57:44,741 - INFO - \U0001f504 Found fragment_id 5 for fragment_formula I
2026-01-22 15:57:44,741 - INFO - \U0001f504 Found fragment_id 2 for fragment_formula Cl
2026-01-22 15:57:44,741 - INFO - \U0001f504 Found fragment_id 2 for fragment_formula Cl
2026-01-22 15:57:44,741 - INFO - \U0001f504 Found fragment_id 3 for fragment_formula F
2026-01-22 15:57:44,742 - INFO - \U0001f504 Found fragment_id 4 for fragment_formula Br
2026-01-22 15:57:44,742 - INFO - \U0001f504 Found fragment_id 3 for fragment_formula F
2026-01-22 15:57:44,742 - INFO - \U0001f504 Found fragment_id 2 for fragment_formula Cl
2026-01-22 15:57:44,742 - INFO - \U0001f504 Found fragment_id 2 for fragment_formula Cl
2026-01-22 15:57:44,742 - INFO - \U0001f504 Found fragment_id 2 for fragment_formula Cl
2026-01-22 15:57:44,742 - INFO - \U0001f504 Found fragment_id 2 for fragment_formula Cl
2026-01-22 15:57:44,742 - INFO - \U0001f504 Found fragment_id 4 for fragment_formula Br
2026-01-22 15:57:44,742 - INFO - \U0001f504 Found fragment_id 2 for fragment_formula Cl
2026-01-22 15:57:44,742 - INFO - \U0001f504 Found fragment_id 4 for fragment_formula Br
2026-01-22 15:57:44,742 - INFO - \U0001f504 Found fragment_id 1 for fragment_formula Total
2026-01-22 15:57:44,742 - INFO - \U0001f504 Found fragment_id 2 for fragment_formula Cl
2026-01-22 15:57:44,742 - INFO - \U0001f504 Found fragment_id 4 for fragment_formula Br
2026-01-22 15:57:44,743 - INFO - \U0001f504 Found fragment_id 1 for fragment_formula Total
2026-01-22 15:57:44,743 - INFO - \U0001f504 Found fragment_id 2 for fragment_formula Cl
2026-01-22 15:57:44,743 - INFO - \U0001f504 Found fragment_id 4 for fragment_formula Br
2026-01-22 15:57:44,743 - INFO - \U0001f504 Found fragment_id 1 for fragment_formula Total
2026-01-22 15:57:44,743 - INFO - \U0001f504 Found fragment_id 2 for fragment_formula Cl
2026-01-22 15:57:44,743 - INFO - \U0001f504 Found fragment_id 4 for fragment_formula Br
2026-01-22 15:57:44,743 - INFO - \U0001f504 Found fragment_id 1 for fragment_formula Total
2026-01-22 15:57:44,743 - INFO - \U0001f504 Found fragment_id 4 for fragment_formula Br
2026-01-22 15:57:44,743 - INFO - \U0001f504 Found fragment_id 4 for fragment_formula Br
2026-01-22 15:57:44,743 - INFO - \U0001f504 Found fragment_id 4 for fragment_formula Br
2026-01-22 15:57:44,744 - INFO - \U0001f504 Found fragment_id 4 for fragment_formula Br
2026-01-22 15:57:44,744 - INFO - \U0001f504 Found fragment_id 4 for fragment_formula Br
2026-01-22 15:57:44,744 - INFO - \U0001f504 Found fragment_id 4 for fragment_formula Br
2026-01-22 15:57:44,744 - INFO - \U0001f504 Found fragment_id 4 for fragment_formula Br
2026-01-22 15:57:44,744 - INFO - \U0001f504 Found fragment_id 5 for fragment_formula I
2026-01-22 15:57:44,744 - INFO - \U0001f504 Found fragment_id 5 for fragment_formula I
2026-01-22 15:57:44,744 - INFO - \U0001f504 Found fragment_id 5 for fragment_formula I
2026-01-22 15:57:44,744 - INFO - \U0001f504 Found fragment_id 5 for fragment_formula I
2026-01-22 15:57:44,744 - INFO - \U0001f504 Found fragment_id 37 for fragment_formula CF2CO2H
2026-01-22 15:57:44,744 - INFO - \U0001f504 Found fragment_id 2 for fragment_formula Cl
2026-01-22 15:57:44,744 - INFO - \U0001f504 Found fragment_id 38 for fragment_formula CClF2CO2H
2026-01-22 15:57:44,744 - INFO - \U0001f504 Found fragment_id 39 for fragment_formula CClF2CO2
2026-01-22 15:57:44,745 - INFO - \U0001f504 Found fragment_id 40 for fragment_formula CClFCO2
2026-01-22 15:57:44,745 - INFO - \U0001f504 Found fragment_id 41 for fragment_formula CClO2H
2026-01-22 15:57:44,745 - INFO - \U0001f504 Found fragment_id 42 for fragment_formula CF2
2026-01-22 15:57:44,745 - INFO - \U0001f504 Found fragment_id 3 for fragment_formula F
2026-01-22 15:57:44,745 - INFO - \U0001f504 Found fragment_id 43 for fragment_formula C6H4ClNO2
2026-01-22 15:57:44,745 - INFO - \U0001f504 Found fragment_id 2 for fragment_formula Cl
2026-01-22 15:57:44,745 - INFO - \U0001f504 Found fragment_id 2 for fragment_formula Cl
2026-01-22 15:57:44,745 - INFO - \U0001f504 Found fragment_id 2 for fragment_formula Cl
2026-01-22 15:57:44,745 - INFO - \U0001f504 Found fragment_id 44 for fragment_formula NO2
2026-01-22 15:57:44,745 - INFO - \U0001f504 Found fragment_id 44 for fragment_formula NO2
2026-01-22 15:57:44,745 - INFO - \U0001f504 Found fragment_id 45 for fragment_formula C6H4Cl
2026-01-22 15:57:44,746 - INFO - \U0001f504 Found fragment_id 46 for fragment_formula C6H4
2026-01-22 15:57:44,746 - INFO - \U0001f504 Found fragment_id 2 for fragment_formula Cl
2026-01-22 15:57:44,746 - INFO - \U0001f504 Found fragment_id 2 for fragment_formula Cl
2026-01-22 15:57:44,746 - INFO - \U0001f504 Found fragment_id 3 for fragment_formula F
2026-01-22 15:57:44,746 - INFO - \U0001f504 Found fragment_id 3 for fragment_formula F
2026-01-22 15:57:44,746 - INFO - \U0001f504 Found fragment_id 47 for fragment_formula FCl
2026-01-22 15:57:44,746 - INFO - \U0001f504 Found fragment_id 48 for fragment_formula CF2Cl
2026-01-22 15:57:44,746 - INFO - \U0001f504 Found fragment_id 8 for fragment_formula CF3
2026-01-22 15:57:44,746 - INFO - \U0001f504 Found fragment_id 49 for fragment_formula C3F7O2
2026-01-22 15:57:44,746 - INFO - \U0001f504 Found fragment_id 50 for fragment_formula CFO3
2026-01-22 15:57:44,746 - INFO - \U0001f504 Found fragment_id 3 for fragment_formula F
2026-01-22 15:57:44,747 - INFO - \U0001f504 Found fragment_id 51 for fragment_formula C5F11O3
2026-01-22 15:57:44,747 - INFO - \U0001f504 Found fragment_id 49 for fragment_formula C3F7O2
2026-01-22 15:57:44,747 - INFO - \U0001f504 Found fragment_id 52 for fragment_formula CF3O
2026-01-22 15:57:44,747 - INFO - \U0001f504 Found fragment_id 3 for fragment_formula F
2026-01-22 15:57:44,747 - INFO - \U0001f504 Found fragment_id 53 for fragment_formula C10F20O5
2026-01-22 15:57:44,747 - INFO - \U0001f504 Found fragment_id 54 for fragment_formula C8F16O4
2026-01-22 15:57:44,747 - INFO - \U0001f504 Found fragment_id 55 for fragment_formula C2F5O
2026-01-22 15:57:44,747 - INFO - \U0001f504 Found fragment_id 3 for fragment_formula F
2026-01-22 15:57:44,747 - INFO - \U0001f504 Found fragment_id 3 for fragment_formula F
2026-01-22 15:57:44,748 - INFO - \U0001f504 Found fragment_id 44 for fragment_formula NO2
2026-01-22 15:57:44,748 - INFO - \U0001f504 Found fragment_id 44 for fragment_formula NO2
2026-01-22 15:57:44,748 - INFO - \U0001f504 Found fragment_id 56 for fragment_formula C6F5
2026-01-22 15:57:44,748 - INFO - \U0001f504 Found fragment_id 56 for fragment_formula C6F5
2026-01-22 15:57:44,748 - INFO - \U0001f504 Found fragment_id 57 for fragment_formula C5F5
2026-01-22 15:57:44,748 - INFO - \U0001f504 Found fragment_id 58 for fragment_formula C5F4
2026-01-22 15:57:44,749 - INFO - \U0001f504 Found fragment_id 58 for fragment_formula C5F4
2026-01-22 15:57:44,749 - INFO - \U0001f504 Found fragment_id 58 for fragment_formula C5F4
2026-01-22 15:57:44,749 - INFO - \U0001f504 Found fragment_id 59 for fragment_formula C5F3
2026-01-22 15:57:44,749 - INFO - \U0001f504 Found fragment_id 60 for fragment_formula C3F3
2026-01-22 15:57:44,749 - INFO - \U0001f504 Found fragment_id 3 for fragment_formula F
2026-01-22 15:57:44,749 - INFO - \U0001f504 Found fragment_id 3 for fragment_formula F
2026-01-22 15:57:44,749 - INFO - \U0001f504 Found fragment_id 61 for fragment_formula O
2026-01-22 15:57:44,749 - INFO - \U0001f504 Found fragment_id 63 for fragment_formula C6F5CN
2026-01-22 15:57:44,749 - INFO - \U0001f504 Found fragment_id 62 for fragment_formula CN
2026-01-22 15:57:44,749 - INFO - \U0001f504 Found fragment_id 62 for fragment_formula CN
2026-01-22 15:57:44,749 - INFO - \U0001f504 Found fragment_id 56 for fragment_formula C6F5
2026-01-22 15:57:44,750 - INFO - \U0001f504 Found fragment_id 56 for fragment_formula C6F5
2026-01-22 15:57:44,750 - INFO - \U0001f504 Found fragment_id 56 for fragment_formula C6F5
2026-01-22 15:57:44,750 - INFO - \U0001f504 Found fragment_id 3 for fragment_formula F
2026-01-22 15:57:44,750 - INFO - \U0001f504 Found fragment_id 3 for fragment_formula F
2026-01-22 15:57:44,750 - INFO - \U0001f504 Found fragment_id 64 for fragment_formula C6F4CN
2026-01-22 15:57:44,750 - INFO - \U0001f504 Found fragment_id 64 for fragment_formula C6F4CN
2026-01-22 15:57:44,750 - INFO - \U0001f504 Found fragment_id 5 for fragment_formula I
2026-01-22 15:57:44,750 - INFO - \U0001f504 Found fragment_id 5 for fragment_formula I
2026-01-22 15:57:44,750 - INFO - \U0001f504 Found fragment_id 3 for fragment_formula F
2026-01-22 15:57:44,750 - INFO - \U0001f504 Found fragment_id 3 for fragment_formula F
2026-01-22 15:57:44,750 - INFO - \U0001f504 Found fragment_id 3 for fragment_formula F
2026-01-22 15:57:44,751 - INFO - \U0001f504 Found fragment_id 2 for fragment_formula Cl
2026-01-22 15:57:44,751 - INFO - \U0001f504 Found fragment_id 2 for fragment_formula Cl
2026-01-22 15:57:44,751 - INFO - \U0001f504 Found fragment_id 2 for fragment_formula Cl
2026-01-22 15:57:44,751 - INFO - \U0001f504 Found fragment_id 2 for fragment_formula Cl
2026-01-22 15:57:44,751 - INFO - \U0001f504 Found fragment_id 2 for fragment_formula Cl
2026-01-22 15:57:44,751 - INFO - \U0001f504 Found fragment_id 2 for fragment_formula Cl
2026-01-22 15:57:44,751 - INFO - \U0001f504 Found fragment_id 2 for fragment_formula Cl
2026-01-22 15:57:44,751 - INFO - \U0001f504 Found fragment_id 2 for fragment_formula Cl
2026-01-22 15:57:44,751 - INFO - \U0001f504 Found fragment_id 2 for fragment_formula Cl
2026-01-22 15:57:44,751 - INFO - \U0001f504 Found fragment_id 2 for fragment_formula Cl
2026-01-22 15:57:44,751 - INFO - \U0001f504 Found fragment_id 70 for fragment_formula C3H6ClO
2026-01-22 15:57:44,752 - INFO - \U0001f504 Found fragment_id 2 for fragment_formula Cl
2026-01-22 15:57:44,752 - INFO - \U0001f504 Found fragment_id 66 for fragment_formula OH
2026-01-22 15:57:44,752 - INFO - \U0001f504 Found fragment_id 67 for fragment_formula C3H6ClO2
2026-01-22 15:57:44,752 - INFO - \U0001f504 Found fragment_id 2 for fragment_formula Cl
2026-01-22 15:57:44,752 - INFO - \U0001f504 Found fragment_id 2 for fragment_formula Cl
2026-01-22 15:57:44,752 - INFO - \U0001f504 Found fragment_id 66 for fragment_formula OH
2026-01-22 15:57:44,752 - INFO - \U0001f504 Found fragment_id 68 for fragment_formula C3H5Cl2O
2026-01-22 15:57:44,752 - INFO - \U0001f504 Found fragment_id 69 for fragment_formula C2H5Cl2
2026-01-22 15:57:44,752 - INFO - \U0001f504 Found fragment_id 70 for fragment_formula C3H6ClO
2026-01-22 15:57:44,752 - INFO - \U0001f504 Found fragment_id 71 for fragment_formula C3H5ClO
2026-01-22 15:57:44,752 - INFO - \U0001f504 Found fragment_id 72 for fragment_formula Cl2H
2026-01-22 15:57:44,753 - INFO - \U0001f504 Found fragment_id 73 for fragment_formula Cl2
2026-01-22 15:57:44,753 - INFO - \U0001f504 Found fragment_id 74 for fragment_formula ClOH
2026-01-22 15:57:44,753 - INFO - \U0001f504 Found fragment_id 75 for fragment_formula C2H5O
2026-01-22 15:57:44,753 - INFO - \U0001f504 Found fragment_id 2 for fragment_formula Cl
2026-01-22 15:57:44,753 - INFO - \U0001f504 Found fragment_id 66 for fragment_formula OH
2026-01-22 15:57:44,753 - INFO - \U0001f504 Found fragment_id 4 for fragment_formula Br
2026-01-22 15:57:44,753 - INFO - \U0001f504 Found fragment_id 4 for fragment_formula Br
2026-01-22 15:57:44,753 - INFO - \U0001f504 Found fragment_id 76 for fragment_formula C6H4BrO
2026-01-22 15:57:44,753 - INFO - \U0001f504 Found fragment_id 76 for fragment_formula C6H4BrO
2026-01-22 15:57:44,753 - INFO - \U0001f504 Found fragment_id 76 for fragment_formula C6H4BrO
2026-01-22 15:57:44,753 - INFO - \U0001f504 Found fragment_id 77 for fragment_formula C12H9O
2026-01-22 15:57:44,754 - INFO - \U0001f504 Found fragment_id 78 for fragment_formula C6H5O
2026-01-22 15:57:44,754 - INFO - \U0001f504 Found fragment_id 78 for fragment_formula C6H5O
2026-01-22 15:57:44,754 - INFO - \U0001f504 Found fragment_id 79 for fragment_formula C6H5
2026-01-22 15:57:44,754 - INFO - \U0001f504 Found fragment_id 4 for fragment_formula Br
2026-01-22 15:57:44,754 - INFO - \U0001f504 Found fragment_id 4 for fragment_formula Br
2026-01-22 15:57:44,754 - INFO - \U0001f504 Found fragment_id 80 for fragment_formula C12H8BrO
2026-01-22 15:57:44,754 - INFO - \U0001f504 Found fragment_id 80 for fragment_formula C12H8BrO
2026-01-22 15:57:44,754 - INFO - \U0001f504 Found fragment_id 81 for fragment_formula BrC6H4O
2026-01-22 15:57:44,754 - INFO - \U0001f504 Found fragment_id 81 for fragment_formula BrC6H4O
2026-01-22 15:57:44,755 - INFO - \U0001f504 Found fragment_id 82 for fragment_formula Br2
2026-01-22 15:57:44,755 - INFO - \U0001f504 Found fragment_id 82 for fragment_formula Br2
2026-01-22 15:57:44,755 - INFO - \U0001f504 Found fragment_id 83 for fragment_formula C12H8Br2O
2026-01-22 15:57:44,755 - INFO - \U0001f504 Found fragment_id 84 for fragment_formula C12Br10O
2026-01-22 15:57:44,755 - INFO - \U0001f504 Found fragment_id 85 for fragment_formula C12Br9O
2026-01-22 15:57:44,755 - INFO - \U0001f504 Found fragment_id 85 for fragment_formula C12Br9O
2026-01-22 15:57:44,755 - INFO - \U0001f504 Found fragment_id 86 for fragment_formula C12Br8O
2026-01-22 15:57:44,755 - INFO - \U0001f504 Found fragment_id 87 for fragment_formula C6Br5O
2026-01-22 15:57:44,755 - INFO - \U0001f504 Found fragment_id 87 for fragment_formula C6Br5O
2026-01-22 15:57:44,755 - INFO - \U0001f504 Found fragment_id 87 for fragment_formula C6Br5O
2026-01-22 15:57:44,755 - INFO - \U0001f504 Found fragment_id 88 for fragment_formula C6Br5
2026-01-22 15:57:44,756 - INFO - \U0001f504 Found fragment_id 88 for fragment_formula C6Br5
2026-01-22 15:57:44,756 - INFO - \U0001f504 Found fragment_id 82 for fragment_formula Br2
2026-01-22 15:57:44,756 - INFO - \U0001f504 Found fragment_id 82 for fragment_formula Br2
2026-01-22 15:57:44,756 - INFO - \U0001f504 Found fragment_id 82 for fragment_formula Br2
2026-01-22 15:57:44,756 - INFO - \U0001f504 Found fragment_id 4 for fragment_formula Br
2026-01-22 15:57:44,756 - INFO - \U0001f504 Found fragment_id 4 for fragment_formula Br
2026-01-22 15:57:44,756 - INFO - \U0001f504 Found fragment_id 4 for fragment_formula Br
2026-01-22 15:57:44,756 - INFO - \U0001f504 Found fragment_id 89 for fragment_formula C6Cl6
2026-01-22 15:57:44,756 - INFO - \U0001f504 Found fragment_id 90 for fragment_formula C6Cl5
2026-01-22 15:57:44,756 - INFO - \U0001f504 Found fragment_id 90 for fragment_formula C6Cl5
2026-01-22 15:57:44,756 - INFO - \U0001f504 Found fragment_id 90 for fragment_formula C6Cl5
2026-01-22 15:57:44,757 - INFO - \U0001f504 Found fragment_id 91 for fragment_formula C6Cl4
2026-01-22 15:57:44,757 - INFO - \U0001f504 Found fragment_id 91 for fragment_formula C6Cl4
2026-01-22 15:57:44,757 - INFO - \U0001f504 Found fragment_id 73 for fragment_formula Cl2
2026-01-22 15:57:44,757 - INFO - \U0001f504 Found fragment_id 73 for fragment_formula Cl2
2026-01-22 15:57:44,757 - INFO - \U0001f504 Found fragment_id 73 for fragment_formula Cl2
2026-01-22 15:57:44,758 - INFO - \U0001f504 Found fragment_id 2 for fragment_formula Cl
2026-01-22 15:57:44,758 - INFO - \U0001f504 Found fragment_id 2 for fragment_formula Cl
2026-01-22 15:57:44,758 - INFO - \U0001f504 Found fragment_id 2 for fragment_formula Cl
2026-01-22 15:57:44,758 - INFO - \U0001f504 Found fragment_id 2 for fragment_formula Cl
2026-01-22 15:57:44,758 - INFO - \U0001f504 Found fragment_id 2 for fragment_formula Cl
2026-01-22 15:57:44,758 - INFO - \U0001f504 Found fragment_id 2 for fragment_formula Cl
2026-01-22 15:57:44,758 - INFO - \U0001f504 Found fragment_id 2 for fragment_formula Cl
2026-01-22 15:57:44,758 - INFO - \U0001f504 Found fragment_id 2 for fragment_formula Cl
2026-01-22 15:57:44,759 - INFO - \U0001f504 Found fragment_id 4 for fragment_formula Br
2026-01-22 15:57:44,759 - INFO - \U0001f504 Found fragment_id 4 for fragment_formula Br
2026-01-22 15:57:44,759 - INFO - \U0001f504 Found fragment_id 92 for fragment_formula C4H3BrN2O2
2026-01-22 15:57:44,759 - INFO - \U0001f504 Found fragment_id 92 for fragment_formula C4H3BrN2O2
2026-01-22 15:57:44,759 - INFO - \U0001f504 Found fragment_id 93 for fragment_formula C4H3N2O2
2026-01-22 15:57:44,759 - INFO - \U0001f504 Found fragment_id 93 for fragment_formula C4H3N2O2
2026-01-22 15:57:44,759 - INFO - \U0001f504 Found fragment_id 94 for fragment_formula OCN
2026-01-22 15:57:44,760 - INFO - \U0001f504 Found fragment_id 94 for fragment_formula OCN
2026-01-22 15:57:44,760 - INFO - \U0001f504 Found fragment_id 94 for fragment_formula OCN
2026-01-22 15:57:44,760 - INFO - \U0001f504 Found fragment_id 95 for fragment_formula H2C3NO
2026-01-22 15:57:44,760 - INFO - \U0001f504 Found fragment_id 95 for fragment_formula H2C3NO
2026-01-22 15:57:44,760 - INFO - \U0001f504 Found fragment_id 2 for fragment_formula Cl
2026-01-22 15:57:44,760 - INFO - \U0001f504 Found fragment_id 5 for fragment_formula I
2026-01-22 15:57:44,760 - INFO - \U0001f504 Found fragment_id 2 for fragment_formula Cl
2026-01-22 15:57:44,761 - INFO - \U0001f504 Found fragment_id 56 for fragment_formula C6F5
2026-01-22 15:57:44,761 - INFO - \U0001f504 Found fragment_id 4 for fragment_formula Br
2026-01-22 15:57:44,761 - INFO - \U0001f504 Found fragment_id 56 for fragment_formula C6F5
2026-01-22 15:57:44,761 - INFO - \U0001f504 Found fragment_id 5 for fragment_formula I
2026-01-22 15:57:44,761 - INFO - \U0001f504 Found fragment_id 56 for fragment_formula C6F5
2026-01-22 15:57:44,761 - INFO - \U0001f504 Found fragment_id 2 for fragment_formula Cl
2026-01-22 15:57:44,761 - INFO - \U0001f504 Found fragment_id 2 for fragment_formula Cl
2026-01-22 15:57:44,762 - INFO - \U0001f504 Found fragment_id 2 for fragment_formula Cl
2026-01-22 15:57:44,762 - INFO - \U0001f504 Found fragment_id 4 for fragment_formula Br
2026-01-22 15:57:44,762 - INFO - \U0001f504 Found fragment_id 2 for fragment_formula Cl
2026-01-22 15:57:44,762 - INFO - \U0001f504 Found fragment_id 5 for fragment_formula I
2026-01-22 15:57:44,762 - INFO - \U0001f504 Found fragment_id 2 for fragment_formula Cl
2026-01-22 15:57:44,762 - INFO - \U0001f504 Found fragment_id 2 for fragment_formula Cl
2026-01-22 15:57:44,762 - INFO - \U0001f504 Found fragment_id 44 for fragment_formula NO2
2026-01-22 15:57:44,763 - INFO - \U0001f504 Found fragment_id 44 for fragment_formula NO2
2026-01-22 15:57:44,763 - INFO - \U0001f504 Found fragment_id 5 for fragment_formula I
2026-01-22 15:57:44,763 - INFO - \U0001f504 Found fragment_id 5 for fragment_formula I
2026-01-22 15:57:44,764 - INFO - \U0001f504 Found fragment_id 44 for fragment_formula NO2
2026-01-22 15:57:44,764 - INFO - \U0001f504 Found fragment_id 92 for fragment_formula C4H3BrN2O2
2026-01-22 15:57:44,764 - INFO - \U0001f504 Found fragment_id 92 for fragment_formula C4H3BrN2O2
2026-01-22 15:57:44,764 - INFO - \U0001f504 Found fragment_id 92 for fragment_formula C4H3BrN2O2
2026-01-22 15:57:44,764 - INFO - \U0001f504 Found fragment_id 4 for fragment_formula Br
2026-01-22 15:57:44,765 - INFO - \U0001f504 Found fragment_id 4 for fragment_formula Br
2026-01-22 15:57:44,765 - INFO - \U0001f504 Found fragment_id 93 for fragment_formula C4H3N2O2
2026-01-22 15:57:44,765 - INFO - \U0001f504 Found fragment_id 93 for fragment_formula C4H3N2O2
2026-01-22 15:57:44,765 - INFO - \U0001f504 Found fragment_id 95 for fragment_formula H2C3NO
2026-01-22 15:57:44,765 - INFO - \U0001f504 Found fragment_id 95 for fragment_formula H2C3NO
2026-01-22 15:57:44,766 - INFO - \U0001f504 Found fragment_id 95 for fragment_formula H2C3NO
2026-01-22 15:57:44,766 - INFO - \U0001f504 Found fragment_id 94 for fragment_formula OCN
2026-01-22 15:57:44,766 - INFO - \U0001f504 Found fragment_id 94 for fragment_formula OCN
2026-01-22 15:57:44,766 - INFO - \U0001f504 Found fragment_id 94 for fragment_formula OCN
2026-01-22 15:57:44,766 - INFO - \U0001f504 Found fragment_id 96 for fragment_formula C4H3ClN2O2
2026-01-22 15:57:44,766 - INFO - \U0001f504 Found fragment_id 96 for fragment_formula C4H3ClN2O2
2026-01-22 15:57:44,766 - INFO - \U0001f504 Found fragment_id 2 for fragment_formula Cl
2026-01-22 15:57:44,766 - INFO - \U0001f504 Found fragment_id 2 for fragment_formula Cl
2026-01-22 15:57:44,767 - INFO - \U0001f504 Found fragment_id 97 for fragment_formula C4H2N2O2
2026-01-22 15:57:44,767 - INFO - \U0001f504 Found fragment_id 97 for fragment_formula C4H2N2O2
2026-01-22 15:57:44,767 - INFO - \U0001f504 Found fragment_id 95 for fragment_formula H2C3NO
2026-01-22 15:57:44,767 - INFO - \U0001f504 Found fragment_id 95 for fragment_formula H2C3NO
2026-01-22 15:57:44,767 - INFO - \U0001f504 Found fragment_id 94 for fragment_formula OCN
2026-01-22 15:57:44,767 - INFO - \U0001f504 Found fragment_id 94 for fragment_formula OCN
2026-01-22 15:57:44,767 - INFO - \U0001f504 Found fragment_id 94 for fragment_formula OCN
2026-01-22 15:57:44,768 - INFO - \U0001f504 Found fragment_id 98 for fragment_formula C4H3IN2O2
2026-01-22 15:57:44,768 - INFO - \U0001f504 Found fragment_id 98 for fragment_formula C4H3IN2O2
2026-01-22 15:57:44,768 - INFO - \U0001f504 Found fragment_id 98 for fragment_formula C4H3IN2O2
2026-01-22 15:57:44,768 - INFO - \U0001f504 Found fragment_id 5 for fragment_formula I
2026-01-22 15:57:44,768 - INFO - \U0001f504 Found fragment_id 5 for fragment_formula I
2026-01-22 15:57:44,768 - INFO - \U0001f504 Found fragment_id 93 for fragment_formula C4H3N2O2
2026-01-22 15:57:44,768 - INFO - \U0001f504 Found fragment_id 93 for fragment_formula C4H3N2O2
2026-01-22 15:57:44,768 - INFO - \U0001f504 Found fragment_id 95 for fragment_formula H2C3NO
2026-01-22 15:57:44,768 - INFO - \U0001f504 Found fragment_id 95 for fragment_formula H2C3NO
2026-01-22 15:57:44,768 - INFO - \U0001f504 Found fragment_id 94 for fragment_formula OCN
2026-01-22 15:57:44,768 - INFO - \U0001f504 Found fragment_id 94 for fragment_formula OCN
2026-01-22 15:57:44,768 - INFO - \U0001f504 Found fragment_id 94 for fragment_formula OCN
2026-01-22 15:57:44,769 - INFO - \U0001f504 Found fragment_id 62 for fragment_formula CN
2026-01-22 15:57:44,769 - INFO - \U0001f504 Found fragment_id 99 for fragment_formula C4H3FN2O2
2026-01-22 15:57:44,769 - INFO - \U0001f504 Found fragment_id 99 for fragment_formula C4H3FN2O2
2026-01-22 15:57:44,769 - INFO - \U0001f504 Found fragment_id 95 for fragment_formula H2C3NO
2026-01-22 15:57:44,769 - INFO - \U0001f504 Found fragment_id 95 for fragment_formula H2C3NO
2026-01-22 15:57:44,769 - INFO - \U0001f504 Found fragment_id 95 for fragment_formula H2C3NO
2026-01-22 15:57:44,769 - INFO - \U0001f504 Found fragment_id 95 for fragment_formula H2C3NO
2026-01-22 15:57:44,769 - INFO - \U0001f504 Found fragment_id 94 for fragment_formula OCN
2026-01-22 15:57:44,769 - INFO - \U0001f504 Found fragment_id 94 for fragment_formula OCN
2026-01-22 15:57:44,769 - INFO - \U0001f504 Found fragment_id 94 for fragment_formula OCN
2026-01-22 15:57:44,769 - INFO - \U0001f504 Found fragment_id 94 for fragment_formula OCN
2026-01-22 15:57:44,770 - INFO - \U0001f504 Found fragment_id 62 for fragment_formula CN
2026-01-22 15:57:44,770 - INFO - \U0001f504 Found fragment_id 62 for fragment_formula CN
2026-01-22 15:57:44,771 - INFO - SELECT molecules.name AS molecules_name, molecules.id AS molecules_id 
FROM molecules
2026-01-22 15:57:44,771 - INFO - [cached since 0.4732s ago] {}
2026-01-22 15:57:44,772 - INFO - SELECT fragments.formula AS fragments_formula, fragments.id AS fragments_id 
FROM fragments
2026-01-22 15:57:44,772 - INFO - [cached since 0.05621s ago] {}
2026-01-22 15:57:44,776 - WARNING - \u26a0\ufe0f Molecule with name Dichloromethane not found!
2026-01-22 15:57:44,776 - INFO - ROLLBACK
2026-01-22 15:57:44,777 - ERROR - \u274c Error inserting/updating data: 'molecule_id'
2026-01-22 15:58:30,137 - INFO - select pg_catalog.version()
2026-01-22 15:58:30,137 - INFO - [raw sql] {}
2026-01-22 15:58:30,138 - INFO - select current_schema()
2026-01-22 15:58:30,139 - INFO - [raw sql] {}
2026-01-22 15:58:30,139 - INFO - show standard_conforming_strings
2026-01-22 15:58:30,139 - INFO - [raw sql] {}
2026-01-22 15:58:30,140 - INFO - BEGIN (implicit)
2026-01-22 15:58:30,198 - INFO - SELECT level1_categories.name AS level1_categories_name, level1_categories.id AS level1_categories_id 
FROM level1_categories
2026-01-22 15:58:30,199 - INFO - [generated in 0.00050s] {}
2026-01-22 15:58:30,203 - INFO - SELECT level2_categories.name AS level2_categories_name, level2_categories.id AS level2_categories_id 
FROM level2_categories
2026-01-22 15:58:30,204 - INFO - [generated in 0.00032s] {}
2026-01-22 15:58:30,207 - INFO - SELECT level3_categories.name AS level3_categories_name, level3_categories.id AS level3_categories_id 
FROM level3_categories
2026-01-22 15:58:30,207 - INFO - [generated in 0.00036s] {}
2026-01-22 15:58:30,210 - INFO - SELECT level4_categories.name AS level4_categories_name, level4_categories.id AS level4_categories_id 
FROM level4_categories
2026-01-22 15:58:30,211 - INFO - [generated in 0.00038s] {}
2026-01-22 15:58:30,215 - INFO - SELECT families.id AS families_id, families.level1_id AS families_level1_id, families.level2_id AS families_level2_id, families.level4_id AS families_level4_id 
FROM families
2026-01-22 15:58:30,215 - INFO - [generated in 0.00042s] {}
2026-01-22 15:58:30,279 - WARNING - \u26a0\ufe0f Skipping molecule Dichloromethane: Invalid level name(s) - Aliphatic, Alkanes
2026-01-22 15:58:30,281 - WARNING - \u26a0\ufe0f Skipping molecule 1,2-Dichloroethane: Invalid level name(s) - Aliphatic, Alkanes
2026-01-22 15:58:30,284 - WARNING - \u26a0\ufe0f Skipping molecule 1,3-Dichloropropane: Invalid level name(s) - Aliphatic, Alkanes
2026-01-22 15:58:30,285 - WARNING - \u26a0\ufe0f Skipping molecule 1,4-Dichlorobutane: Invalid level name(s) - Aliphatic, Alkanes
2026-01-22 15:58:30,286 - WARNING - \u26a0\ufe0f Skipping molecule 1,5-Dichloropentane: Invalid level name(s) - Aliphatic, Alkanes
2026-01-22 15:58:30,287 - WARNING - \u26a0\ufe0f Skipping molecule 1,6-Dichlorohexane: Invalid level name(s) - Aliphatic, Alkanes
2026-01-22 15:58:30,289 - WARNING - \u26a0\ufe0f Skipping molecule 1,8-Dichlorooctane: Invalid level name(s) - Aliphatic, Alkanes
2026-01-22 15:58:30,291 - WARNING - \u26a0\ufe0f Skipping molecule 1,1-Dichloroethane: Invalid level name(s) - Aliphatic, Alkanes
2026-01-22 15:58:30,292 - WARNING - \u26a0\ufe0f Skipping molecule 1,1-Dichloropropane: Invalid level name(s) - Aliphatic, Alkanes
2026-01-22 15:58:30,295 - WARNING - \u26a0\ufe0f Skipping molecule 2,2-Dichloropropane: Invalid level name(s) - Aliphatic, Alkanes
2026-01-22 15:58:30,296 - WARNING - \u26a0\ufe0f Skipping molecule 1,2-Dichloropropane: Invalid level name(s) - Aliphatic, Alkanes
2026-01-22 15:58:30,297 - WARNING - \u26a0\ufe0f Skipping molecule 1,2-Dichloro-2-methylpropane: Invalid level name(s) - Aliphatic, Alkanes
2026-01-22 15:58:30,299 - WARNING - \u26a0\ufe0f Skipping molecule 2,3-Dichlorobutane: Invalid level name(s) - Aliphatic, Alkanes
2026-01-22 15:58:30,300 - WARNING - \u26a0\ufe0f Skipping molecule 1,3-Dichlorobutane: Invalid level name(s) - Aliphatic, Alkanes
2026-01-22 15:58:30,301 - WARNING - \u26a0\ufe0f Skipping molecule Trichloromethane: Invalid level name(s) - Aliphatic, Alkanes
2026-01-22 15:58:30,303 - WARNING - \u26a0\ufe0f Skipping molecule 1,1,1-Trichloroethane: Invalid level name(s) - Aliphatic, Alkanes
2026-01-22 15:58:30,304 - WARNING - \u26a0\ufe0f Skipping molecule 1,1,2-Trichloroethane: Invalid level name(s) - Aliphatic, Alkanes
2026-01-22 15:58:30,319 - WARNING - \u26a0\ufe0f Skipping molecule 1,1,2-Trichloro-2-methylpropane: Invalid level name(s) - Aliphatic, Alkanes
2026-01-22 15:58:30,320 - WARNING - \u26a0\ufe0f Skipping molecule 1,2,3-Trichloropropane: Invalid level name(s) - Aliphatic, Alkanes
2026-01-22 15:58:30,322 - WARNING - \u26a0\ufe0f Skipping molecule Tetrachloromethane: Invalid level name(s) - Aliphatic, Alkanes
2026-01-22 15:58:30,323 - WARNING - \u26a0\ufe0f Skipping molecule Methyl chloride: Invalid level name(s) - Aliphatic, Alkanes
2026-01-22 15:58:30,325 - WARNING - \u26a0\ufe0f Skipping molecule Ethyl chloride: Invalid level name(s) - Aliphatic, Alkanes
2026-01-22 15:58:30,326 - WARNING - \u26a0\ufe0f Skipping molecule 1-Chloropropane: Invalid level name(s) - Aliphatic, Alkanes
2026-01-22 15:58:30,328 - WARNING - \u26a0\ufe0f Skipping molecule 1-Chlorobutane: Invalid level name(s) - Aliphatic, Alkanes
2026-01-22 15:58:30,331 - WARNING - \u26a0\ufe0f Skipping molecule 1-Chloropentane: Invalid level name(s) - Aliphatic, Alkanes
2026-01-22 15:58:30,334 - WARNING - \u26a0\ufe0f Skipping molecule 1-Chlorohexane: Invalid level name(s) - Aliphatic, Alkanes
2026-01-22 15:58:30,337 - WARNING - \u26a0\ufe0f Skipping molecule 1-Chloroheptane: Invalid level name(s) - Aliphatic, Alkanes
2026-01-22 15:58:30,338 - WARNING - \u26a0\ufe0f Skipping molecule 1-Chlorooctane: Invalid level name(s) - Aliphatic, Alkanes
2026-01-22 15:58:30,340 - WARNING - \u26a0\ufe0f Skipping molecule 1-Chlorononane: Invalid level name(s) - Aliphatic, Alkanes
2026-01-22 15:58:30,341 - WARNING - \u26a0\ufe0f Skipping molecule 2-Chloropropane: Invalid level name(s) - Aliphatic, Alkanes
2026-01-22 15:58:30,342 - WARNING - \u26a0\ufe0f Skipping molecule 2-Chlorobutane: Invalid level name(s) - Aliphatic, Alkanes
2026-01-22 15:58:30,344 - WARNING - \u26a0\ufe0f Skipping molecule tert-Butyl chloride: Invalid level name(s) - Aliphatic, Alkanes
2026-01-22 15:58:30,345 - WARNING - \u26a0\ufe0f Skipping molecule Cyclobutyl chloride: Invalid level name(s) - Aliphatic, Cycloalkanes
2026-01-22 15:58:30,347 - WARNING - \u26a0\ufe0f Skipping molecule Cyclopentyl chloride: Invalid level name(s) - Aliphatic, Cycloalkanes
2026-01-22 15:58:30,348 - WARNING - \u26a0\ufe0f Skipping molecule Cyclohexyl chloride: Invalid level name(s) - Aliphatic, Cycloalkanes
2026-01-22 15:58:30,349 - WARNING - \u26a0\ufe0f Skipping molecule Chlorobenzene: Invalid level name(s) - Aromatic, Benzenes
2026-01-22 15:58:30,351 - WARNING - \u26a0\ufe0f Skipping molecule Benzyl chloride: Invalid level name(s) - Aromatic, Benzenes
2026-01-22 15:58:30,352 - WARNING - \u26a0\ufe0f Skipping molecule (2-chloroethyl)benzene: Invalid level name(s) - Aromatic, Benzenes
2026-01-22 15:58:30,353 - WARNING - \u26a0\ufe0f Skipping molecule Bromobenzene: Invalid level name(s) - Aromatic, Benzenes
2026-01-22 15:58:30,360 - WARNING - \u26a0\ufe0f Skipping molecule Benzyl bromide: Invalid level name(s) - Aromatic, Benzenes
2026-01-22 15:58:30,361 - WARNING - \u26a0\ufe0f Skipping molecule 2-Phenylethyl bromide: Invalid level name(s) - Aromatic, Benzenes
2026-01-22 15:58:30,363 - WARNING - \u26a0\ufe0f Skipping molecule 1-Bromo-3-phenylpropane: Invalid level name(s) - Aromatic, Benzenes
2026-01-22 15:58:30,365 - WARNING - \u26a0\ufe0f Skipping molecule 4-Bromochlorobenzene: Invalid level name(s) - Aromatic, Benzenes
2026-01-22 15:58:30,366 - WARNING - \u26a0\ufe0f Skipping molecule Tetrafluoromethane: Invalid level name(s) - Aliphatic, Alkanes
2026-01-22 15:58:30,367 - WARNING - \u26a0\ufe0f Skipping molecule Hexafluoroethane: Invalid level name(s) - Aliphatic, Alkanes
2026-01-22 15:58:30,368 - WARNING - \u26a0\ufe0f Skipping molecule Octafluoropropane: Invalid level name(s) - Aliphatic, Alkanes
2026-01-22 15:58:30,370 - WARNING - \u26a0\ufe0f Skipping molecule Perflubutane: Invalid level name(s) - Aliphatic, Alkanes
2026-01-22 15:58:30,371 - WARNING - \u26a0\ufe0f Skipping molecule Perfluoroisobutane: Invalid level name(s) - Aliphatic, Alkanes
2026-01-22 15:58:30,372 - WARNING - \u26a0\ufe0f Skipping molecule Perfluoropentane: Invalid level name(s) - Aliphatic, Alkanes
2026-01-22 15:58:30,373 - WARNING - \u26a0\ufe0f Skipping molecule Perfluorohexane: Invalid level name(s) - Aliphatic, Alkanes
2026-01-22 15:58:30,375 - WARNING - \u26a0\ufe0f Skipping molecule Chlorofluoromethane: Invalid level name(s) - Aliphatic, Alkanes
2026-01-22 15:58:30,376 - WARNING - \u26a0\ufe0f Skipping molecule Chlorodifluoromethane: Invalid level name(s) - Aliphatic, Alkanes
2026-01-22 15:58:30,377 - WARNING - \u26a0\ufe0f Skipping molecule Chlorotrifluoromethane: Invalid level name(s) - Aliphatic, Alkanes
2026-01-22 15:58:30,379 - WARNING - \u26a0\ufe0f Skipping molecule Dichlorodifluoromethane: Invalid level name(s) - Aliphatic, Alkanes
2026-01-22 15:58:30,380 - WARNING - \u26a0\ufe0f Skipping molecule Trichlorofluoromethane: Invalid level name(s) - Aliphatic, Alkanes
2026-01-22 15:58:30,382 - WARNING - \u26a0\ufe0f Skipping molecule Bromoethane: Invalid level name(s) - Aliphatic, Alkanes
2026-01-22 15:58:30,383 - WARNING - \u26a0\ufe0f Skipping molecule 1-Bromopropane: Invalid level name(s) - Aliphatic, Alkanes
2026-01-22 15:58:30,385 - WARNING - \u26a0\ufe0f Skipping molecule 2-Bromopropane: Invalid level name(s) - Aliphatic, Alkanes
2026-01-22 15:58:30,386 - WARNING - \u26a0\ufe0f Skipping molecule 1,2-Dibromoethane: Invalid level name(s) - Aliphatic, Alkanes
2026-01-22 15:58:30,387 - WARNING - \u26a0\ufe0f Skipping molecule 1-Bromo-3-chloropropane: Invalid level name(s) - Aliphatic, Alkanes
2026-01-22 15:58:30,388 - WARNING - \u26a0\ufe0f Skipping molecule 1-Bromo-2-chloroethane: Invalid level name(s) - Aliphatic, Alkanes
2026-01-22 15:58:30,390 - WARNING - \u26a0\ufe0f Skipping molecule 1-Chloro-2-bromopropane: Invalid level name(s) - Aliphatic, Alkanes
2026-01-22 15:58:30,392 - WARNING - \u26a0\ufe0f Skipping molecule 2-Bromo-2-chloro-1,1,1-trifluoroethane: Invalid level name(s) - Aliphatic, Alkanes
2026-01-22 15:58:30,395 - WARNING - \u26a0\ufe0f Skipping molecule 1,1,2,2-Tetrachloroethane: Invalid level name(s) - Aliphatic, Alkanes
2026-01-22 15:58:30,397 - WARNING - \u26a0\ufe0f Skipping molecule Trifluoroiodomethane: Invalid level name(s) - Aliphatic, Alkanes
2026-01-22 15:58:30,399 - WARNING - \u26a0\ufe0f Skipping molecule 1,2-Dichlorobenzene: Invalid level name(s) - Aromatic, Benzenes
2026-01-22 15:58:30,401 - WARNING - \u26a0\ufe0f Skipping molecule Bromobenzene-d5: Invalid level name(s) - Aromatic, Benzenes
2026-01-22 15:58:30,402 - WARNING - \u26a0\ufe0f Skipping molecule 2-Bromotoluene: Invalid level name(s) - Aromatic, Benzenes
2026-01-22 15:58:30,404 - WARNING - \u26a0\ufe0f Skipping molecule 2-Chlorotoluene: Invalid level name(s) - Aromatic, Benzenes
2026-01-22 15:58:30,405 - WARNING - \u26a0\ufe0f Skipping molecule 1-Bromobutane: Invalid level name(s) - Aliphatic, Alkanes
2026-01-22 15:58:30,406 - WARNING - \u26a0\ufe0f Skipping molecule 2-Bromobutane: Invalid level name(s) - Aliphatic, Alkanes
2026-01-22 15:58:30,407 - WARNING - \u26a0\ufe0f Skipping molecule Bromocyclopropane: Invalid level name(s) - Aliphatic, Cycloalkanes
2026-01-22 15:58:30,409 - WARNING - \u26a0\ufe0f Skipping molecule Bromocyclopentane: Invalid level name(s) - Aliphatic, Cycloalkanes
2026-01-22 15:58:30,410 - WARNING - \u26a0\ufe0f Skipping molecule Bromocyclohexane: Invalid level name(s) - Aliphatic, Cycloalkanes
2026-01-22 15:58:30,411 - WARNING - \u26a0\ufe0f Skipping molecule 2-Bromo-2-methylpropane: Invalid level name(s) - Aliphatic, Alkanes
2026-01-22 15:58:30,412 - WARNING - \u26a0\ufe0f Skipping molecule Bromoethene: Invalid level name(s) - Aliphatic, Alkenes
2026-01-22 15:58:30,414 - WARNING - \u26a0\ufe0f Skipping molecule cis-1-bromo-1-propene: Invalid level name(s) - Aliphatic, Alkenes
2026-01-22 15:58:30,415 - WARNING - \u26a0\ufe0f Skipping molecule trans-1-bromo-1-propene: Invalid level name(s) - Aliphatic, Alkenes
2026-01-22 15:58:30,416 - WARNING - \u26a0\ufe0f Skipping molecule 2-Bromopropene: Invalid level name(s) - Aliphatic, Alkenes
2026-01-22 15:58:30,418 - WARNING - \u26a0\ufe0f Skipping molecule 3-Bromopropene: Invalid level name(s) - Aliphatic, Alkenes
2026-01-22 15:58:30,419 - WARNING - \u26a0\ufe0f Skipping molecule 1-Bromobut-2-ene: Invalid level name(s) - Aliphatic, Alkenes
2026-01-22 15:58:30,420 - WARNING - \u26a0\ufe0f Skipping molecule 3-Bromocyclohex-1-ene: Invalid level name(s) - Aliphatic, Cycloalkenes
2026-01-22 15:58:30,421 - WARNING - \u26a0\ufe0f Skipping molecule 4-bromobut-1-ene: Invalid level name(s) - Aliphatic, Alkenes
2026-01-22 15:58:30,423 - WARNING - \u26a0\ufe0f Skipping molecule 5-bromo-1-pentene: Invalid level name(s) - Aliphatic, Alkenes
2026-01-22 15:58:30,424 - WARNING - \u26a0\ufe0f Skipping molecule 6-bromo-1-hexene: Invalid level name(s) - Aliphatic, Alkenes
2026-01-22 15:58:30,426 - WARNING - \u26a0\ufe0f Skipping molecule Difluoromethane: Invalid level name(s) - Aliphatic, Alkanes
2026-01-22 15:58:30,427 - WARNING - \u26a0\ufe0f Skipping molecule Bromotrifluoromethane: Invalid level name(s) - Aliphatic, Alkanes
2026-01-22 15:58:30,428 - WARNING - \u26a0\ufe0f Skipping molecule Dibromodifluoromethane: Invalid level name(s) - Aliphatic, Alkanes
2026-01-22 15:58:30,430 - WARNING - \u26a0\ufe0f Skipping molecule Bromochloromethane: Invalid level name(s) - Aliphatic, Alkanes
2026-01-22 15:58:30,432 - WARNING - \u26a0\ufe0f Skipping molecule 1-Bromo-4-chlorobutane: Invalid level name(s) - Aliphatic, Alkanes
2026-01-22 15:58:30,435 - WARNING - \u26a0\ufe0f Skipping molecule Dibromomethane: Invalid level name(s) - Aliphatic, Alkanes
2026-01-22 15:58:30,436 - WARNING - \u26a0\ufe0f Skipping molecule 1,3-Dibromopropane: Invalid level name(s) - Aliphatic, Alkanes
2026-01-22 15:58:30,438 - WARNING - \u26a0\ufe0f Skipping molecule 1,4-Dibromobutane: Invalid level name(s) - Aliphatic, Alkanes
2026-01-22 15:58:30,439 - WARNING - \u26a0\ufe0f Skipping molecule Tribromomethane: Invalid level name(s) - Aliphatic, Alkanes
2026-01-22 15:58:30,441 - WARNING - \u26a0\ufe0f Skipping molecule Triiodomethane: Invalid level name(s) - Aliphatic, Alkanes
2026-01-22 15:58:30,443 - WARNING - \u26a0\ufe0f Skipping molecule 2-Chloro-2,2-difluoroacetic acid: Invalid level name(s) - Aliphatic, Alkanes
2026-01-22 15:58:30,445 - WARNING - \u26a0\ufe0f Skipping molecule m-Chloronitrobenzene: Invalid level name(s) - Aromatic, Benzenes
2026-01-22 15:58:30,448 - WARNING - \u26a0\ufe0f Skipping molecule Perfluorodiglyme: Invalid level name(s) - Aliphatic, Alkanes
2026-01-22 15:58:30,450 - WARNING - \u26a0\ufe0f Skipping molecule Perfluorotriglyme: Invalid level name(s) - Aliphatic, Alkanes
2026-01-22 15:58:30,451 - WARNING - \u26a0\ufe0f Skipping molecule Perfluorocrownether: Invalid level name(s) - Aliphatic, Alkanes
2026-01-22 15:58:30,453 - WARNING - \u26a0\ufe0f Skipping molecule Pentafluoronitrobenzene: Invalid level name(s) - Aromatic, Benzenes
2026-01-22 15:58:30,454 - WARNING - \u26a0\ufe0f Skipping molecule Pentafluorobenzonitrile: Invalid level name(s) - Aromatic, Benzenes
2026-01-22 15:58:30,455 - WARNING - \u26a0\ufe0f Skipping molecule Pentafluoroiodoethane: Invalid level name(s) - Aliphatic, Alkanes
2026-01-22 15:58:30,457 - WARNING - \u26a0\ufe0f Skipping molecule 3-Chloro-1-propene: Invalid level name(s) - Aliphatic, Alkanes
2026-01-22 15:58:30,458 - WARNING - \u26a0\ufe0f Skipping molecule 4-Chloro-1-butene: Invalid level name(s) - Aliphatic, Alkanes
2026-01-22 15:58:30,461 - WARNING - \u26a0\ufe0f Skipping molecule 5-Chloro-1-pentene: Invalid level name(s) - Aliphatic, Alkanes
2026-01-22 15:58:30,463 - WARNING - \u26a0\ufe0f Skipping molecule 6-Chloro-1-hexene: Invalid level name(s) - Aliphatic, Alkanes
2026-01-22 15:58:30,465 - WARNING - \u26a0\ufe0f Skipping molecule 1-Chloro-3-phenylpropane: Invalid level name(s) - Aromatic, Benzenes
2026-01-22 15:58:30,467 - WARNING - \u26a0\ufe0f Skipping molecule 1-Chloro-4-phenylbutane: Invalid level name(s) - Aromatic, Benzenes
2026-01-22 15:58:30,469 - WARNING - \u26a0\ufe0f Skipping molecule trans-1,2-Dichlorocyclohexane: Invalid level name(s) - Aliphatic, Cycloalkanes
2026-01-22 15:58:30,471 - WARNING - \u26a0\ufe0f Skipping molecule 2-Chloroethanol: Invalid level name(s) - Aliphatic, Alkanes
2026-01-22 15:58:30,472 - WARNING - \u26a0\ufe0f Skipping molecule 3-Chloropropanol: Invalid level name(s) - Aliphatic, Alkanes
2026-01-22 15:58:30,475 - WARNING - \u26a0\ufe0f Skipping molecule 3-Chloro-1,2-propanediol: Invalid level name(s) - Aliphatic, Alkanes
2026-01-22 15:58:30,477 - WARNING - \u26a0\ufe0f Skipping molecule 1,3-Dichloro-2-propanol: Invalid level name(s) - Aliphatic, Alkanes
2026-01-22 15:58:30,478 - WARNING - \u26a0\ufe0f Skipping molecule 4-Bromodiphenyl ether: Invalid level name(s) - Aromatic, Benzenes
2026-01-22 15:58:30,480 - WARNING - \u26a0\ufe0f Skipping molecule 4-Bromophenyl ether: Invalid level name(s) - Aromatic, Benzenes
2026-01-22 15:58:30,482 - WARNING - \u26a0\ufe0f Skipping molecule Decabromodiphenyl ether: Invalid level name(s) - Aromatic, Benzenes
2026-01-22 15:58:30,483 - WARNING - \u26a0\ufe0f Skipping molecule Hexachlorobenzene: Invalid level name(s) - Aromatic, Benzenes
2026-01-22 15:58:30,485 - WARNING - \u26a0\ufe0f Skipping molecule 5-Bromouracil: Invalid level name(s) - Heterocyclic, Nitrogen-Containing Heterocycles
2026-01-22 15:58:30,487 - WARNING - \u26a0\ufe0f Skipping molecule Iodobenzene: Invalid level name(s) - Aromatic, Benzenes
2026-01-22 15:58:30,488 - WARNING - \u26a0\ufe0f Skipping molecule Chloropentafluorobenzene: Invalid level name(s) - Aromatic, Benzenes
2026-01-22 15:58:30,490 - WARNING - \u26a0\ufe0f Skipping molecule Bromopentafluorobenzene: Invalid level name(s) - Aromatic, Benzenes
2026-01-22 15:58:30,491 - WARNING - \u26a0\ufe0f Skipping molecule Iodopentafluorobenzene: Invalid level name(s) - Aromatic, Benzenes
2026-01-22 15:58:30,492 - WARNING - \u26a0\ufe0f Skipping molecule o-Chlorofluorobenzene: Invalid level name(s) - Aromatic, Benzenes
2026-01-22 15:58:30,494 - WARNING - \u26a0\ufe0f Skipping molecule m-Chlorofluorobenzene: Invalid level name(s) - Aromatic, Benzenes
2026-01-22 15:58:30,495 - WARNING - \u26a0\ufe0f Skipping molecule m-Chlorobromobenzene: Invalid level name(s) - Aromatic, Benzenes
2026-01-22 15:58:30,498 - WARNING - \u26a0\ufe0f Skipping molecule m-Chloroiodobenzene: Invalid level name(s) - Aromatic, Benzenes
2026-01-22 15:58:30,499 - WARNING - \u26a0\ufe0f Skipping molecule m-Iodonitrobenzene: Invalid level name(s) - Aromatic, Benzenes
2026-01-22 15:58:30,501 - WARNING - \u26a0\ufe0f Skipping molecule 5-Chlorouracil: Invalid level name(s) - Heterocyclic, Nitrogen-Containing Heterocycles
2026-01-22 15:58:30,503 - WARNING - \u26a0\ufe0f Skipping molecule 5-Iodouracil: Invalid level name(s) - Heterocyclic, Nitrogen-Containing Heterocycles
2026-01-22 15:58:30,505 - WARNING - \u26a0\ufe0f Skipping molecule 5-Fluorouracil: Invalid level name(s) - Heterocyclic, Nitrogen-Containing Heterocycles
2026-01-22 15:58:30,506 - INFO - SELECT molecules.name AS molecules_name, molecules.id AS molecules_id 
FROM molecules
2026-01-22 15:58:30,506 - INFO - [generated in 0.00028s] {}
2026-01-22 15:58:30,510 - INFO - SELECT papers.id AS papers_id 
FROM papers
2026-01-22 15:58:30,510 - INFO - [generated in 0.00025s] {}
2026-01-22 15:58:30,514 - WARNING - \u26a0\ufe0f Molecule Dichloromethane not found in database!
2026-01-22 15:58:30,514 - WARNING - \u26a0\ufe0f Molecule 1,2-Dichloroethane not found in database!
2026-01-22 15:58:30,514 - WARNING - \u26a0\ufe0f Molecule 1,3-Dichloropropane not found in database!
2026-01-22 15:58:30,514 - WARNING - \u26a0\ufe0f Molecule 1,4-Dichlorobutane not found in database!
2026-01-22 15:58:30,515 - WARNING - \u26a0\ufe0f Molecule 1,5-Dichloropentane not found in database!
2026-01-22 15:58:30,515 - WARNING - \u26a0\ufe0f Molecule 1,6-Dichlorohexane not found in database!
2026-01-22 15:58:30,515 - WARNING - \u26a0\ufe0f Molecule 1,8-Dichlorooctane not found in database!
2026-01-22 15:58:30,515 - WARNING - \u26a0\ufe0f Molecule 1,1-Dichloroethane not found in database!
2026-01-22 15:58:30,515 - WARNING - \u26a0\ufe0f Molecule 1,1-Dichloropropane not found in database!
2026-01-22 15:58:30,515 - WARNING - \u26a0\ufe0f Molecule 2,2-Dichloropropane not found in database!
2026-01-22 15:58:30,515 - WARNING - \u26a0\ufe0f Molecule 1,2-Dichloropropane not found in database!
2026-01-22 15:58:30,515 - WARNING - \u26a0\ufe0f Molecule 1,2-Dichloro-2-methylpropane not found in database!
2026-01-22 15:58:30,515 - WARNING - \u26a0\ufe0f Molecule 2,3-Dichlorobutane not found in database!
2026-01-22 15:58:30,516 - WARNING - \u26a0\ufe0f Molecule 1,3-Dichlorobutane not found in database!
2026-01-22 15:58:30,516 - WARNING - \u26a0\ufe0f Molecule Trichloromethane not found in database!
2026-01-22 15:58:30,516 - WARNING - \u26a0\ufe0f Molecule 1,1,1-Trichloroethane not found in database!
2026-01-22 15:58:30,516 - WARNING - \u26a0\ufe0f Molecule 1,1,2-Trichloroethane not found in database!
2026-01-22 15:58:30,516 - WARNING - \u26a0\ufe0f Molecule 1,1,2-Trichloro-2-methylpropane not found in database!
2026-01-22 15:58:30,516 - WARNING - \u26a0\ufe0f Molecule 1,2,3-Trichloropropane not found in database!
2026-01-22 15:58:30,516 - WARNING - \u26a0\ufe0f Molecule Tetrachloromethane not found in database!
2026-01-22 15:58:30,516 - WARNING - \u26a0\ufe0f Molecule Methyl chloride not found in database!
2026-01-22 15:58:30,516 - WARNING - \u26a0\ufe0f Molecule Ethyl chloride not found in database!
2026-01-22 15:58:30,516 - WARNING - \u26a0\ufe0f Molecule 1-Chloropropane not found in database!
2026-01-22 15:58:30,516 - WARNING - \u26a0\ufe0f Molecule 1-Chlorobutane not found in database!
2026-01-22 15:58:30,516 - WARNING - \u26a0\ufe0f Molecule 1-Chloropentane not found in database!
2026-01-22 15:58:30,517 - WARNING - \u26a0\ufe0f Molecule 1-Chlorohexane not found in database!
2026-01-22 15:58:30,517 - WARNING - \u26a0\ufe0f Molecule 1-Chloroheptane not found in database!
2026-01-22 15:58:30,517 - WARNING - \u26a0\ufe0f Molecule 1-Chlorooctane not found in database!
2026-01-22 15:58:30,517 - WARNING - \u26a0\ufe0f Molecule 1-Chlorononane not found in database!
2026-01-22 15:58:30,517 - WARNING - \u26a0\ufe0f Molecule 2-Chloropropane not found in database!
2026-01-22 15:58:30,517 - WARNING - \u26a0\ufe0f Molecule 2-Chlorobutane not found in database!
2026-01-22 15:58:30,517 - WARNING - \u26a0\ufe0f Molecule tert-Butyl chloride not found in database!
2026-01-22 15:58:30,517 - WARNING - \u26a0\ufe0f Molecule Cyclobutyl chloride not found in database!
2026-01-22 15:58:30,517 - WARNING - \u26a0\ufe0f Molecule Cyclopentyl chloride not found in database!
2026-01-22 15:58:30,517 - WARNING - \u26a0\ufe0f Molecule Cyclohexyl chloride not found in database!
2026-01-22 15:58:30,517 - WARNING - \u26a0\ufe0f Molecule Chlorobenzene not found in database!
2026-01-22 15:58:30,517 - WARNING - \u26a0\ufe0f Molecule Benzyl chloride not found in database!
2026-01-22 15:58:30,518 - WARNING - \u26a0\ufe0f Molecule (2-chloroethyl)benzene not found in database!
2026-01-22 15:58:30,518 - WARNING - \u26a0\ufe0f Molecule Bromobenzene not found in database!
2026-01-22 15:58:30,518 - WARNING - \u26a0\ufe0f Molecule Benzyl bromide not found in database!
2026-01-22 15:58:30,518 - WARNING - \u26a0\ufe0f Molecule 2-Phenylethyl bromide not found in database!
2026-01-22 15:58:30,518 - WARNING - \u26a0\ufe0f Molecule 1-Bromo-3-phenylpropane not found in database!
2026-01-22 15:58:30,518 - WARNING - \u26a0\ufe0f Molecule 4-Bromochlorobenzene not found in database!
2026-01-22 15:58:30,518 - WARNING - \u26a0\ufe0f Molecule Tetrafluoromethane not found in database!
2026-01-22 15:58:30,518 - WARNING - \u26a0\ufe0f Molecule Hexafluoroethane not found in database!
2026-01-22 15:58:30,518 - WARNING - \u26a0\ufe0f Molecule Octafluoropropane not found in database!
2026-01-22 15:58:30,518 - WARNING - \u26a0\ufe0f Molecule Perflubutane not found in database!
2026-01-22 15:58:30,518 - WARNING - \u26a0\ufe0f Molecule Perfluoroisobutane not found in database!
2026-01-22 15:58:30,518 - WARNING - \u26a0\ufe0f Molecule Perfluoropentane not found in database!
2026-01-22 15:58:30,519 - WARNING - \u26a0\ufe0f Molecule Perfluorohexane not found in database!
2026-01-22 15:58:30,519 - WARNING - \u26a0\ufe0f Molecule Chlorofluoromethane not found in database!
2026-01-22 15:58:30,519 - WARNING - \u26a0\ufe0f Molecule Chlorodifluoromethane not found in database!
2026-01-22 15:58:30,519 - WARNING - \u26a0\ufe0f Molecule Chlorotrifluoromethane not found in database!
2026-01-22 15:58:30,519 - WARNING - \u26a0\ufe0f Molecule Dichlorodifluoromethane not found in database!
2026-01-22 15:58:30,519 - WARNING - \u26a0\ufe0f Molecule Trichlorofluoromethane not found in database!
2026-01-22 15:58:30,519 - WARNING - \u26a0\ufe0f Molecule Bromoethane not found in database!
2026-01-22 15:58:30,519 - WARNING - \u26a0\ufe0f Molecule 1-Bromopropane not found in database!
2026-01-22 15:58:30,519 - WARNING - \u26a0\ufe0f Molecule 2-Bromopropane not found in database!
2026-01-22 15:58:30,519 - WARNING - \u26a0\ufe0f Molecule 1,2-Dibromoethane not found in database!
2026-01-22 15:58:30,519 - WARNING - \u26a0\ufe0f Molecule 1-Bromo-3-chloropropane not found in database!
2026-01-22 15:58:30,519 - WARNING - \u26a0\ufe0f Molecule 1-Bromo-2-chloroethane not found in database!
2026-01-22 15:58:30,520 - WARNING - \u26a0\ufe0f Molecule 1-Chloro-2-bromopropane not found in database!
2026-01-22 15:58:30,520 - WARNING - \u26a0\ufe0f Molecule 2-Bromo-2-chloro-1,1,1-trifluoroethane not found in database!
2026-01-22 15:58:30,520 - WARNING - \u26a0\ufe0f Molecule 1,1,2,2-Tetrachloroethane not found in database!
2026-01-22 15:58:30,520 - WARNING - \u26a0\ufe0f Molecule Tetrachloromethane not found in database!
2026-01-22 15:58:30,520 - WARNING - \u26a0\ufe0f Molecule Trifluoroiodomethane not found in database!
2026-01-22 15:58:30,520 - WARNING - \u26a0\ufe0f Molecule Dichlorodifluoromethane not found in database!
2026-01-22 15:58:30,520 - WARNING - \u26a0\ufe0f Molecule 1,2-Dichlorobenzene not found in database!
2026-01-22 15:58:30,520 - WARNING - \u26a0\ufe0f Molecule Bromobenzene-d5 not found in database!
2026-01-22 15:58:30,520 - WARNING - \u26a0\ufe0f Molecule Bromobenzene not found in database!
2026-01-22 15:58:30,520 - WARNING - \u26a0\ufe0f Molecule Chlorobenzene not found in database!
2026-01-22 15:58:30,521 - WARNING - \u26a0\ufe0f Molecule 2-Bromotoluene not found in database!
2026-01-22 15:58:30,521 - WARNING - \u26a0\ufe0f Molecule 2-Chlorotoluene not found in database!
2026-01-22 15:58:30,521 - WARNING - \u26a0\ufe0f Molecule Bromoethane not found in database!
2026-01-22 15:58:30,521 - WARNING - \u26a0\ufe0f Molecule 1-Bromopropane not found in database!
2026-01-22 15:58:30,521 - WARNING - \u26a0\ufe0f Molecule 1-Bromobutane not found in database!
2026-01-22 15:58:30,521 - WARNING - \u26a0\ufe0f Molecule 2-Bromopropane not found in database!
2026-01-22 15:58:30,521 - WARNING - \u26a0\ufe0f Molecule 2-Bromobutane not found in database!
2026-01-22 15:58:30,521 - WARNING - \u26a0\ufe0f Molecule Bromocyclopropane not found in database!
2026-01-22 15:58:30,521 - WARNING - \u26a0\ufe0f Molecule Bromocyclopentane not found in database!
2026-01-22 15:58:30,521 - WARNING - \u26a0\ufe0f Molecule Bromocyclohexane not found in database!
2026-01-22 15:58:30,521 - WARNING - \u26a0\ufe0f Molecule 2-Bromo-2-methylpropane not found in database!
2026-01-22 15:58:30,522 - WARNING - \u26a0\ufe0f Molecule Bromoethene not found in database!
2026-01-22 15:58:30,522 - WARNING - \u26a0\ufe0f Molecule cis-1-bromo-1-propene not found in database!
2026-01-22 15:58:30,522 - WARNING - \u26a0\ufe0f Molecule trans-1-bromo-1-propene not found in database!
2026-01-22 15:58:30,522 - WARNING - \u26a0\ufe0f Molecule 2-Bromopropene not found in database!
2026-01-22 15:58:30,522 - WARNING - \u26a0\ufe0f Molecule 3-Bromopropene not found in database!
2026-01-22 15:58:30,522 - WARNING - \u26a0\ufe0f Molecule 1-Bromobut-2-ene not found in database!
2026-01-22 15:58:30,522 - WARNING - \u26a0\ufe0f Molecule 3-Bromocyclohex-1-ene not found in database!
2026-01-22 15:58:30,522 - WARNING - \u26a0\ufe0f Molecule 4-bromobut-1-ene not found in database!
2026-01-22 15:58:30,522 - WARNING - \u26a0\ufe0f Molecule 5-bromo-1-pentene not found in database!
2026-01-22 15:58:30,522 - WARNING - \u26a0\ufe0f Molecule 6-bromo-1-hexene not found in database!
2026-01-22 15:58:30,522 - WARNING - \u26a0\ufe0f Molecule Difluoromethane not found in database!
2026-01-22 15:58:30,522 - WARNING - \u26a0\ufe0f Molecule Chlorotrifluoromethane not found in database!
2026-01-22 15:58:30,523 - WARNING - \u26a0\ufe0f Molecule Bromotrifluoromethane not found in database!
2026-01-22 15:58:30,523 - WARNING - \u26a0\ufe0f Molecule Trifluoroiodomethane not found in database!
2026-01-22 15:58:30,523 - WARNING - \u26a0\ufe0f Molecule Dichlorodifluoromethane not found in database!
2026-01-22 15:58:30,523 - WARNING - \u26a0\ufe0f Molecule Dibromodifluoromethane not found in database!
2026-01-22 15:58:30,523 - WARNING - \u26a0\ufe0f Molecule 1-Chlorobutane not found in database!
2026-01-22 15:58:30,523 - WARNING - \u26a0\ufe0f Molecule Dichloromethane not found in database!
2026-01-22 15:58:30,523 - WARNING - \u26a0\ufe0f Molecule 1,2-Dichloroethane not found in database!
2026-01-22 15:58:30,523 - WARNING - \u26a0\ufe0f Molecule 1,3-Dichloropropane not found in database!
2026-01-22 15:58:30,523 - WARNING - \u26a0\ufe0f Molecule 1-Bromopropane not found in database!
2026-01-22 15:58:30,523 - WARNING - \u26a0\ufe0f Molecule Bromochloromethane not found in database!
2026-01-22 15:58:30,523 - WARNING - \u26a0\ufe0f Molecule 1-Bromo-2-chloroethane not found in database!
2026-01-22 15:58:30,523 - WARNING - \u26a0\ufe0f Molecule 1-Bromo-3-chloropropane not found in database!
2026-01-22 15:58:30,524 - WARNING - \u26a0\ufe0f Molecule 1-Bromo-4-chlorobutane not found in database!
2026-01-22 15:58:30,524 - WARNING - \u26a0\ufe0f Molecule Dibromomethane not found in database!
2026-01-22 15:58:30,524 - WARNING - \u26a0\ufe0f Molecule 1,2-Dibromoethane not found in database!
2026-01-22 15:58:30,524 - WARNING - \u26a0\ufe0f Molecule 1,3-Dibromopropane not found in database!
2026-01-22 15:58:30,524 - WARNING - \u26a0\ufe0f Molecule 1,4-Dibromobutane not found in database!
2026-01-22 15:58:30,524 - WARNING - \u26a0\ufe0f Molecule Tribromomethane not found in database!
2026-01-22 15:58:30,524 - WARNING - \u26a0\ufe0f Molecule Triiodomethane not found in database!
2026-01-22 15:58:30,524 - WARNING - \u26a0\ufe0f Molecule 2-Chloro-2,2-difluoroacetic acid not found in database!
2026-01-22 15:58:30,524 - WARNING - \u26a0\ufe0f Molecule m-Chloronitrobenzene not found in database!
2026-01-22 15:58:30,524 - WARNING - \u26a0\ufe0f Molecule Chlorotrifluoromethane not found in database!
2026-01-22 15:58:30,525 - WARNING - \u26a0\ufe0f Molecule Perfluorodiglyme not found in database!
2026-01-22 15:58:30,525 - WARNING - \u26a0\ufe0f Molecule Perfluorotriglyme not found in database!
2026-01-22 15:58:30,525 - WARNING - \u26a0\ufe0f Molecule Perfluorocrownether not found in database!
2026-01-22 15:58:30,525 - WARNING - \u26a0\ufe0f Molecule Pentafluoronitrobenzene not found in database!
2026-01-22 15:58:30,525 - WARNING - \u26a0\ufe0f Molecule Pentafluorobenzonitrile not found in database!
2026-01-22 15:58:30,525 - WARNING - \u26a0\ufe0f Molecule Pentafluoroiodoethane not found in database!
2026-01-22 15:58:30,525 - WARNING - \u26a0\ufe0f Molecule 3-Chloro-1-propene not found in database!
2026-01-22 15:58:30,525 - WARNING - \u26a0\ufe0f Molecule 4-Chloro-1-butene not found in database!
2026-01-22 15:58:30,525 - WARNING - \u26a0\ufe0f Molecule 5-Chloro-1-pentene not found in database!
2026-01-22 15:58:30,525 - WARNING - \u26a0\ufe0f Molecule 6-Chloro-1-hexene not found in database!
2026-01-22 15:58:30,525 - WARNING - \u26a0\ufe0f Molecule Benzyl chloride not found in database!
2026-01-22 15:58:30,525 - WARNING - \u26a0\ufe0f Molecule (2-chloroethyl)benzene not found in database!
2026-01-22 15:58:30,526 - WARNING - \u26a0\ufe0f Molecule 1-Chloro-3-phenylpropane not found in database!
2026-01-22 15:58:30,526 - WARNING - \u26a0\ufe0f Molecule 1-Chloro-4-phenylbutane not found in database!
2026-01-22 15:58:30,526 - WARNING - \u26a0\ufe0f Molecule trans-1,2-Dichlorocyclohexane not found in database!
2026-01-22 15:58:30,526 - WARNING - \u26a0\ufe0f Molecule 2-Chloroethanol not found in database!
2026-01-22 15:58:30,526 - WARNING - \u26a0\ufe0f Molecule 3-Chloropropanol not found in database!
2026-01-22 15:58:30,526 - WARNING - \u26a0\ufe0f Molecule 3-Chloro-1,2-propanediol not found in database!
2026-01-22 15:58:30,526 - WARNING - \u26a0\ufe0f Molecule 1,3-Dichloro-2-propanol not found in database!
2026-01-22 15:58:30,526 - WARNING - \u26a0\ufe0f Molecule 4-Bromodiphenyl ether not found in database!
2026-01-22 15:58:30,526 - WARNING - \u26a0\ufe0f Molecule 4-Bromophenyl ether not found in database!
2026-01-22 15:58:30,526 - WARNING - \u26a0\ufe0f Molecule Decabromodiphenyl ether not found in database!
2026-01-22 15:58:30,526 - WARNING - \u26a0\ufe0f Molecule Hexachlorobenzene not found in database!
2026-01-22 15:58:30,527 - WARNING - \u26a0\ufe0f Molecule 5-Bromouracil not found in database!
2026-01-22 15:58:30,527 - WARNING - \u26a0\ufe0f Molecule Chlorobenzene not found in database!
2026-01-22 15:58:30,527 - WARNING - \u26a0\ufe0f Molecule Iodobenzene not found in database!
2026-01-22 15:58:30,527 - WARNING - \u26a0\ufe0f Molecule Chloropentafluorobenzene not found in database!
2026-01-22 15:58:30,527 - WARNING - \u26a0\ufe0f Molecule Bromopentafluorobenzene not found in database!
2026-01-22 15:58:30,527 - WARNING - \u26a0\ufe0f Molecule Iodopentafluorobenzene not found in database!
2026-01-22 15:58:30,527 - WARNING - \u26a0\ufe0f Molecule o-Chlorofluorobenzene not found in database!
2026-01-22 15:58:30,527 - WARNING - \u26a0\ufe0f Molecule m-Chlorofluorobenzene not found in database!
2026-01-22 15:58:30,527 - WARNING - \u26a0\ufe0f Molecule m-Chlorobromobenzene not found in database!
2026-01-22 15:58:30,527 - WARNING - \u26a0\ufe0f Molecule m-Chloroiodobenzene not found in database!
2026-01-22 15:58:30,527 - WARNING - \u26a0\ufe0f Molecule m-Chloronitrobenzene not found in database!
2026-01-22 15:58:30,528 - WARNING - \u26a0\ufe0f Molecule m-Iodonitrobenzene not found in database!
2026-01-22 15:58:30,528 - WARNING - \u26a0\ufe0f Molecule 5-Bromouracil not found in database!
2026-01-22 15:58:30,528 - WARNING - \u26a0\ufe0f Molecule 5-Chlorouracil not found in database!
2026-01-22 15:58:30,528 - WARNING - \u26a0\ufe0f Molecule 5-Iodouracil not found in database!
2026-01-22 15:58:30,528 - WARNING - \u26a0\ufe0f Molecule 5-Fluorouracil not found in database!
2026-01-22 15:58:30,531 - WARNING - \u26a0\ufe0f Error calculating molecular weight for fragment Total: unknown element To
2026-01-22 15:58:30,534 - INFO - SELECT fragments.id AS fragments_id, fragments.formula AS fragments_formula, fragments.charge AS fragments_charge, fragments.molecular_weight AS fragments_molecular_weight, fragments.electron_affinity AS fragments_electron_affinity 
FROM fragments 
WHERE fragments.id = %(id_1)s 
 LIMIT %(param_1)s
2026-01-22 15:58:30,535 - INFO - [generated in 0.00041s] {'id_1': 1.0, 'param_1': 1}
2026-01-22 15:58:30,538 - INFO - \u2705 Inserted Fragment: {'id': 1.0, 'formula': 'Total', 'charge': 0.0, 'electron_affinity': 0.0, 'molecular_weight': None}
2026-01-22 15:58:30,541 - INFO - INSERT INTO fragments (id, formula, charge, molecular_weight, electron_affinity) VALUES (%(id)s, %(formula)s, %(charge)s, %(molecular_weight)s, %(electron_affinity)s)
2026-01-22 15:58:30,541 - INFO - [generated in 0.00037s] {'id': 1.0, 'formula': 'Total', 'charge': 0.0, 'molecular_weight': None, 'electron_affinity': 0.0}
2026-01-22 15:58:30,544 - INFO - SELECT fragments.id AS fragments_id, fragments.formula AS fragments_formula, fragments.charge AS fragments_charge, fragments.molecular_weight AS fragments_molecular_weight, fragments.electron_affinity AS fragments_electron_affinity 
FROM fragments 
WHERE fragments.id = %(id_1)s 
 LIMIT %(param_1)s
2026-01-22 15:58:30,544 - INFO - [cached since 0.009742s ago] {'id_1': 2.0, 'param_1': 1}
2026-01-22 15:58:30,545 - INFO - \u2705 Inserted Fragment: {'id': 2.0, 'formula': 'Cl', 'charge': -1.0, 'electron_affinity': 3.617, 'molecular_weight': 35.453}
2026-01-22 15:58:30,547 - INFO - INSERT INTO fragments (id, formula, charge, molecular_weight, electron_affinity) VALUES (%(id)s, %(formula)s, %(charge)s, %(molecular_weight)s, %(electron_affinity)s)
2026-01-22 15:58:30,547 - INFO - [cached since 0.006002s ago] {'id': 2.0, 'formula': 'Cl', 'charge': -1.0, 'molecular_weight': 35.453, 'electron_affinity': 3.617}
2026-01-22 15:58:30,548 - INFO - SELECT fragments.id AS fragments_id, fragments.formula AS fragments_formula, fragments.charge AS fragments_charge, fragments.molecular_weight AS fragments_molecular_weight, fragments.electron_affinity AS fragments_electron_affinity 
FROM fragments 
WHERE fragments.id = %(id_1)s 
 LIMIT %(param_1)s
2026-01-22 15:58:30,549 - INFO - [cached since 0.01444s ago] {'id_1': 3.0, 'param_1': 1}
2026-01-22 15:58:30,550 - INFO - \u2705 Inserted Fragment: {'id': 3.0, 'formula': 'F', 'charge': -1.0, 'electron_affinity': 3.399, 'molecular_weight': 18.9984032}
2026-01-22 15:58:30,551 - INFO - INSERT INTO fragments (id, formula, charge, molecular_weight, electron_affinity) VALUES (%(id)s, %(formula)s, %(charge)s, %(molecular_weight)s, %(electron_affinity)s)
2026-01-22 15:58:30,552 - INFO - [cached since 0.01095s ago] {'id': 3.0, 'formula': 'F', 'charge': -1.0, 'molecular_weight': 18.9984032, 'electron_affinity': 3.399}
2026-01-22 15:58:30,553 - INFO - SELECT fragments.id AS fragments_id, fragments.formula AS fragments_formula, fragments.charge AS fragments_charge, fragments.molecular_weight AS fragments_molecular_weight, fragments.electron_affinity AS fragments_electron_affinity 
FROM fragments 
WHERE fragments.id = %(id_1)s 
 LIMIT %(param_1)s
2026-01-22 15:58:30,553 - INFO - [cached since 0.01898s ago] {'id_1': 4.0, 'param_1': 1}
2026-01-22 15:58:30,554 - INFO - \u2705 Inserted Fragment: {'id': 4.0, 'formula': 'Br', 'charge': -1.0, 'electron_affinity': 3.365, 'molecular_weight': 79.904}
2026-01-22 15:58:30,555 - INFO - INSERT INTO fragments (id, formula, charge, molecular_weight, electron_affinity) VALUES (%(id)s, %(formula)s, %(charge)s, %(molecular_weight)s, %(electron_affinity)s)
2026-01-22 15:58:30,555 - INFO - [cached since 0.01457s ago] {'id': 4.0, 'formula': 'Br', 'charge': -1.0, 'molecular_weight': 79.904, 'electron_affinity': 3.365}
2026-01-22 15:58:30,556 - INFO - SELECT fragments.id AS fragments_id, fragments.formula AS fragments_formula, fragments.charge AS fragments_charge, fragments.molecular_weight AS fragments_molecular_weight, fragments.electron_affinity AS fragments_electron_affinity 
FROM fragments 
WHERE fragments.id = %(id_1)s 
 LIMIT %(param_1)s
2026-01-22 15:58:30,556 - INFO - [cached since 0.02217s ago] {'id_1': 5.0, 'param_1': 1}
2026-01-22 15:58:30,557 - INFO - \u2705 Inserted Fragment: {'id': 5.0, 'formula': 'I', 'charge': -1.0, 'electron_affinity': 3.059, 'molecular_weight': 126.90447}
2026-01-22 15:58:30,559 - INFO - INSERT INTO fragments (id, formula, charge, molecular_weight, electron_affinity) VALUES (%(id)s, %(formula)s, %(charge)s, %(molecular_weight)s, %(electron_affinity)s)
2026-01-22 15:58:30,560 - INFO - [cached since 0.01881s ago] {'id': 5.0, 'formula': 'I', 'charge': -1.0, 'molecular_weight': 126.90447, 'electron_affinity': 3.059}
2026-01-22 15:58:30,562 - INFO - SELECT fragments.id AS fragments_id, fragments.formula AS fragments_formula, fragments.charge AS fragments_charge, fragments.molecular_weight AS fragments_molecular_weight, fragments.electron_affinity AS fragments_electron_affinity 
FROM fragments 
WHERE fragments.id = %(id_1)s 
 LIMIT %(param_1)s
2026-01-22 15:58:30,562 - INFO - [cached since 0.02801s ago] {'id_1': 6.0, 'param_1': 1}
2026-01-22 15:58:30,565 - INFO - \u2705 Inserted Fragment: {'id': 6.0, 'formula': 'CF3', 'charge': -1.0, 'electron_affinity': nan, 'molecular_weight': 69.0059096}
2026-01-22 15:58:30,568 - INFO - INSERT INTO fragments (id, formula, charge, molecular_weight, electron_affinity) VALUES (%(id)s, %(formula)s, %(charge)s, %(molecular_weight)s, %(electron_affinity)s)
2026-01-22 15:58:30,568 - INFO - [cached since 0.02726s ago] {'id': 6.0, 'formula': 'CF3', 'charge': -1.0, 'molecular_weight': 69.0059096, 'electron_affinity': nan}
2026-01-22 15:58:30,570 - INFO - SELECT fragments.id AS fragments_id, fragments.formula AS fragments_formula, fragments.charge AS fragments_charge, fragments.molecular_weight AS fragments_molecular_weight, fragments.electron_affinity AS fragments_electron_affinity 
FROM fragments 
WHERE fragments.id = %(id_1)s 
 LIMIT %(param_1)s
2026-01-22 15:58:30,570 - INFO - [cached since 0.03592s ago] {'id_1': 7.0, 'param_1': 1}
2026-01-22 15:58:30,571 - INFO - \u2705 Inserted Fragment: {'id': 7.0, 'formula': 'C2F5', 'charge': -1.0, 'electron_affinity': nan, 'molecular_weight': 119.01341599999999}
2026-01-22 15:58:30,573 - INFO - INSERT INTO fragments (id, formula, charge, molecular_weight, electron_affinity) VALUES (%(id)s, %(formula)s, %(charge)s, %(molecular_weight)s, %(electron_affinity)s)
2026-01-22 15:58:30,573 - INFO - [cached since 0.03189s ago] {'id': 7.0, 'formula': 'C2F5', 'charge': -1.0, 'molecular_weight': 119.01341599999999, 'electron_affinity': nan}
2026-01-22 15:58:30,574 - INFO - SELECT fragments.id AS fragments_id, fragments.formula AS fragments_formula, fragments.charge AS fragments_charge, fragments.molecular_weight AS fragments_molecular_weight, fragments.electron_affinity AS fragments_electron_affinity 
FROM fragments 
WHERE fragments.id = %(id_1)s 
 LIMIT %(param_1)s
2026-01-22 15:58:30,574 - INFO - [cached since 0.03992s ago] {'id_1': 8.0, 'param_1': 1}
2026-01-22 15:58:30,575 - INFO - \u2705 Inserted Fragment: {'id': 8.0, 'formula': 'CF3', 'charge': -1.0, 'electron_affinity': nan, 'molecular_weight': 69.0059096}
2026-01-22 15:58:30,576 - INFO - INSERT INTO fragments (id, formula, charge, molecular_weight, electron_affinity) VALUES (%(id)s, %(formula)s, %(charge)s, %(molecular_weight)s, %(electron_affinity)s)
2026-01-22 15:58:30,576 - INFO - [cached since 0.03564s ago] {'id': 8.0, 'formula': 'CF3', 'charge': -1.0, 'molecular_weight': 69.0059096, 'electron_affinity': nan}
2026-01-22 15:58:30,577 - INFO - SELECT fragments.id AS fragments_id, fragments.formula AS fragments_formula, fragments.charge AS fragments_charge, fragments.molecular_weight AS fragments_molecular_weight, fragments.electron_affinity AS fragments_electron_affinity 
FROM fragments 
WHERE fragments.id = %(id_1)s 
 LIMIT %(param_1)s
2026-01-22 15:58:30,578 - INFO - [cached since 0.04341s ago] {'id_1': 9.0, 'param_1': 1}
2026-01-22 15:58:30,578 - INFO - \u2705 Inserted Fragment: {'id': 9.0, 'formula': 'C3F7', 'charge': -1.0, 'electron_affinity': nan, 'molecular_weight': 169.02092240000002}
2026-01-22 15:58:30,580 - INFO - INSERT INTO fragments (id, formula, charge, molecular_weight, electron_affinity) VALUES (%(id)s, %(formula)s, %(charge)s, %(molecular_weight)s, %(electron_affinity)s)
2026-01-22 15:58:30,580 - INFO - [cached since 0.03934s ago] {'id': 9.0, 'formula': 'C3F7', 'charge': -1.0, 'molecular_weight': 169.02092240000002, 'electron_affinity': nan}
2026-01-22 15:58:30,581 - INFO - SELECT fragments.id AS fragments_id, fragments.formula AS fragments_formula, fragments.charge AS fragments_charge, fragments.molecular_weight AS fragments_molecular_weight, fragments.electron_affinity AS fragments_electron_affinity 
FROM fragments 
WHERE fragments.id = %(id_1)s 
 LIMIT %(param_1)s
2026-01-22 15:58:30,582 - INFO - [cached since 0.04755s ago] {'id_1': 10.0, 'param_1': 1}
2026-01-22 15:58:30,583 - INFO - \u2705 Inserted Fragment: {'id': 10.0, 'formula': 'C2F3', 'charge': -1.0, 'electron_affinity': nan, 'molecular_weight': 81.0166096}
2026-01-22 15:58:30,585 - INFO - INSERT INTO fragments (id, formula, charge, molecular_weight, electron_affinity) VALUES (%(id)s, %(formula)s, %(charge)s, %(molecular_weight)s, %(electron_affinity)s)
2026-01-22 15:58:30,585 - INFO - [cached since 0.0441s ago] {'id': 10.0, 'formula': 'C2F3', 'charge': -1.0, 'molecular_weight': 81.0166096, 'electron_affinity': nan}
2026-01-22 15:58:30,586 - INFO - SELECT fragments.id AS fragments_id, fragments.formula AS fragments_formula, fragments.charge AS fragments_charge, fragments.molecular_weight AS fragments_molecular_weight, fragments.electron_affinity AS fragments_electron_affinity 
FROM fragments 
WHERE fragments.id = %(id_1)s 
 LIMIT %(param_1)s
2026-01-22 15:58:30,586 - INFO - [cached since 0.05218s ago] {'id_1': 11.0, 'param_1': 1}
2026-01-22 15:58:30,587 - INFO - \u2705 Inserted Fragment: {'id': 11.0, 'formula': 'C4F10', 'charge': -1.0, 'electron_affinity': nan, 'molecular_weight': 238.02683199999998}
2026-01-22 15:58:30,590 - INFO - INSERT INTO fragments (id, formula, charge, molecular_weight, electron_affinity) VALUES (%(id)s, %(formula)s, %(charge)s, %(molecular_weight)s, %(electron_affinity)s)
2026-01-22 15:58:30,590 - INFO - [cached since 0.04909s ago] {'id': 11.0, 'formula': 'C4F10', 'charge': -1.0, 'molecular_weight': 238.02683199999998, 'electron_affinity': nan}
2026-01-22 15:58:30,591 - INFO - SELECT fragments.id AS fragments_id, fragments.formula AS fragments_formula, fragments.charge AS fragments_charge, fragments.molecular_weight AS fragments_molecular_weight, fragments.electron_affinity AS fragments_electron_affinity 
FROM fragments 
WHERE fragments.id = %(id_1)s 
 LIMIT %(param_1)s
2026-01-22 15:58:30,591 - INFO - [cached since 0.05709s ago] {'id_1': 12.0, 'param_1': 1}
2026-01-22 15:58:30,592 - INFO - \u2705 Inserted Fragment: {'id': 12.0, 'formula': 'C4F9', 'charge': -1.0, 'electron_affinity': nan, 'molecular_weight': 219.02842879999997}
2026-01-22 15:58:30,594 - INFO - INSERT INTO fragments (id, formula, charge, molecular_weight, electron_affinity) VALUES (%(id)s, %(formula)s, %(charge)s, %(molecular_weight)s, %(electron_affinity)s)
2026-01-22 15:58:30,594 - INFO - [cached since 0.05354s ago] {'id': 12.0, 'formula': 'C4F9', 'charge': -1.0, 'molecular_weight': 219.02842879999997, 'electron_affinity': nan}
2026-01-22 15:58:30,596 - INFO - SELECT fragments.id AS fragments_id, fragments.formula AS fragments_formula, fragments.charge AS fragments_charge, fragments.molecular_weight AS fragments_molecular_weight, fragments.electron_affinity AS fragments_electron_affinity 
FROM fragments 
WHERE fragments.id = %(id_1)s 
 LIMIT %(param_1)s
2026-01-22 15:58:30,596 - INFO - [cached since 0.0621s ago] {'id_1': 13.0, 'param_1': 1}
2026-01-22 15:58:30,598 - INFO - \u2705 Inserted Fragment: {'id': 13.0, 'formula': 'C5F12', 'charge': -1.0, 'electron_affinity': nan, 'molecular_weight': 288.03433839999997}
2026-01-22 15:58:30,601 - INFO - INSERT INTO fragments (id, formula, charge, molecular_weight, electron_affinity) VALUES (%(id)s, %(formula)s, %(charge)s, %(molecular_weight)s, %(electron_affinity)s)
2026-01-22 15:58:30,601 - INFO - [cached since 0.06003s ago] {'id': 13.0, 'formula': 'C5F12', 'charge': -1.0, 'molecular_weight': 288.03433839999997, 'electron_affinity': nan}
2026-01-22 15:58:30,603 - INFO - SELECT fragments.id AS fragments_id, fragments.formula AS fragments_formula, fragments.charge AS fragments_charge, fragments.molecular_weight AS fragments_molecular_weight, fragments.electron_affinity AS fragments_electron_affinity 
FROM fragments 
WHERE fragments.id = %(id_1)s 
 LIMIT %(param_1)s
2026-01-22 15:58:30,603 - INFO - [cached since 0.06868s ago] {'id_1': 14.0, 'param_1': 1}
2026-01-22 15:58:30,604 - INFO - \u2705 Inserted Fragment: {'id': 14.0, 'formula': 'C5F11', 'charge': -1.0, 'electron_affinity': nan, 'molecular_weight': 269.0359352}
2026-01-22 15:58:30,606 - INFO - INSERT INTO fragments (id, formula, charge, molecular_weight, electron_affinity) VALUES (%(id)s, %(formula)s, %(charge)s, %(molecular_weight)s, %(electron_affinity)s)
2026-01-22 15:58:30,606 - INFO - [cached since 0.06496s ago] {'id': 14.0, 'formula': 'C5F11', 'charge': -1.0, 'molecular_weight': 269.0359352, 'electron_affinity': nan}
2026-01-22 15:58:30,607 - INFO - SELECT fragments.id AS fragments_id, fragments.formula AS fragments_formula, fragments.charge AS fragments_charge, fragments.molecular_weight AS fragments_molecular_weight, fragments.electron_affinity AS fragments_electron_affinity 
FROM fragments 
WHERE fragments.id = %(id_1)s 
 LIMIT %(param_1)s
2026-01-22 15:58:30,607 - INFO - [cached since 0.07272s ago] {'id_1': 15.0, 'param_1': 1}
2026-01-22 15:58:30,608 - INFO - \u2705 Inserted Fragment: {'id': 15.0, 'formula': 'C5F10', 'charge': -1.0, 'electron_affinity': nan, 'molecular_weight': 250.037532}
2026-01-22 15:58:30,609 - INFO - INSERT INTO fragments (id, formula, charge, molecular_weight, electron_affinity) VALUES (%(id)s, %(formula)s, %(charge)s, %(molecular_weight)s, %(electron_affinity)s)
2026-01-22 15:58:30,609 - INFO - [cached since 0.06847s ago] {'id': 15.0, 'formula': 'C5F10', 'charge': -1.0, 'molecular_weight': 250.037532, 'electron_affinity': nan}
2026-01-22 15:58:30,610 - INFO - SELECT fragments.id AS fragments_id, fragments.formula AS fragments_formula, fragments.charge AS fragments_charge, fragments.molecular_weight AS fragments_molecular_weight, fragments.electron_affinity AS fragments_electron_affinity 
FROM fragments 
WHERE fragments.id = %(id_1)s 
 LIMIT %(param_1)s
2026-01-22 15:58:30,611 - INFO - [cached since 0.07639s ago] {'id_1': 16.0, 'param_1': 1}
2026-01-22 15:58:30,612 - INFO - \u2705 Inserted Fragment: {'id': 16.0, 'formula': 'C4F8', 'charge': -1.0, 'electron_affinity': nan, 'molecular_weight': 200.0300256}
2026-01-22 15:58:30,614 - INFO - INSERT INTO fragments (id, formula, charge, molecular_weight, electron_affinity) VALUES (%(id)s, %(formula)s, %(charge)s, %(molecular_weight)s, %(electron_affinity)s)
2026-01-22 15:58:30,614 - INFO - [cached since 0.07314s ago] {'id': 16.0, 'formula': 'C4F8', 'charge': -1.0, 'molecular_weight': 200.0300256, 'electron_affinity': nan}
2026-01-22 15:58:30,615 - INFO - SELECT fragments.id AS fragments_id, fragments.formula AS fragments_formula, fragments.charge AS fragments_charge, fragments.molecular_weight AS fragments_molecular_weight, fragments.electron_affinity AS fragments_electron_affinity 
FROM fragments 
WHERE fragments.id = %(id_1)s 
 LIMIT %(param_1)s
2026-01-22 15:58:30,616 - INFO - [cached since 0.08161s ago] {'id_1': 17.0, 'param_1': 1}
2026-01-22 15:58:30,617 - INFO - \u2705 Inserted Fragment: {'id': 17.0, 'formula': 'C6F14', 'charge': -1.0, 'electron_affinity': nan, 'molecular_weight': 338.04184480000004}
2026-01-22 15:58:30,618 - INFO - INSERT INTO fragments (id, formula, charge, molecular_weight, electron_affinity) VALUES (%(id)s, %(formula)s, %(charge)s, %(molecular_weight)s, %(electron_affinity)s)
2026-01-22 15:58:30,618 - INFO - [cached since 0.07757s ago] {'id': 17.0, 'formula': 'C6F14', 'charge': -1.0, 'molecular_weight': 338.04184480000004, 'electron_affinity': nan}
2026-01-22 15:58:30,619 - INFO - SELECT fragments.id AS fragments_id, fragments.formula AS fragments_formula, fragments.charge AS fragments_charge, fragments.molecular_weight AS fragments_molecular_weight, fragments.electron_affinity AS fragments_electron_affinity 
FROM fragments 
WHERE fragments.id = %(id_1)s 
 LIMIT %(param_1)s
2026-01-22 15:58:30,620 - INFO - [cached since 0.08548s ago] {'id_1': 18.0, 'param_1': 1}
2026-01-22 15:58:30,620 - INFO - \u2705 Inserted Fragment: {'id': 18.0, 'formula': 'C6F13', 'charge': -1.0, 'electron_affinity': nan, 'molecular_weight': 319.04344159999994}
2026-01-22 15:58:30,622 - INFO - INSERT INTO fragments (id, formula, charge, molecular_weight, electron_affinity) VALUES (%(id)s, %(formula)s, %(charge)s, %(molecular_weight)s, %(electron_affinity)s)
2026-01-22 15:58:30,622 - INFO - [cached since 0.08114s ago] {'id': 18.0, 'formula': 'C6F13', 'charge': -1.0, 'molecular_weight': 319.04344159999994, 'electron_affinity': nan}
2026-01-22 15:58:30,623 - INFO - SELECT fragments.id AS fragments_id, fragments.formula AS fragments_formula, fragments.charge AS fragments_charge, fragments.molecular_weight AS fragments_molecular_weight, fragments.electron_affinity AS fragments_electron_affinity 
FROM fragments 
WHERE fragments.id = %(id_1)s 
 LIMIT %(param_1)s
2026-01-22 15:58:30,623 - INFO - [cached since 0.08904s ago] {'id_1': 19.0, 'param_1': 1}
2026-01-22 15:58:30,624 - INFO - \u2705 Inserted Fragment: {'id': 19.0, 'formula': 'C6F12', 'charge': -1.0, 'electron_affinity': nan, 'molecular_weight': 300.04503839999995}
2026-01-22 15:58:30,625 - INFO - INSERT INTO fragments (id, formula, charge, molecular_weight, electron_affinity) VALUES (%(id)s, %(formula)s, %(charge)s, %(molecular_weight)s, %(electron_affinity)s)
2026-01-22 15:58:30,625 - INFO - [cached since 0.08455s ago] {'id': 19.0, 'formula': 'C6F12', 'charge': -1.0, 'molecular_weight': 300.04503839999995, 'electron_affinity': nan}
2026-01-22 15:58:30,626 - INFO - SELECT fragments.id AS fragments_id, fragments.formula AS fragments_formula, fragments.charge AS fragments_charge, fragments.molecular_weight AS fragments_molecular_weight, fragments.electron_affinity AS fragments_electron_affinity 
FROM fragments 
WHERE fragments.id = %(id_1)s 
 LIMIT %(param_1)s
2026-01-22 15:58:30,627 - INFO - [cached since 0.09255s ago] {'id_1': 20.0, 'param_1': 1}
2026-01-22 15:58:30,628 - INFO - \u2705 Inserted Fragment: {'id': 20.0, 'formula': 'C5F9', 'charge': -1.0, 'electron_affinity': nan, 'molecular_weight': 231.03912879999996}
2026-01-22 15:58:30,630 - INFO - INSERT INTO fragments (id, formula, charge, molecular_weight, electron_affinity) VALUES (%(id)s, %(formula)s, %(charge)s, %(molecular_weight)s, %(electron_affinity)s)
2026-01-22 15:58:30,631 - INFO - [cached since 0.09021s ago] {'id': 20.0, 'formula': 'C5F9', 'charge': -1.0, 'molecular_weight': 231.03912879999996, 'electron_affinity': nan}
2026-01-22 15:58:30,633 - INFO - SELECT fragments.id AS fragments_id, fragments.formula AS fragments_formula, fragments.charge AS fragments_charge, fragments.molecular_weight AS fragments_molecular_weight, fragments.electron_affinity AS fragments_electron_affinity 
FROM fragments 
WHERE fragments.id = %(id_1)s 
 LIMIT %(param_1)s
2026-01-22 15:58:30,634 - INFO - [cached since 0.09967s ago] {'id_1': 21.0, 'param_1': 1}
2026-01-22 15:58:30,635 - INFO - \u2705 Inserted Fragment: {'id': 21.0, 'formula': 'C4F7', 'charge': -1.0, 'electron_affinity': nan, 'molecular_weight': 181.0316224}
2026-01-22 15:58:30,637 - INFO - INSERT INTO fragments (id, formula, charge, molecular_weight, electron_affinity) VALUES (%(id)s, %(formula)s, %(charge)s, %(molecular_weight)s, %(electron_affinity)s)
2026-01-22 15:58:30,637 - INFO - [cached since 0.09644s ago] {'id': 21.0, 'formula': 'C4F7', 'charge': -1.0, 'molecular_weight': 181.0316224, 'electron_affinity': nan}
2026-01-22 15:58:30,638 - INFO - SELECT fragments.id AS fragments_id, fragments.formula AS fragments_formula, fragments.charge AS fragments_charge, fragments.molecular_weight AS fragments_molecular_weight, fragments.electron_affinity AS fragments_electron_affinity 
FROM fragments 
WHERE fragments.id = %(id_1)s 
 LIMIT %(param_1)s
2026-01-22 15:58:30,639 - INFO - [cached since 0.1045s ago] {'id_1': 22.0, 'param_1': 1}
2026-01-22 15:58:30,639 - INFO - \u2705 Inserted Fragment: {'id': 22.0, 'formula': 'CHClBr', 'charge': -1.0, 'electron_affinity': nan, 'molecular_weight': 128.37564}
2026-01-22 15:58:30,641 - INFO - INSERT INTO fragments (id, formula, charge, molecular_weight, electron_affinity) VALUES (%(id)s, %(formula)s, %(charge)s, %(molecular_weight)s, %(electron_affinity)s)
2026-01-22 15:58:30,641 - INFO - [cached since 0.1001s ago] {'id': 22.0, 'formula': 'CHClBr', 'charge': -1.0, 'molecular_weight': 128.37564, 'electron_affinity': nan}
2026-01-22 15:58:30,642 - INFO - SELECT fragments.id AS fragments_id, fragments.formula AS fragments_formula, fragments.charge AS fragments_charge, fragments.molecular_weight AS fragments_molecular_weight, fragments.electron_affinity AS fragments_electron_affinity 
FROM fragments 
WHERE fragments.id = %(id_1)s 
 LIMIT %(param_1)s
2026-01-22 15:58:30,642 - INFO - [cached since 0.1078s ago] {'id_1': 23.0, 'param_1': 1}
2026-01-22 15:58:30,643 - INFO - \u2705 Inserted Fragment: {'id': 23.0, 'formula': 'ClBr', 'charge': -1.0, 'electron_affinity': nan, 'molecular_weight': 115.357}
2026-01-22 15:58:30,644 - INFO - INSERT INTO fragments (id, formula, charge, molecular_weight, electron_affinity) VALUES (%(id)s, %(formula)s, %(charge)s, %(molecular_weight)s, %(electron_affinity)s)
2026-01-22 15:58:30,644 - INFO - [cached since 0.1037s ago] {'id': 23.0, 'formula': 'ClBr', 'charge': -1.0, 'molecular_weight': 115.357, 'electron_affinity': nan}
2026-01-22 15:58:30,645 - INFO - SELECT fragments.id AS fragments_id, fragments.formula AS fragments_formula, fragments.charge AS fragments_charge, fragments.molecular_weight AS fragments_molecular_weight, fragments.electron_affinity AS fragments_electron_affinity 
FROM fragments 
WHERE fragments.id = %(id_1)s 
 LIMIT %(param_1)s
2026-01-22 15:58:30,646 - INFO - [cached since 0.1114s ago] {'id_1': 24.0, 'param_1': 1}
2026-01-22 15:58:30,647 - INFO - \u2705 Inserted Fragment: {'id': 24.0, 'formula': 'C2H4Br', 'charge': -1.0, 'electron_affinity': nan, 'molecular_weight': 107.95715999999999}
2026-01-22 15:58:30,649 - INFO - INSERT INTO fragments (id, formula, charge, molecular_weight, electron_affinity) VALUES (%(id)s, %(formula)s, %(charge)s, %(molecular_weight)s, %(electron_affinity)s)
2026-01-22 15:58:30,649 - INFO - [cached since 0.1085s ago] {'id': 24.0, 'formula': 'C2H4Br', 'charge': -1.0, 'molecular_weight': 107.95715999999999, 'electron_affinity': nan}
2026-01-22 15:58:30,651 - INFO - SELECT fragments.id AS fragments_id, fragments.formula AS fragments_formula, fragments.charge AS fragments_charge, fragments.molecular_weight AS fragments_molecular_weight, fragments.electron_affinity AS fragments_electron_affinity 
FROM fragments 
WHERE fragments.id = %(id_1)s 
 LIMIT %(param_1)s
2026-01-22 15:58:30,651 - INFO - [cached since 0.1168s ago] {'id_1': 25.0, 'param_1': 1}
2026-01-22 15:58:30,652 - INFO - \u2705 Inserted Fragment: {'id': 25.0, 'formula': 'C3H6BrCl', 'charge': -1.0, 'electron_affinity': nan, 'molecular_weight': 157.43674}
2026-01-22 15:58:30,654 - INFO - INSERT INTO fragments (id, formula, charge, molecular_weight, electron_affinity) VALUES (%(id)s, %(formula)s, %(charge)s, %(molecular_weight)s, %(electron_affinity)s)
2026-01-22 15:58:30,654 - INFO - [cached since 0.113s ago] {'id': 25.0, 'formula': 'C3H6BrCl', 'charge': -1.0, 'molecular_weight': 157.43674, 'electron_affinity': nan}
2026-01-22 15:58:30,655 - INFO - SELECT fragments.id AS fragments_id, fragments.formula AS fragments_formula, fragments.charge AS fragments_charge, fragments.molecular_weight AS fragments_molecular_weight, fragments.electron_affinity AS fragments_electron_affinity 
FROM fragments 
WHERE fragments.id = %(id_1)s 
 LIMIT %(param_1)s
2026-01-22 15:58:30,655 - INFO - [cached since 0.1209s ago] {'id_1': 26.0, 'param_1': 1}
2026-01-22 15:58:30,656 - INFO - \u2705 Inserted Fragment: {'id': 26.0, 'formula': 'C3H6Br', 'charge': -1.0, 'electron_affinity': nan, 'molecular_weight': 121.98374}
2026-01-22 15:58:30,658 - INFO - INSERT INTO fragments (id, formula, charge, molecular_weight, electron_affinity) VALUES (%(id)s, %(formula)s, %(charge)s, %(molecular_weight)s, %(electron_affinity)s)
2026-01-22 15:58:30,658 - INFO - [cached since 0.1169s ago] {'id': 26.0, 'formula': 'C3H6Br', 'charge': -1.0, 'molecular_weight': 121.98374, 'electron_affinity': nan}
2026-01-22 15:58:30,659 - INFO - SELECT fragments.id AS fragments_id, fragments.formula AS fragments_formula, fragments.charge AS fragments_charge, fragments.molecular_weight AS fragments_molecular_weight, fragments.electron_affinity AS fragments_electron_affinity 
FROM fragments 
WHERE fragments.id = %(id_1)s 
 LIMIT %(param_1)s
2026-01-22 15:58:30,659 - INFO - [cached since 0.1249s ago] {'id_1': 27.0, 'param_1': 1}
2026-01-22 15:58:30,660 - INFO - \u2705 Inserted Fragment: {'id': 27.0, 'formula': 'C3H5Br', 'charge': -1.0, 'electron_affinity': nan, 'molecular_weight': 120.97579999999999}
2026-01-22 15:58:30,662 - INFO - INSERT INTO fragments (id, formula, charge, molecular_weight, electron_affinity) VALUES (%(id)s, %(formula)s, %(charge)s, %(molecular_weight)s, %(electron_affinity)s)
2026-01-22 15:58:30,662 - INFO - [cached since 0.1217s ago] {'id': 27.0, 'formula': 'C3H5Br', 'charge': -1.0, 'molecular_weight': 120.97579999999999, 'electron_affinity': nan}
2026-01-22 15:58:30,664 - INFO - SELECT fragments.id AS fragments_id, fragments.formula AS fragments_formula, fragments.charge AS fragments_charge, fragments.molecular_weight AS fragments_molecular_weight, fragments.electron_affinity AS fragments_electron_affinity 
FROM fragments 
WHERE fragments.id = %(id_1)s 
 LIMIT %(param_1)s
2026-01-22 15:58:30,664 - INFO - [cached since 0.1302s ago] {'id_1': 28.0, 'param_1': 1}
2026-01-22 15:58:30,666 - INFO - \u2705 Inserted Fragment: {'id': 28.0, 'formula': 'BrHCl', 'charge': -1.0, 'electron_affinity': nan, 'molecular_weight': 116.36494}
2026-01-22 15:58:30,668 - INFO - INSERT INTO fragments (id, formula, charge, molecular_weight, electron_affinity) VALUES (%(id)s, %(formula)s, %(charge)s, %(molecular_weight)s, %(electron_affinity)s)
2026-01-22 15:58:30,668 - INFO - [cached since 0.1271s ago] {'id': 28.0, 'formula': 'BrHCl', 'charge': -1.0, 'molecular_weight': 116.36494, 'electron_affinity': nan}
2026-01-22 15:58:30,669 - INFO - SELECT fragments.id AS fragments_id, fragments.formula AS fragments_formula, fragments.charge AS fragments_charge, fragments.molecular_weight AS fragments_molecular_weight, fragments.electron_affinity AS fragments_electron_affinity 
FROM fragments 
WHERE fragments.id = %(id_1)s 
 LIMIT %(param_1)s
2026-01-22 15:58:30,670 - INFO - [cached since 0.1355s ago] {'id_1': 29.0, 'param_1': 1}
2026-01-22 15:58:30,671 - INFO - \u2705 Inserted Fragment: {'id': 29.0, 'formula': 'BrCl', 'charge': -1.0, 'electron_affinity': nan, 'molecular_weight': 115.357}
2026-01-22 15:58:30,672 - INFO - INSERT INTO fragments (id, formula, charge, molecular_weight, electron_affinity) VALUES (%(id)s, %(formula)s, %(charge)s, %(molecular_weight)s, %(electron_affinity)s)
2026-01-22 15:58:30,673 - INFO - [cached since 0.1318s ago] {'id': 29.0, 'formula': 'BrCl', 'charge': -1.0, 'molecular_weight': 115.357, 'electron_affinity': nan}
2026-01-22 15:58:30,674 - INFO - SELECT fragments.id AS fragments_id, fragments.formula AS fragments_formula, fragments.charge AS fragments_charge, fragments.molecular_weight AS fragments_molecular_weight, fragments.electron_affinity AS fragments_electron_affinity 
FROM fragments 
WHERE fragments.id = %(id_1)s 
 LIMIT %(param_1)s
2026-01-22 15:58:30,674 - INFO - [cached since 0.1398s ago] {'id_1': 30.0, 'param_1': 1}
2026-01-22 15:58:30,675 - INFO - \u2705 Inserted Fragment: {'id': 30.0, 'formula': 'C3H6Cl', 'charge': -1.0, 'electron_affinity': nan, 'molecular_weight': 77.53274}
2026-01-22 15:58:30,677 - INFO - INSERT INTO fragments (id, formula, charge, molecular_weight, electron_affinity) VALUES (%(id)s, %(formula)s, %(charge)s, %(molecular_weight)s, %(electron_affinity)s)
2026-01-22 15:58:30,677 - INFO - [cached since 0.1361s ago] {'id': 30.0, 'formula': 'C3H6Cl', 'charge': -1.0, 'molecular_weight': 77.53274, 'electron_affinity': nan}
2026-01-22 15:58:30,678 - INFO - SELECT fragments.id AS fragments_id, fragments.formula AS fragments_formula, fragments.charge AS fragments_charge, fragments.molecular_weight AS fragments_molecular_weight, fragments.electron_affinity AS fragments_electron_affinity 
FROM fragments 
WHERE fragments.id = %(id_1)s 
 LIMIT %(param_1)s
2026-01-22 15:58:30,679 - INFO - [cached since 0.1447s ago] {'id_1': 31.0, 'param_1': 1}
2026-01-22 15:58:30,680 - INFO - \u2705 Inserted Fragment: {'id': 31.0, 'formula': 'C2ClF2', 'charge': -1.0, 'electron_affinity': nan, 'molecular_weight': 97.4712064}
2026-01-22 15:58:30,681 - INFO - INSERT INTO fragments (id, formula, charge, molecular_weight, electron_affinity) VALUES (%(id)s, %(formula)s, %(charge)s, %(molecular_weight)s, %(electron_affinity)s)
2026-01-22 15:58:30,681 - INFO - [cached since 0.1407s ago] {'id': 31.0, 'formula': 'C2ClF2', 'charge': -1.0, 'molecular_weight': 97.4712064, 'electron_affinity': nan}
2026-01-22 15:58:30,683 - INFO - SELECT fragments.id AS fragments_id, fragments.formula AS fragments_formula, fragments.charge AS fragments_charge, fragments.molecular_weight AS fragments_molecular_weight, fragments.electron_affinity AS fragments_electron_affinity 
FROM fragments 
WHERE fragments.id = %(id_1)s 
 LIMIT %(param_1)s
2026-01-22 15:58:30,683 - INFO - [cached since 0.1491s ago] {'id_1': 32.0, 'param_1': 1}
2026-01-22 15:58:30,684 - INFO - \u2705 Inserted Fragment: {'id': 32.0, 'formula': 'Cl2', 'charge': -1.0, 'electron_affinity': nan, 'molecular_weight': 70.906}
2026-01-22 15:58:30,686 - INFO - INSERT INTO fragments (id, formula, charge, molecular_weight, electron_affinity) VALUES (%(id)s, %(formula)s, %(charge)s, %(molecular_weight)s, %(electron_affinity)s)
2026-01-22 15:58:30,686 - INFO - [cached since 0.1452s ago] {'id': 32.0, 'formula': 'Cl2', 'charge': -1.0, 'molecular_weight': 70.906, 'electron_affinity': nan}
2026-01-22 15:58:30,687 - INFO - SELECT fragments.id AS fragments_id, fragments.formula AS fragments_formula, fragments.charge AS fragments_charge, fragments.molecular_weight AS fragments_molecular_weight, fragments.electron_affinity AS fragments_electron_affinity 
FROM fragments 
WHERE fragments.id = %(id_1)s 
 LIMIT %(param_1)s
2026-01-22 15:58:30,687 - INFO - [cached since 0.1532s ago] {'id_1': 33.0, 'param_1': 1}
2026-01-22 15:58:30,688 - INFO - \u2705 Inserted Fragment: {'id': 33.0, 'formula': 'ClHCl', 'charge': -1.0, 'electron_affinity': nan, 'molecular_weight': 71.91394000000001}
2026-01-22 15:58:30,690 - INFO - INSERT INTO fragments (id, formula, charge, molecular_weight, electron_affinity) VALUES (%(id)s, %(formula)s, %(charge)s, %(molecular_weight)s, %(electron_affinity)s)
2026-01-22 15:58:30,690 - INFO - [cached since 0.1491s ago] {'id': 33.0, 'formula': 'ClHCl', 'charge': -1.0, 'molecular_weight': 71.91394000000001, 'electron_affinity': nan}
2026-01-22 15:58:30,691 - INFO - SELECT fragments.id AS fragments_id, fragments.formula AS fragments_formula, fragments.charge AS fragments_charge, fragments.molecular_weight AS fragments_molecular_weight, fragments.electron_affinity AS fragments_electron_affinity 
FROM fragments 
WHERE fragments.id = %(id_1)s 
 LIMIT %(param_1)s
2026-01-22 15:58:30,691 - INFO - [cached since 0.1568s ago] {'id_1': 34.0, 'param_1': 1}
2026-01-22 15:58:30,692 - INFO - \u2705 Inserted Fragment: {'id': 34.0, 'formula': 'C2H2Cl3', 'charge': -1.0, 'electron_affinity': nan, 'molecular_weight': 132.39628000000002}
2026-01-22 15:58:30,693 - INFO - INSERT INTO fragments (id, formula, charge, molecular_weight, electron_affinity) VALUES (%(id)s, %(formula)s, %(charge)s, %(molecular_weight)s, %(electron_affinity)s)
2026-01-22 15:58:30,693 - INFO - [cached since 0.1524s ago] {'id': 34.0, 'formula': 'C2H2Cl3', 'charge': -1.0, 'molecular_weight': 132.39628000000002, 'electron_affinity': nan}
2026-01-22 15:58:30,694 - INFO - SELECT fragments.id AS fragments_id, fragments.formula AS fragments_formula, fragments.charge AS fragments_charge, fragments.molecular_weight AS fragments_molecular_weight, fragments.electron_affinity AS fragments_electron_affinity 
FROM fragments 
WHERE fragments.id = %(id_1)s 
 LIMIT %(param_1)s
2026-01-22 15:58:30,694 - INFO - [cached since 0.16s ago] {'id_1': 35.0, 'param_1': 1}
2026-01-22 15:58:30,695 - INFO - \u2705 Inserted Fragment: {'id': 35.0, 'formula': 'CHF', 'charge': -1.0, 'electron_affinity': nan, 'molecular_weight': 32.017043199999996}
2026-01-22 15:58:30,697 - INFO - INSERT INTO fragments (id, formula, charge, molecular_weight, electron_affinity) VALUES (%(id)s, %(formula)s, %(charge)s, %(molecular_weight)s, %(electron_affinity)s)
2026-01-22 15:58:30,697 - INFO - [cached since 0.1565s ago] {'id': 35.0, 'formula': 'CHF', 'charge': -1.0, 'molecular_weight': 32.017043199999996, 'electron_affinity': nan}
2026-01-22 15:58:30,700 - INFO - SELECT fragments.id AS fragments_id, fragments.formula AS fragments_formula, fragments.charge AS fragments_charge, fragments.molecular_weight AS fragments_molecular_weight, fragments.electron_affinity AS fragments_electron_affinity 
FROM fragments 
WHERE fragments.id = %(id_1)s 
 LIMIT %(param_1)s
2026-01-22 15:58:30,700 - INFO - [cached since 0.1656s ago] {'id_1': 36.0, 'param_1': 1}
2026-01-22 15:58:30,701 - INFO - \u2705 Inserted Fragment: {'id': 36.0, 'formula': 'F2', 'charge': -1.0, 'electron_affinity': nan, 'molecular_weight': 37.9968064}
2026-01-22 15:58:30,703 - INFO - INSERT INTO fragments (id, formula, charge, molecular_weight, electron_affinity) VALUES (%(id)s, %(formula)s, %(charge)s, %(molecular_weight)s, %(electron_affinity)s)
2026-01-22 15:58:30,704 - INFO - [cached since 0.1629s ago] {'id': 36.0, 'formula': 'F2', 'charge': -1.0, 'molecular_weight': 37.9968064, 'electron_affinity': nan}
2026-01-22 15:58:30,705 - INFO - SELECT fragments.id AS fragments_id, fragments.formula AS fragments_formula, fragments.charge AS fragments_charge, fragments.molecular_weight AS fragments_molecular_weight, fragments.electron_affinity AS fragments_electron_affinity 
FROM fragments 
WHERE fragments.id = %(id_1)s 
 LIMIT %(param_1)s
2026-01-22 15:58:30,705 - INFO - [cached since 0.1707s ago] {'id_1': 37.0, 'param_1': 1}
2026-01-22 15:58:30,706 - INFO - \u2705 Inserted Fragment: {'id': 37.0, 'formula': 'CF2CO2H', 'charge': -1.0, 'electron_affinity': nan, 'molecular_weight': 95.0249464}
2026-01-22 15:58:30,708 - INFO - INSERT INTO fragments (id, formula, charge, molecular_weight, electron_affinity) VALUES (%(id)s, %(formula)s, %(charge)s, %(molecular_weight)s, %(electron_affinity)s)
2026-01-22 15:58:30,708 - INFO - [cached since 0.167s ago] {'id': 37.0, 'formula': 'CF2CO2H', 'charge': -1.0, 'molecular_weight': 95.0249464, 'electron_affinity': nan}
2026-01-22 15:58:30,709 - INFO - SELECT fragments.id AS fragments_id, fragments.formula AS fragments_formula, fragments.charge AS fragments_charge, fragments.molecular_weight AS fragments_molecular_weight, fragments.electron_affinity AS fragments_electron_affinity 
FROM fragments 
WHERE fragments.id = %(id_1)s 
 LIMIT %(param_1)s
2026-01-22 15:58:30,709 - INFO - [cached since 0.1748s ago] {'id_1': 38.0, 'param_1': 1}
2026-01-22 15:58:30,710 - INFO - \u2705 Inserted Fragment: {'id': 38.0, 'formula': 'CClF2CO2H', 'charge': -1.0, 'electron_affinity': nan, 'molecular_weight': 130.47794639999998}
2026-01-22 15:58:30,711 - INFO - INSERT INTO fragments (id, formula, charge, molecular_weight, electron_affinity) VALUES (%(id)s, %(formula)s, %(charge)s, %(molecular_weight)s, %(electron_affinity)s)
2026-01-22 15:58:30,711 - INFO - [cached since 0.1707s ago] {'id': 38.0, 'formula': 'CClF2CO2H', 'charge': -1.0, 'molecular_weight': 130.47794639999998, 'electron_affinity': nan}
2026-01-22 15:58:30,712 - INFO - SELECT fragments.id AS fragments_id, fragments.formula AS fragments_formula, fragments.charge AS fragments_charge, fragments.molecular_weight AS fragments_molecular_weight, fragments.electron_affinity AS fragments_electron_affinity 
FROM fragments 
WHERE fragments.id = %(id_1)s 
 LIMIT %(param_1)s
2026-01-22 15:58:30,712 - INFO - [cached since 0.1783s ago] {'id_1': 39.0, 'param_1': 1}
2026-01-22 15:58:30,713 - INFO - \u2705 Inserted Fragment: {'id': 39.0, 'formula': 'CClF2CO2', 'charge': -1.0, 'electron_affinity': nan, 'molecular_weight': 129.4700064}
2026-01-22 15:58:30,716 - INFO - INSERT INTO fragments (id, formula, charge, molecular_weight, electron_affinity) VALUES (%(id)s, %(formula)s, %(charge)s, %(molecular_weight)s, %(electron_affinity)s)
2026-01-22 15:58:30,716 - INFO - [cached since 0.1756s ago] {'id': 39.0, 'formula': 'CClF2CO2', 'charge': -1.0, 'molecular_weight': 129.4700064, 'electron_affinity': nan}
2026-01-22 15:58:30,718 - INFO - SELECT fragments.id AS fragments_id, fragments.formula AS fragments_formula, fragments.charge AS fragments_charge, fragments.molecular_weight AS fragments_molecular_weight, fragments.electron_affinity AS fragments_electron_affinity 
FROM fragments 
WHERE fragments.id = %(id_1)s 
 LIMIT %(param_1)s
2026-01-22 15:58:30,718 - INFO - [cached since 0.1839s ago] {'id_1': 40.0, 'param_1': 1}
2026-01-22 15:58:30,719 - INFO - \u2705 Inserted Fragment: {'id': 40.0, 'formula': 'CClFCO2', 'charge': -1.0, 'electron_affinity': nan, 'molecular_weight': 110.4716032}
2026-01-22 15:58:30,721 - INFO - INSERT INTO fragments (id, formula, charge, molecular_weight, electron_affinity) VALUES (%(id)s, %(formula)s, %(charge)s, %(molecular_weight)s, %(electron_affinity)s)
2026-01-22 15:58:30,722 - INFO - [cached since 0.1807s ago] {'id': 40.0, 'formula': 'CClFCO2', 'charge': -1.0, 'molecular_weight': 110.4716032, 'electron_affinity': nan}
2026-01-22 15:58:30,723 - INFO - SELECT fragments.id AS fragments_id, fragments.formula AS fragments_formula, fragments.charge AS fragments_charge, fragments.molecular_weight AS fragments_molecular_weight, fragments.electron_affinity AS fragments_electron_affinity 
FROM fragments 
WHERE fragments.id = %(id_1)s 
 LIMIT %(param_1)s
2026-01-22 15:58:30,723 - INFO - [cached since 0.1886s ago] {'id_1': 41.0, 'param_1': 1}
2026-01-22 15:58:30,724 - INFO - \u2705 Inserted Fragment: {'id': 41.0, 'formula': 'CClO2H', 'charge': -1.0, 'electron_affinity': nan, 'molecular_weight': 80.47044000000001}
2026-01-22 15:58:30,725 - INFO - INSERT INTO fragments (id, formula, charge, molecular_weight, electron_affinity) VALUES (%(id)s, %(formula)s, %(charge)s, %(molecular_weight)s, %(electron_affinity)s)
2026-01-22 15:58:30,725 - INFO - [cached since 0.1847s ago] {'id': 41.0, 'formula': 'CClO2H', 'charge': -1.0, 'molecular_weight': 80.47044000000001, 'electron_affinity': nan}
2026-01-22 15:58:30,726 - INFO - SELECT fragments.id AS fragments_id, fragments.formula AS fragments_formula, fragments.charge AS fragments_charge, fragments.molecular_weight AS fragments_molecular_weight, fragments.electron_affinity AS fragments_electron_affinity 
FROM fragments 
WHERE fragments.id = %(id_1)s 
 LIMIT %(param_1)s
2026-01-22 15:58:30,726 - INFO - [cached since 0.1922s ago] {'id_1': 42.0, 'param_1': 1}
2026-01-22 15:58:30,727 - INFO - \u2705 Inserted Fragment: {'id': 42.0, 'formula': 'CF2', 'charge': -1.0, 'electron_affinity': nan, 'molecular_weight': 50.0075064}
2026-01-22 15:58:30,729 - INFO - INSERT INTO fragments (id, formula, charge, molecular_weight, electron_affinity) VALUES (%(id)s, %(formula)s, %(charge)s, %(molecular_weight)s, %(electron_affinity)s)
2026-01-22 15:58:30,729 - INFO - [cached since 0.1881s ago] {'id': 42.0, 'formula': 'CF2', 'charge': -1.0, 'molecular_weight': 50.0075064, 'electron_affinity': nan}
2026-01-22 15:58:30,730 - INFO - SELECT fragments.id AS fragments_id, fragments.formula AS fragments_formula, fragments.charge AS fragments_charge, fragments.molecular_weight AS fragments_molecular_weight, fragments.electron_affinity AS fragments_electron_affinity 
FROM fragments 
WHERE fragments.id = %(id_1)s 
 LIMIT %(param_1)s
2026-01-22 15:58:30,731 - INFO - [cached since 0.1965s ago] {'id_1': 43.0, 'param_1': 1}
2026-01-22 15:58:30,732 - INFO - \u2705 Inserted Fragment: {'id': 43.0, 'formula': 'C6H4ClNO2', 'charge': -1.0, 'electron_affinity': nan, 'molecular_weight': 157.55446}
2026-01-22 15:58:30,734 - INFO - INSERT INTO fragments (id, formula, charge, molecular_weight, electron_affinity) VALUES (%(id)s, %(formula)s, %(charge)s, %(molecular_weight)s, %(electron_affinity)s)
2026-01-22 15:58:30,735 - INFO - [cached since 0.1938s ago] {'id': 43.0, 'formula': 'C6H4ClNO2', 'charge': -1.0, 'molecular_weight': 157.55446, 'electron_affinity': nan}
2026-01-22 15:58:30,736 - INFO - SELECT fragments.id AS fragments_id, fragments.formula AS fragments_formula, fragments.charge AS fragments_charge, fragments.molecular_weight AS fragments_molecular_weight, fragments.electron_affinity AS fragments_electron_affinity 
FROM fragments 
WHERE fragments.id = %(id_1)s 
 LIMIT %(param_1)s
2026-01-22 15:58:30,737 - INFO - [cached since 0.2024s ago] {'id_1': 44.0, 'param_1': 1}
2026-01-22 15:58:30,738 - INFO - \u2705 Inserted Fragment: {'id': 44.0, 'formula': 'NO2', 'charge': -1.0, 'electron_affinity': nan, 'molecular_weight': 46.0055}
2026-01-22 15:58:30,740 - INFO - INSERT INTO fragments (id, formula, charge, molecular_weight, electron_affinity) VALUES (%(id)s, %(formula)s, %(charge)s, %(molecular_weight)s, %(electron_affinity)s)
2026-01-22 15:58:30,741 - INFO - [cached since 0.1997s ago] {'id': 44.0, 'formula': 'NO2', 'charge': -1.0, 'molecular_weight': 46.0055, 'electron_affinity': nan}
2026-01-22 15:58:30,742 - INFO - SELECT fragments.id AS fragments_id, fragments.formula AS fragments_formula, fragments.charge AS fragments_charge, fragments.molecular_weight AS fragments_molecular_weight, fragments.electron_affinity AS fragments_electron_affinity 
FROM fragments 
WHERE fragments.id = %(id_1)s 
 LIMIT %(param_1)s
2026-01-22 15:58:30,743 - INFO - [cached since 0.2086s ago] {'id_1': 45.0, 'param_1': 1}
2026-01-22 15:58:30,744 - INFO - \u2705 Inserted Fragment: {'id': 45.0, 'formula': 'C6H4Cl', 'charge': -1.0, 'electron_affinity': nan, 'molecular_weight': 111.54896000000001}
2026-01-22 15:58:30,745 - INFO - INSERT INTO fragments (id, formula, charge, molecular_weight, electron_affinity) VALUES (%(id)s, %(formula)s, %(charge)s, %(molecular_weight)s, %(electron_affinity)s)
2026-01-22 15:58:30,746 - INFO - [cached since 0.2047s ago] {'id': 45.0, 'formula': 'C6H4Cl', 'charge': -1.0, 'molecular_weight': 111.54896000000001, 'electron_affinity': nan}
2026-01-22 15:58:30,747 - INFO - SELECT fragments.id AS fragments_id, fragments.formula AS fragments_formula, fragments.charge AS fragments_charge, fragments.molecular_weight AS fragments_molecular_weight, fragments.electron_affinity AS fragments_electron_affinity 
FROM fragments 
WHERE fragments.id = %(id_1)s 
 LIMIT %(param_1)s
2026-01-22 15:58:30,747 - INFO - [cached since 0.2128s ago] {'id_1': 46.0, 'param_1': 1}
2026-01-22 15:58:30,748 - INFO - \u2705 Inserted Fragment: {'id': 46.0, 'formula': 'C6H4', 'charge': -1.0, 'electron_affinity': nan, 'molecular_weight': 76.09596}
2026-01-22 15:58:30,750 - INFO - INSERT INTO fragments (id, formula, charge, molecular_weight, electron_affinity) VALUES (%(id)s, %(formula)s, %(charge)s, %(molecular_weight)s, %(electron_affinity)s)
2026-01-22 15:58:30,750 - INFO - [cached since 0.209s ago] {'id': 46.0, 'formula': 'C6H4', 'charge': -1.0, 'molecular_weight': 76.09596, 'electron_affinity': nan}
2026-01-22 15:58:30,751 - INFO - SELECT fragments.id AS fragments_id, fragments.formula AS fragments_formula, fragments.charge AS fragments_charge, fragments.molecular_weight AS fragments_molecular_weight, fragments.electron_affinity AS fragments_electron_affinity 
FROM fragments 
WHERE fragments.id = %(id_1)s 
 LIMIT %(param_1)s
2026-01-22 15:58:30,751 - INFO - [cached since 0.2166s ago] {'id_1': 47.0, 'param_1': 1}
2026-01-22 15:58:30,752 - INFO - \u2705 Inserted Fragment: {'id': 47.0, 'formula': 'FCl', 'charge': -1.0, 'electron_affinity': nan, 'molecular_weight': 54.4514032}
2026-01-22 15:58:30,753 - INFO - INSERT INTO fragments (id, formula, charge, molecular_weight, electron_affinity) VALUES (%(id)s, %(formula)s, %(charge)s, %(molecular_weight)s, %(electron_affinity)s)
2026-01-22 15:58:30,754 - INFO - [cached since 0.2129s ago] {'id': 47.0, 'formula': 'FCl', 'charge': -1.0, 'molecular_weight': 54.4514032, 'electron_affinity': nan}
2026-01-22 15:58:30,755 - INFO - SELECT fragments.id AS fragments_id, fragments.formula AS fragments_formula, fragments.charge AS fragments_charge, fragments.molecular_weight AS fragments_molecular_weight, fragments.electron_affinity AS fragments_electron_affinity 
FROM fragments 
WHERE fragments.id = %(id_1)s 
 LIMIT %(param_1)s
2026-01-22 15:58:30,755 - INFO - [cached since 0.2205s ago] {'id_1': 48.0, 'param_1': 1}
2026-01-22 15:58:30,755 - INFO - \u2705 Inserted Fragment: {'id': 48.0, 'formula': 'CF2Cl', 'charge': -1.0, 'electron_affinity': nan, 'molecular_weight': 85.4605064}
2026-01-22 15:58:30,757 - INFO - INSERT INTO fragments (id, formula, charge, molecular_weight, electron_affinity) VALUES (%(id)s, %(formula)s, %(charge)s, %(molecular_weight)s, %(electron_affinity)s)
2026-01-22 15:58:30,757 - INFO - [cached since 0.2165s ago] {'id': 48.0, 'formula': 'CF2Cl', 'charge': -1.0, 'molecular_weight': 85.4605064, 'electron_affinity': nan}
2026-01-22 15:58:30,759 - INFO - SELECT fragments.id AS fragments_id, fragments.formula AS fragments_formula, fragments.charge AS fragments_charge, fragments.molecular_weight AS fragments_molecular_weight, fragments.electron_affinity AS fragments_electron_affinity 
FROM fragments 
WHERE fragments.id = %(id_1)s 
 LIMIT %(param_1)s
2026-01-22 15:58:30,759 - INFO - [cached since 0.2247s ago] {'id_1': 49.0, 'param_1': 1}
2026-01-22 15:58:30,760 - INFO - \u2705 Inserted Fragment: {'id': 49.0, 'formula': 'C3F7O2', 'charge': -1.0, 'electron_affinity': nan, 'molecular_weight': 201.0197224}
2026-01-22 15:58:30,764 - INFO - INSERT INTO fragments (id, formula, charge, molecular_weight, electron_affinity) VALUES (%(id)s, %(formula)s, %(charge)s, %(molecular_weight)s, %(electron_affinity)s)
2026-01-22 15:58:30,764 - INFO - [cached since 0.223s ago] {'id': 49.0, 'formula': 'C3F7O2', 'charge': -1.0, 'molecular_weight': 201.0197224, 'electron_affinity': nan}
2026-01-22 15:58:30,766 - INFO - SELECT fragments.id AS fragments_id, fragments.formula AS fragments_formula, fragments.charge AS fragments_charge, fragments.molecular_weight AS fragments_molecular_weight, fragments.electron_affinity AS fragments_electron_affinity 
FROM fragments 
WHERE fragments.id = %(id_1)s 
 LIMIT %(param_1)s
2026-01-22 15:58:30,766 - INFO - [cached since 0.2317s ago] {'id_1': 50.0, 'param_1': 1}
2026-01-22 15:58:30,767 - INFO - \u2705 Inserted Fragment: {'id': 50.0, 'formula': 'CFO3', 'charge': -1.0, 'electron_affinity': nan, 'molecular_weight': 79.0073032}
2026-01-22 15:58:30,770 - INFO - INSERT INTO fragments (id, formula, charge, molecular_weight, electron_affinity) VALUES (%(id)s, %(formula)s, %(charge)s, %(molecular_weight)s, %(electron_affinity)s)
2026-01-22 15:58:30,770 - INFO - [cached since 0.2296s ago] {'id': 50.0, 'formula': 'CFO3', 'charge': -1.0, 'molecular_weight': 79.0073032, 'electron_affinity': nan}
2026-01-22 15:58:30,771 - INFO - SELECT fragments.id AS fragments_id, fragments.formula AS fragments_formula, fragments.charge AS fragments_charge, fragments.molecular_weight AS fragments_molecular_weight, fragments.electron_affinity AS fragments_electron_affinity 
FROM fragments 
WHERE fragments.id = %(id_1)s 
 LIMIT %(param_1)s
2026-01-22 15:58:30,772 - INFO - [cached since 0.2374s ago] {'id_1': 51.0, 'param_1': 1}
2026-01-22 15:58:30,772 - INFO - \u2705 Inserted Fragment: {'id': 51.0, 'formula': 'C5F11O3', 'charge': -1.0, 'electron_affinity': nan, 'molecular_weight': 317.0341352}
2026-01-22 15:58:30,774 - INFO - INSERT INTO fragments (id, formula, charge, molecular_weight, electron_affinity) VALUES (%(id)s, %(formula)s, %(charge)s, %(molecular_weight)s, %(electron_affinity)s)
2026-01-22 15:58:30,774 - INFO - [cached since 0.2332s ago] {'id': 51.0, 'formula': 'C5F11O3', 'charge': -1.0, 'molecular_weight': 317.0341352, 'electron_affinity': nan}
2026-01-22 15:58:30,775 - INFO - SELECT fragments.id AS fragments_id, fragments.formula AS fragments_formula, fragments.charge AS fragments_charge, fragments.molecular_weight AS fragments_molecular_weight, fragments.electron_affinity AS fragments_electron_affinity 
FROM fragments 
WHERE fragments.id = %(id_1)s 
 LIMIT %(param_1)s
2026-01-22 15:58:30,775 - INFO - [cached since 0.2408s ago] {'id_1': 52.0, 'param_1': 1}
2026-01-22 15:58:30,776 - INFO - \u2705 Inserted Fragment: {'id': 52.0, 'formula': 'CF3O', 'charge': -1.0, 'electron_affinity': nan, 'molecular_weight': 85.00530959999999}
2026-01-22 15:58:30,777 - INFO - INSERT INTO fragments (id, formula, charge, molecular_weight, electron_affinity) VALUES (%(id)s, %(formula)s, %(charge)s, %(molecular_weight)s, %(electron_affinity)s)
2026-01-22 15:58:30,777 - INFO - [cached since 0.2367s ago] {'id': 52.0, 'formula': 'CF3O', 'charge': -1.0, 'molecular_weight': 85.00530959999999, 'electron_affinity': nan}
2026-01-22 15:58:30,779 - INFO - SELECT fragments.id AS fragments_id, fragments.formula AS fragments_formula, fragments.charge AS fragments_charge, fragments.molecular_weight AS fragments_molecular_weight, fragments.electron_affinity AS fragments_electron_affinity 
FROM fragments 
WHERE fragments.id = %(id_1)s 
 LIMIT %(param_1)s
2026-01-22 15:58:30,779 - INFO - [cached since 0.2446s ago] {'id_1': 53.0, 'param_1': 1}
2026-01-22 15:58:30,780 - INFO - \u2705 Inserted Fragment: {'id': 53.0, 'formula': 'C10F20O5', 'charge': -1.0, 'electron_affinity': nan, 'molecular_weight': 580.072064}
2026-01-22 15:58:30,781 - INFO - INSERT INTO fragments (id, formula, charge, molecular_weight, electron_affinity) VALUES (%(id)s, %(formula)s, %(charge)s, %(molecular_weight)s, %(electron_affinity)s)
2026-01-22 15:58:30,782 - INFO - [cached since 0.2409s ago] {'id': 53.0, 'formula': 'C10F20O5', 'charge': -1.0, 'molecular_weight': 580.072064, 'electron_affinity': nan}
2026-01-22 15:58:30,783 - INFO - SELECT fragments.id AS fragments_id, fragments.formula AS fragments_formula, fragments.charge AS fragments_charge, fragments.molecular_weight AS fragments_molecular_weight, fragments.electron_affinity AS fragments_electron_affinity 
FROM fragments 
WHERE fragments.id = %(id_1)s 
 LIMIT %(param_1)s
2026-01-22 15:58:30,783 - INFO - [cached since 0.2488s ago] {'id_1': 54.0, 'param_1': 1}
2026-01-22 15:58:30,784 - INFO - \u2705 Inserted Fragment: {'id': 54.0, 'formula': 'C8F16O4', 'charge': -1.0, 'electron_affinity': nan, 'molecular_weight': 464.05765119999995}
2026-01-22 15:58:30,785 - INFO - INSERT INTO fragments (id, formula, charge, molecular_weight, electron_affinity) VALUES (%(id)s, %(formula)s, %(charge)s, %(molecular_weight)s, %(electron_affinity)s)
2026-01-22 15:58:30,785 - INFO - [cached since 0.2445s ago] {'id': 54.0, 'formula': 'C8F16O4', 'charge': -1.0, 'molecular_weight': 464.05765119999995, 'electron_affinity': nan}
2026-01-22 15:58:30,786 - INFO - SELECT fragments.id AS fragments_id, fragments.formula AS fragments_formula, fragments.charge AS fragments_charge, fragments.molecular_weight AS fragments_molecular_weight, fragments.electron_affinity AS fragments_electron_affinity 
FROM fragments 
WHERE fragments.id = %(id_1)s 
 LIMIT %(param_1)s
2026-01-22 15:58:30,786 - INFO - [cached since 0.252s ago] {'id_1': 55.0, 'param_1': 1}
2026-01-22 15:58:30,787 - INFO - \u2705 Inserted Fragment: {'id': 55.0, 'formula': 'C2F5O', 'charge': -1.0, 'electron_affinity': nan, 'molecular_weight': 135.012816}
2026-01-22 15:58:30,788 - INFO - INSERT INTO fragments (id, formula, charge, molecular_weight, electron_affinity) VALUES (%(id)s, %(formula)s, %(charge)s, %(molecular_weight)s, %(electron_affinity)s)
2026-01-22 15:58:30,788 - INFO - [cached since 0.2473s ago] {'id': 55.0, 'formula': 'C2F5O', 'charge': -1.0, 'molecular_weight': 135.012816, 'electron_affinity': nan}
2026-01-22 15:58:30,789 - INFO - SELECT fragments.id AS fragments_id, fragments.formula AS fragments_formula, fragments.charge AS fragments_charge, fragments.molecular_weight AS fragments_molecular_weight, fragments.electron_affinity AS fragments_electron_affinity 
FROM fragments 
WHERE fragments.id = %(id_1)s 
 LIMIT %(param_1)s
2026-01-22 15:58:30,789 - INFO - [cached since 0.2548s ago] {'id_1': 56.0, 'param_1': 1}
2026-01-22 15:58:30,789 - INFO - \u2705 Inserted Fragment: {'id': 56.0, 'formula': 'C6F5', 'charge': -1.0, 'electron_affinity': nan, 'molecular_weight': 167.056216}
2026-01-22 15:58:30,791 - INFO - INSERT INTO fragments (id, formula, charge, molecular_weight, electron_affinity) VALUES (%(id)s, %(formula)s, %(charge)s, %(molecular_weight)s, %(electron_affinity)s)
2026-01-22 15:58:30,791 - INFO - [cached since 0.2501s ago] {'id': 56.0, 'formula': 'C6F5', 'charge': -1.0, 'molecular_weight': 167.056216, 'electron_affinity': nan}
2026-01-22 15:58:30,792 - INFO - SELECT fragments.id AS fragments_id, fragments.formula AS fragments_formula, fragments.charge AS fragments_charge, fragments.molecular_weight AS fragments_molecular_weight, fragments.electron_affinity AS fragments_electron_affinity 
FROM fragments 
WHERE fragments.id = %(id_1)s 
 LIMIT %(param_1)s
2026-01-22 15:58:30,792 - INFO - [cached since 0.2575s ago] {'id_1': 57.0, 'param_1': 1}
2026-01-22 15:58:30,792 - INFO - \u2705 Inserted Fragment: {'id': 57.0, 'formula': 'C5F5', 'charge': -1.0, 'electron_affinity': nan, 'molecular_weight': 155.045516}
2026-01-22 15:58:30,794 - INFO - INSERT INTO fragments (id, formula, charge, molecular_weight, electron_affinity) VALUES (%(id)s, %(formula)s, %(charge)s, %(molecular_weight)s, %(electron_affinity)s)
2026-01-22 15:58:30,794 - INFO - [cached since 0.2537s ago] {'id': 57.0, 'formula': 'C5F5', 'charge': -1.0, 'molecular_weight': 155.045516, 'electron_affinity': nan}
2026-01-22 15:58:30,795 - INFO - SELECT fragments.id AS fragments_id, fragments.formula AS fragments_formula, fragments.charge AS fragments_charge, fragments.molecular_weight AS fragments_molecular_weight, fragments.electron_affinity AS fragments_electron_affinity 
FROM fragments 
WHERE fragments.id = %(id_1)s 
 LIMIT %(param_1)s
2026-01-22 15:58:30,795 - INFO - [cached since 0.2612s ago] {'id_1': 58.0, 'param_1': 1}
2026-01-22 15:58:30,796 - INFO - \u2705 Inserted Fragment: {'id': 58.0, 'formula': 'C5F4', 'charge': -1.0, 'electron_affinity': nan, 'molecular_weight': 136.04711279999998}
2026-01-22 15:58:30,798 - INFO - INSERT INTO fragments (id, formula, charge, molecular_weight, electron_affinity) VALUES (%(id)s, %(formula)s, %(charge)s, %(molecular_weight)s, %(electron_affinity)s)
2026-01-22 15:58:30,798 - INFO - [cached since 0.2573s ago] {'id': 58.0, 'formula': 'C5F4', 'charge': -1.0, 'molecular_weight': 136.04711279999998, 'electron_affinity': nan}
2026-01-22 15:58:30,800 - INFO - SELECT fragments.id AS fragments_id, fragments.formula AS fragments_formula, fragments.charge AS fragments_charge, fragments.molecular_weight AS fragments_molecular_weight, fragments.electron_affinity AS fragments_electron_affinity 
FROM fragments 
WHERE fragments.id = %(id_1)s 
 LIMIT %(param_1)s
2026-01-22 15:58:30,800 - INFO - [cached since 0.2661s ago] {'id_1': 59.0, 'param_1': 1}
2026-01-22 15:58:30,802 - INFO - \u2705 Inserted Fragment: {'id': 59.0, 'formula': 'C5F3', 'charge': -1.0, 'electron_affinity': nan, 'molecular_weight': 117.0487096}
2026-01-22 15:58:30,804 - INFO - INSERT INTO fragments (id, formula, charge, molecular_weight, electron_affinity) VALUES (%(id)s, %(formula)s, %(charge)s, %(molecular_weight)s, %(electron_affinity)s)
2026-01-22 15:58:30,805 - INFO - [cached since 0.264s ago] {'id': 59.0, 'formula': 'C5F3', 'charge': -1.0, 'molecular_weight': 117.0487096, 'electron_affinity': nan}
2026-01-22 15:58:30,807 - INFO - SELECT fragments.id AS fragments_id, fragments.formula AS fragments_formula, fragments.charge AS fragments_charge, fragments.molecular_weight AS fragments_molecular_weight, fragments.electron_affinity AS fragments_electron_affinity 
FROM fragments 
WHERE fragments.id = %(id_1)s 
 LIMIT %(param_1)s
2026-01-22 15:58:30,807 - INFO - [cached since 0.2731s ago] {'id_1': 60.0, 'param_1': 1}
2026-01-22 15:58:30,809 - INFO - \u2705 Inserted Fragment: {'id': 60.0, 'formula': 'C3F3', 'charge': -1.0, 'electron_affinity': nan, 'molecular_weight': 93.0273096}
2026-01-22 15:58:30,810 - INFO - INSERT INTO fragments (id, formula, charge, molecular_weight, electron_affinity) VALUES (%(id)s, %(formula)s, %(charge)s, %(molecular_weight)s, %(electron_affinity)s)
2026-01-22 15:58:30,811 - INFO - [cached since 0.2699s ago] {'id': 60.0, 'formula': 'C3F3', 'charge': -1.0, 'molecular_weight': 93.0273096, 'electron_affinity': nan}
2026-01-22 15:58:30,812 - INFO - SELECT fragments.id AS fragments_id, fragments.formula AS fragments_formula, fragments.charge AS fragments_charge, fragments.molecular_weight AS fragments_molecular_weight, fragments.electron_affinity AS fragments_electron_affinity 
FROM fragments 
WHERE fragments.id = %(id_1)s 
 LIMIT %(param_1)s
2026-01-22 15:58:30,812 - INFO - [cached since 0.278s ago] {'id_1': 61.0, 'param_1': 1}
2026-01-22 15:58:30,813 - INFO - \u2705 Inserted Fragment: {'id': 61.0, 'formula': 'O', 'charge': -1.0, 'electron_affinity': nan, 'molecular_weight': 15.9994}
2026-01-22 15:58:30,814 - INFO - INSERT INTO fragments (id, formula, charge, molecular_weight, electron_affinity) VALUES (%(id)s, %(formula)s, %(charge)s, %(molecular_weight)s, %(electron_affinity)s)
2026-01-22 15:58:30,815 - INFO - [cached since 0.2738s ago] {'id': 61.0, 'formula': 'O', 'charge': -1.0, 'molecular_weight': 15.9994, 'electron_affinity': nan}
2026-01-22 15:58:30,816 - INFO - SELECT fragments.id AS fragments_id, fragments.formula AS fragments_formula, fragments.charge AS fragments_charge, fragments.molecular_weight AS fragments_molecular_weight, fragments.electron_affinity AS fragments_electron_affinity 
FROM fragments 
WHERE fragments.id = %(id_1)s 
 LIMIT %(param_1)s
2026-01-22 15:58:30,816 - INFO - [cached since 0.2816s ago] {'id_1': 62.0, 'param_1': 1}
2026-01-22 15:58:30,816 - INFO - \u2705 Inserted Fragment: {'id': 62.0, 'formula': 'CN', 'charge': -1.0, 'electron_affinity': nan, 'molecular_weight': 26.017400000000002}
2026-01-22 15:58:30,818 - INFO - INSERT INTO fragments (id, formula, charge, molecular_weight, electron_affinity) VALUES (%(id)s, %(formula)s, %(charge)s, %(molecular_weight)s, %(electron_affinity)s)
2026-01-22 15:58:30,818 - INFO - [cached since 0.2773s ago] {'id': 62.0, 'formula': 'CN', 'charge': -1.0, 'molecular_weight': 26.017400000000002, 'electron_affinity': nan}
2026-01-22 15:58:30,819 - INFO - SELECT fragments.id AS fragments_id, fragments.formula AS fragments_formula, fragments.charge AS fragments_charge, fragments.molecular_weight AS fragments_molecular_weight, fragments.electron_affinity AS fragments_electron_affinity 
FROM fragments 
WHERE fragments.id = %(id_1)s 
 LIMIT %(param_1)s
2026-01-22 15:58:30,819 - INFO - [cached since 0.2848s ago] {'id_1': 63.0, 'param_1': 1}
2026-01-22 15:58:30,820 - INFO - \u2705 Inserted Fragment: {'id': 63.0, 'formula': 'C6F5CN', 'charge': -1.0, 'electron_affinity': nan, 'molecular_weight': 193.073616}
2026-01-22 15:58:30,821 - INFO - INSERT INTO fragments (id, formula, charge, molecular_weight, electron_affinity) VALUES (%(id)s, %(formula)s, %(charge)s, %(molecular_weight)s, %(electron_affinity)s)
2026-01-22 15:58:30,821 - INFO - [cached since 0.2804s ago] {'id': 63.0, 'formula': 'C6F5CN', 'charge': -1.0, 'molecular_weight': 193.073616, 'electron_affinity': nan}
2026-01-22 15:58:30,822 - INFO - SELECT fragments.id AS fragments_id, fragments.formula AS fragments_formula, fragments.charge AS fragments_charge, fragments.molecular_weight AS fragments_molecular_weight, fragments.electron_affinity AS fragments_electron_affinity 
FROM fragments 
WHERE fragments.id = %(id_1)s 
 LIMIT %(param_1)s
2026-01-22 15:58:30,822 - INFO - [cached since 0.2882s ago] {'id_1': 64.0, 'param_1': 1}
2026-01-22 15:58:30,823 - INFO - \u2705 Inserted Fragment: {'id': 64.0, 'formula': 'C6F4CN', 'charge': -1.0, 'electron_affinity': nan, 'molecular_weight': 174.0752128}
2026-01-22 15:58:30,825 - INFO - INSERT INTO fragments (id, formula, charge, molecular_weight, electron_affinity) VALUES (%(id)s, %(formula)s, %(charge)s, %(molecular_weight)s, %(electron_affinity)s)
2026-01-22 15:58:30,825 - INFO - [cached since 0.2841s ago] {'id': 64.0, 'formula': 'C6F4CN', 'charge': -1.0, 'molecular_weight': 174.0752128, 'electron_affinity': nan}
2026-01-22 15:58:30,826 - INFO - SELECT fragments.id AS fragments_id, fragments.formula AS fragments_formula, fragments.charge AS fragments_charge, fragments.molecular_weight AS fragments_molecular_weight, fragments.electron_affinity AS fragments_electron_affinity 
FROM fragments 
WHERE fragments.id = %(id_1)s 
 LIMIT %(param_1)s
2026-01-22 15:58:30,826 - INFO - [cached since 0.2917s ago] {'id_1': 65.0, 'param_1': 1}
2026-01-22 15:58:30,826 - INFO - \u2705 Inserted Fragment: {'id': 65.0, 'formula': 'C3H6ClO', 'charge': -1.0, 'electron_affinity': nan, 'molecular_weight': 93.53214}
2026-01-22 15:58:30,828 - INFO - INSERT INTO fragments (id, formula, charge, molecular_weight, electron_affinity) VALUES (%(id)s, %(formula)s, %(charge)s, %(molecular_weight)s, %(electron_affinity)s)
2026-01-22 15:58:30,828 - INFO - [cached since 0.2876s ago] {'id': 65.0, 'formula': 'C3H6ClO', 'charge': -1.0, 'molecular_weight': 93.53214, 'electron_affinity': nan}
2026-01-22 15:58:30,829 - INFO - SELECT fragments.id AS fragments_id, fragments.formula AS fragments_formula, fragments.charge AS fragments_charge, fragments.molecular_weight AS fragments_molecular_weight, fragments.electron_affinity AS fragments_electron_affinity 
FROM fragments 
WHERE fragments.id = %(id_1)s 
 LIMIT %(param_1)s
2026-01-22 15:58:30,829 - INFO - [cached since 0.2953s ago] {'id_1': 66.0, 'param_1': 1}
2026-01-22 15:58:30,830 - INFO - \u2705 Inserted Fragment: {'id': 66.0, 'formula': 'OH', 'charge': -1.0, 'electron_affinity': nan, 'molecular_weight': 17.00734}
2026-01-22 15:58:30,833 - INFO - INSERT INTO fragments (id, formula, charge, molecular_weight, electron_affinity) VALUES (%(id)s, %(formula)s, %(charge)s, %(molecular_weight)s, %(electron_affinity)s)
2026-01-22 15:58:30,833 - INFO - [cached since 0.2921s ago] {'id': 66.0, 'formula': 'OH', 'charge': -1.0, 'molecular_weight': 17.00734, 'electron_affinity': nan}
2026-01-22 15:58:30,834 - INFO - SELECT fragments.id AS fragments_id, fragments.formula AS fragments_formula, fragments.charge AS fragments_charge, fragments.molecular_weight AS fragments_molecular_weight, fragments.electron_affinity AS fragments_electron_affinity 
FROM fragments 
WHERE fragments.id = %(id_1)s 
 LIMIT %(param_1)s
2026-01-22 15:58:30,835 - INFO - [cached since 0.3006s ago] {'id_1': 67.0, 'param_1': 1}
2026-01-22 15:58:30,837 - INFO - \u2705 Inserted Fragment: {'id': 67.0, 'formula': 'C3H6ClO2', 'charge': -1.0, 'electron_affinity': nan, 'molecular_weight': 109.53154}
2026-01-22 15:58:30,839 - INFO - INSERT INTO fragments (id, formula, charge, molecular_weight, electron_affinity) VALUES (%(id)s, %(formula)s, %(charge)s, %(molecular_weight)s, %(electron_affinity)s)
2026-01-22 15:58:30,840 - INFO - [cached since 0.2988s ago] {'id': 67.0, 'formula': 'C3H6ClO2', 'charge': -1.0, 'molecular_weight': 109.53154, 'electron_affinity': nan}
2026-01-22 15:58:30,842 - INFO - SELECT fragments.id AS fragments_id, fragments.formula AS fragments_formula, fragments.charge AS fragments_charge, fragments.molecular_weight AS fragments_molecular_weight, fragments.electron_affinity AS fragments_electron_affinity 
FROM fragments 
WHERE fragments.id = %(id_1)s 
 LIMIT %(param_1)s
2026-01-22 15:58:30,842 - INFO - [cached since 0.3077s ago] {'id_1': 68.0, 'param_1': 1}
2026-01-22 15:58:30,843 - INFO - \u2705 Inserted Fragment: {'id': 68.0, 'formula': 'C3H5Cl2O', 'charge': -1.0, 'electron_affinity': nan, 'molecular_weight': 127.9772}
2026-01-22 15:58:30,846 - INFO - INSERT INTO fragments (id, formula, charge, molecular_weight, electron_affinity) VALUES (%(id)s, %(formula)s, %(charge)s, %(molecular_weight)s, %(electron_affinity)s)
2026-01-22 15:58:30,846 - INFO - [cached since 0.3054s ago] {'id': 68.0, 'formula': 'C3H5Cl2O', 'charge': -1.0, 'molecular_weight': 127.9772, 'electron_affinity': nan}
2026-01-22 15:58:30,848 - INFO - SELECT fragments.id AS fragments_id, fragments.formula AS fragments_formula, fragments.charge AS fragments_charge, fragments.molecular_weight AS fragments_molecular_weight, fragments.electron_affinity AS fragments_electron_affinity 
FROM fragments 
WHERE fragments.id = %(id_1)s 
 LIMIT %(param_1)s
2026-01-22 15:58:30,848 - INFO - [cached since 0.3138s ago] {'id_1': 69.0, 'param_1': 1}
2026-01-22 15:58:30,849 - INFO - \u2705 Inserted Fragment: {'id': 69.0, 'formula': 'C2H5Cl2', 'charge': -1.0, 'electron_affinity': nan, 'molecular_weight': 99.9671}
2026-01-22 15:58:30,852 - INFO - INSERT INTO fragments (id, formula, charge, molecular_weight, electron_affinity) VALUES (%(id)s, %(formula)s, %(charge)s, %(molecular_weight)s, %(electron_affinity)s)
2026-01-22 15:58:30,853 - INFO - [cached since 0.3119s ago] {'id': 69.0, 'formula': 'C2H5Cl2', 'charge': -1.0, 'molecular_weight': 99.9671, 'electron_affinity': nan}
2026-01-22 15:58:30,854 - INFO - SELECT fragments.id AS fragments_id, fragments.formula AS fragments_formula, fragments.charge AS fragments_charge, fragments.molecular_weight AS fragments_molecular_weight, fragments.electron_affinity AS fragments_electron_affinity 
FROM fragments 
WHERE fragments.id = %(id_1)s 
 LIMIT %(param_1)s
2026-01-22 15:58:30,854 - INFO - [cached since 0.3202s ago] {'id_1': 70.0, 'param_1': 1}
2026-01-22 15:58:30,855 - INFO - \u2705 Inserted Fragment: {'id': 70.0, 'formula': 'C3H6ClO', 'charge': -1.0, 'electron_affinity': nan, 'molecular_weight': 93.53214}
2026-01-22 15:58:30,857 - INFO - INSERT INTO fragments (id, formula, charge, molecular_weight, electron_affinity) VALUES (%(id)s, %(formula)s, %(charge)s, %(molecular_weight)s, %(electron_affinity)s)
2026-01-22 15:58:30,857 - INFO - [cached since 0.3166s ago] {'id': 70.0, 'formula': 'C3H6ClO', 'charge': -1.0, 'molecular_weight': 93.53214, 'electron_affinity': nan}
2026-01-22 15:58:30,858 - INFO - SELECT fragments.id AS fragments_id, fragments.formula AS fragments_formula, fragments.charge AS fragments_charge, fragments.molecular_weight AS fragments_molecular_weight, fragments.electron_affinity AS fragments_electron_affinity 
FROM fragments 
WHERE fragments.id = %(id_1)s 
 LIMIT %(param_1)s
2026-01-22 15:58:30,859 - INFO - [cached since 0.3244s ago] {'id_1': 71.0, 'param_1': 1}
2026-01-22 15:58:30,859 - INFO - \u2705 Inserted Fragment: {'id': 71.0, 'formula': 'C3H5ClO', 'charge': -1.0, 'electron_affinity': nan, 'molecular_weight': 92.5242}
2026-01-22 15:58:30,861 - INFO - INSERT INTO fragments (id, formula, charge, molecular_weight, electron_affinity) VALUES (%(id)s, %(formula)s, %(charge)s, %(molecular_weight)s, %(electron_affinity)s)
2026-01-22 15:58:30,861 - INFO - [cached since 0.3201s ago] {'id': 71.0, 'formula': 'C3H5ClO', 'charge': -1.0, 'molecular_weight': 92.5242, 'electron_affinity': nan}
2026-01-22 15:58:30,862 - INFO - SELECT fragments.id AS fragments_id, fragments.formula AS fragments_formula, fragments.charge AS fragments_charge, fragments.molecular_weight AS fragments_molecular_weight, fragments.electron_affinity AS fragments_electron_affinity 
FROM fragments 
WHERE fragments.id = %(id_1)s 
 LIMIT %(param_1)s
2026-01-22 15:58:30,862 - INFO - [cached since 0.3278s ago] {'id_1': 72.0, 'param_1': 1}
2026-01-22 15:58:30,863 - INFO - \u2705 Inserted Fragment: {'id': 72.0, 'formula': 'Cl2H', 'charge': -1.0, 'electron_affinity': nan, 'molecular_weight': 71.91394000000001}
2026-01-22 15:58:30,865 - INFO - INSERT INTO fragments (id, formula, charge, molecular_weight, electron_affinity) VALUES (%(id)s, %(formula)s, %(charge)s, %(molecular_weight)s, %(electron_affinity)s)
2026-01-22 15:58:30,865 - INFO - [cached since 0.3241s ago] {'id': 72.0, 'formula': 'Cl2H', 'charge': -1.0, 'molecular_weight': 71.91394000000001, 'electron_affinity': nan}
2026-01-22 15:58:30,866 - INFO - SELECT fragments.id AS fragments_id, fragments.formula AS fragments_formula, fragments.charge AS fragments_charge, fragments.molecular_weight AS fragments_molecular_weight, fragments.electron_affinity AS fragments_electron_affinity 
FROM fragments 
WHERE fragments.id = %(id_1)s 
 LIMIT %(param_1)s
2026-01-22 15:58:30,866 - INFO - [cached since 0.3323s ago] {'id_1': 73.0, 'param_1': 1}
2026-01-22 15:58:30,867 - INFO - \u2705 Inserted Fragment: {'id': 73.0, 'formula': 'Cl2', 'charge': -1.0, 'electron_affinity': nan, 'molecular_weight': 70.906}
2026-01-22 15:58:30,869 - INFO - INSERT INTO fragments (id, formula, charge, molecular_weight, electron_affinity) VALUES (%(id)s, %(formula)s, %(charge)s, %(molecular_weight)s, %(electron_affinity)s)
2026-01-22 15:58:30,870 - INFO - [cached since 0.3288s ago] {'id': 73.0, 'formula': 'Cl2', 'charge': -1.0, 'molecular_weight': 70.906, 'electron_affinity': nan}
2026-01-22 15:58:30,871 - INFO - SELECT fragments.id AS fragments_id, fragments.formula AS fragments_formula, fragments.charge AS fragments_charge, fragments.molecular_weight AS fragments_molecular_weight, fragments.electron_affinity AS fragments_electron_affinity 
FROM fragments 
WHERE fragments.id = %(id_1)s 
 LIMIT %(param_1)s
2026-01-22 15:58:30,872 - INFO - [cached since 0.3374s ago] {'id_1': 74.0, 'param_1': 1}
2026-01-22 15:58:30,873 - INFO - \u2705 Inserted Fragment: {'id': 74.0, 'formula': 'ClOH', 'charge': -1.0, 'electron_affinity': nan, 'molecular_weight': 52.46034}
2026-01-22 15:58:30,875 - INFO - INSERT INTO fragments (id, formula, charge, molecular_weight, electron_affinity) VALUES (%(id)s, %(formula)s, %(charge)s, %(molecular_weight)s, %(electron_affinity)s)
2026-01-22 15:58:30,875 - INFO - [cached since 0.3345s ago] {'id': 74.0, 'formula': 'ClOH', 'charge': -1.0, 'molecular_weight': 52.46034, 'electron_affinity': nan}
2026-01-22 15:58:30,876 - INFO - SELECT fragments.id AS fragments_id, fragments.formula AS fragments_formula, fragments.charge AS fragments_charge, fragments.molecular_weight AS fragments_molecular_weight, fragments.electron_affinity AS fragments_electron_affinity 
FROM fragments 
WHERE fragments.id = %(id_1)s 
 LIMIT %(param_1)s
2026-01-22 15:58:30,877 - INFO - [cached since 0.3426s ago] {'id_1': 75.0, 'param_1': 1}
2026-01-22 15:58:30,878 - INFO - \u2705 Inserted Fragment: {'id': 75.0, 'formula': 'C2H5O', 'charge': -1.0, 'electron_affinity': nan, 'molecular_weight': 45.0605}
2026-01-22 15:58:30,880 - INFO - INSERT INTO fragments (id, formula, charge, molecular_weight, electron_affinity) VALUES (%(id)s, %(formula)s, %(charge)s, %(molecular_weight)s, %(electron_affinity)s)
2026-01-22 15:58:30,880 - INFO - [cached since 0.3396s ago] {'id': 75.0, 'formula': 'C2H5O', 'charge': -1.0, 'molecular_weight': 45.0605, 'electron_affinity': nan}
2026-01-22 15:58:30,882 - INFO - SELECT fragments.id AS fragments_id, fragments.formula AS fragments_formula, fragments.charge AS fragments_charge, fragments.molecular_weight AS fragments_molecular_weight, fragments.electron_affinity AS fragments_electron_affinity 
FROM fragments 
WHERE fragments.id = %(id_1)s 
 LIMIT %(param_1)s
2026-01-22 15:58:30,882 - INFO - [cached since 0.3478s ago] {'id_1': 76.0, 'param_1': 1}
2026-01-22 15:58:30,883 - INFO - \u2705 Inserted Fragment: {'id': 76.0, 'formula': 'C6H4BrO', 'charge': -1.0, 'electron_affinity': nan, 'molecular_weight': 171.99936}
2026-01-22 15:58:30,885 - INFO - INSERT INTO fragments (id, formula, charge, molecular_weight, electron_affinity) VALUES (%(id)s, %(formula)s, %(charge)s, %(molecular_weight)s, %(electron_affinity)s)
2026-01-22 15:58:30,885 - INFO - [cached since 0.3442s ago] {'id': 76.0, 'formula': 'C6H4BrO', 'charge': -1.0, 'molecular_weight': 171.99936, 'electron_affinity': nan}
2026-01-22 15:58:30,886 - INFO - SELECT fragments.id AS fragments_id, fragments.formula AS fragments_formula, fragments.charge AS fragments_charge, fragments.molecular_weight AS fragments_molecular_weight, fragments.electron_affinity AS fragments_electron_affinity 
FROM fragments 
WHERE fragments.id = %(id_1)s 
 LIMIT %(param_1)s
2026-01-22 15:58:30,886 - INFO - [cached since 0.352s ago] {'id_1': 77.0, 'param_1': 1}
2026-01-22 15:58:30,887 - INFO - \u2705 Inserted Fragment: {'id': 77.0, 'formula': 'C12H9O', 'charge': -1.0, 'electron_affinity': nan, 'molecular_weight': 169.19926}
2026-01-22 15:58:30,889 - INFO - INSERT INTO fragments (id, formula, charge, molecular_weight, electron_affinity) VALUES (%(id)s, %(formula)s, %(charge)s, %(molecular_weight)s, %(electron_affinity)s)
2026-01-22 15:58:30,889 - INFO - [cached since 0.3482s ago] {'id': 77.0, 'formula': 'C12H9O', 'charge': -1.0, 'molecular_weight': 169.19926, 'electron_affinity': nan}
2026-01-22 15:58:30,890 - INFO - SELECT fragments.id AS fragments_id, fragments.formula AS fragments_formula, fragments.charge AS fragments_charge, fragments.molecular_weight AS fragments_molecular_weight, fragments.electron_affinity AS fragments_electron_affinity 
FROM fragments 
WHERE fragments.id = %(id_1)s 
 LIMIT %(param_1)s
2026-01-22 15:58:30,890 - INFO - [cached since 0.3559s ago] {'id_1': 78.0, 'param_1': 1}
2026-01-22 15:58:30,891 - INFO - \u2705 Inserted Fragment: {'id': 78.0, 'formula': 'C6H5O', 'charge': -1.0, 'electron_affinity': nan, 'molecular_weight': 93.10329999999999}
2026-01-22 15:58:30,893 - INFO - INSERT INTO fragments (id, formula, charge, molecular_weight, electron_affinity) VALUES (%(id)s, %(formula)s, %(charge)s, %(molecular_weight)s, %(electron_affinity)s)
2026-01-22 15:58:30,893 - INFO - [cached since 0.3521s ago] {'id': 78.0, 'formula': 'C6H5O', 'charge': -1.0, 'molecular_weight': 93.10329999999999, 'electron_affinity': nan}
2026-01-22 15:58:30,894 - INFO - SELECT fragments.id AS fragments_id, fragments.formula AS fragments_formula, fragments.charge AS fragments_charge, fragments.molecular_weight AS fragments_molecular_weight, fragments.electron_affinity AS fragments_electron_affinity 
FROM fragments 
WHERE fragments.id = %(id_1)s 
 LIMIT %(param_1)s
2026-01-22 15:58:30,894 - INFO - [cached since 0.3602s ago] {'id_1': 79.0, 'param_1': 1}
2026-01-22 15:58:30,895 - INFO - \u2705 Inserted Fragment: {'id': 79.0, 'formula': 'C6H5', 'charge': -1.0, 'electron_affinity': nan, 'molecular_weight': 77.1039}
2026-01-22 15:58:30,897 - INFO - INSERT INTO fragments (id, formula, charge, molecular_weight, electron_affinity) VALUES (%(id)s, %(formula)s, %(charge)s, %(molecular_weight)s, %(electron_affinity)s)
2026-01-22 15:58:30,897 - INFO - [cached since 0.3566s ago] {'id': 79.0, 'formula': 'C6H5', 'charge': -1.0, 'molecular_weight': 77.1039, 'electron_affinity': nan}
2026-01-22 15:58:30,899 - INFO - SELECT fragments.id AS fragments_id, fragments.formula AS fragments_formula, fragments.charge AS fragments_charge, fragments.molecular_weight AS fragments_molecular_weight, fragments.electron_affinity AS fragments_electron_affinity 
FROM fragments 
WHERE fragments.id = %(id_1)s 
 LIMIT %(param_1)s
2026-01-22 15:58:30,899 - INFO - [cached since 0.3647s ago] {'id_1': 80.0, 'param_1': 1}
2026-01-22 15:58:30,900 - INFO - \u2705 Inserted Fragment: {'id': 80.0, 'formula': 'C12H8BrO', 'charge': -1.0, 'electron_affinity': nan, 'molecular_weight': 248.09532000000002}
2026-01-22 15:58:30,903 - INFO - INSERT INTO fragments (id, formula, charge, molecular_weight, electron_affinity) VALUES (%(id)s, %(formula)s, %(charge)s, %(molecular_weight)s, %(electron_affinity)s)
2026-01-22 15:58:30,903 - INFO - [cached since 0.3622s ago] {'id': 80.0, 'formula': 'C12H8BrO', 'charge': -1.0, 'molecular_weight': 248.09532000000002, 'electron_affinity': nan}
2026-01-22 15:58:30,904 - INFO - SELECT fragments.id AS fragments_id, fragments.formula AS fragments_formula, fragments.charge AS fragments_charge, fragments.molecular_weight AS fragments_molecular_weight, fragments.electron_affinity AS fragments_electron_affinity 
FROM fragments 
WHERE fragments.id = %(id_1)s 
 LIMIT %(param_1)s
2026-01-22 15:58:30,904 - INFO - [cached since 0.3701s ago] {'id_1': 81.0, 'param_1': 1}
2026-01-22 15:58:30,905 - INFO - \u2705 Inserted Fragment: {'id': 81.0, 'formula': 'BrC6H4O', 'charge': -1.0, 'electron_affinity': nan, 'molecular_weight': 171.99936}
2026-01-22 15:58:30,906 - INFO - INSERT INTO fragments (id, formula, charge, molecular_weight, electron_affinity) VALUES (%(id)s, %(formula)s, %(charge)s, %(molecular_weight)s, %(electron_affinity)s)
2026-01-22 15:58:30,907 - INFO - [cached since 0.3658s ago] {'id': 81.0, 'formula': 'BrC6H4O', 'charge': -1.0, 'molecular_weight': 171.99936, 'electron_affinity': nan}
2026-01-22 15:58:30,908 - INFO - SELECT fragments.id AS fragments_id, fragments.formula AS fragments_formula, fragments.charge AS fragments_charge, fragments.molecular_weight AS fragments_molecular_weight, fragments.electron_affinity AS fragments_electron_affinity 
FROM fragments 
WHERE fragments.id = %(id_1)s 
 LIMIT %(param_1)s
2026-01-22 15:58:30,908 - INFO - [cached since 0.3743s ago] {'id_1': 82.0, 'param_1': 1}
2026-01-22 15:58:30,910 - INFO - \u2705 Inserted Fragment: {'id': 82.0, 'formula': 'Br2', 'charge': -1.0, 'electron_affinity': nan, 'molecular_weight': 159.808}
2026-01-22 15:58:30,912 - INFO - INSERT INTO fragments (id, formula, charge, molecular_weight, electron_affinity) VALUES (%(id)s, %(formula)s, %(charge)s, %(molecular_weight)s, %(electron_affinity)s)
2026-01-22 15:58:30,912 - INFO - [cached since 0.3709s ago] {'id': 82.0, 'formula': 'Br2', 'charge': -1.0, 'molecular_weight': 159.808, 'electron_affinity': nan}
2026-01-22 15:58:30,913 - INFO - SELECT fragments.id AS fragments_id, fragments.formula AS fragments_formula, fragments.charge AS fragments_charge, fragments.molecular_weight AS fragments_molecular_weight, fragments.electron_affinity AS fragments_electron_affinity 
FROM fragments 
WHERE fragments.id = %(id_1)s 
 LIMIT %(param_1)s
2026-01-22 15:58:30,913 - INFO - [cached since 0.379s ago] {'id_1': 83.0, 'param_1': 1}
2026-01-22 15:58:30,914 - INFO - \u2705 Inserted Fragment: {'id': 83.0, 'formula': 'C12H8Br2O', 'charge': -1.0, 'electron_affinity': nan, 'molecular_weight': 327.99931999999995}
2026-01-22 15:58:30,916 - INFO - INSERT INTO fragments (id, formula, charge, molecular_weight, electron_affinity) VALUES (%(id)s, %(formula)s, %(charge)s, %(molecular_weight)s, %(electron_affinity)s)
2026-01-22 15:58:30,916 - INFO - [cached since 0.3753s ago] {'id': 83.0, 'formula': 'C12H8Br2O', 'charge': -1.0, 'molecular_weight': 327.99931999999995, 'electron_affinity': nan}
2026-01-22 15:58:30,917 - INFO - SELECT fragments.id AS fragments_id, fragments.formula AS fragments_formula, fragments.charge AS fragments_charge, fragments.molecular_weight AS fragments_molecular_weight, fragments.electron_affinity AS fragments_electron_affinity 
FROM fragments 
WHERE fragments.id = %(id_1)s 
 LIMIT %(param_1)s
2026-01-22 15:58:30,917 - INFO - [cached since 0.3831s ago] {'id_1': 84.0, 'param_1': 1}
2026-01-22 15:58:30,918 - INFO - \u2705 Inserted Fragment: {'id': 84.0, 'formula': 'C12Br10O', 'charge': -1.0, 'electron_affinity': nan, 'molecular_weight': 959.1678}
2026-01-22 15:58:30,919 - INFO - INSERT INTO fragments (id, formula, charge, molecular_weight, electron_affinity) VALUES (%(id)s, %(formula)s, %(charge)s, %(molecular_weight)s, %(electron_affinity)s)
2026-01-22 15:58:30,920 - INFO - [cached since 0.3788s ago] {'id': 84.0, 'formula': 'C12Br10O', 'charge': -1.0, 'molecular_weight': 959.1678, 'electron_affinity': nan}
2026-01-22 15:58:30,921 - INFO - SELECT fragments.id AS fragments_id, fragments.formula AS fragments_formula, fragments.charge AS fragments_charge, fragments.molecular_weight AS fragments_molecular_weight, fragments.electron_affinity AS fragments_electron_affinity 
FROM fragments 
WHERE fragments.id = %(id_1)s 
 LIMIT %(param_1)s
2026-01-22 15:58:30,921 - INFO - [cached since 0.3867s ago] {'id_1': 85.0, 'param_1': 1}
2026-01-22 15:58:30,922 - INFO - \u2705 Inserted Fragment: {'id': 85.0, 'formula': 'C12Br9O', 'charge': -1.0, 'electron_affinity': nan, 'molecular_weight': 879.2638000000001}
2026-01-22 15:58:30,923 - INFO - INSERT INTO fragments (id, formula, charge, molecular_weight, electron_affinity) VALUES (%(id)s, %(formula)s, %(charge)s, %(molecular_weight)s, %(electron_affinity)s)
2026-01-22 15:58:30,923 - INFO - [cached since 0.3825s ago] {'id': 85.0, 'formula': 'C12Br9O', 'charge': -1.0, 'molecular_weight': 879.2638000000001, 'electron_affinity': nan}
2026-01-22 15:58:30,924 - INFO - SELECT fragments.id AS fragments_id, fragments.formula AS fragments_formula, fragments.charge AS fragments_charge, fragments.molecular_weight AS fragments_molecular_weight, fragments.electron_affinity AS fragments_electron_affinity 
FROM fragments 
WHERE fragments.id = %(id_1)s 
 LIMIT %(param_1)s
2026-01-22 15:58:30,925 - INFO - [cached since 0.3905s ago] {'id_1': 86.0, 'param_1': 1}
2026-01-22 15:58:30,925 - INFO - \u2705 Inserted Fragment: {'id': 86.0, 'formula': 'C12Br8O', 'charge': -1.0, 'electron_affinity': nan, 'molecular_weight': 799.3598000000001}
2026-01-22 15:58:30,927 - INFO - INSERT INTO fragments (id, formula, charge, molecular_weight, electron_affinity) VALUES (%(id)s, %(formula)s, %(charge)s, %(molecular_weight)s, %(electron_affinity)s)
2026-01-22 15:58:30,927 - INFO - [cached since 0.3863s ago] {'id': 86.0, 'formula': 'C12Br8O', 'charge': -1.0, 'molecular_weight': 799.3598000000001, 'electron_affinity': nan}
2026-01-22 15:58:30,928 - INFO - SELECT fragments.id AS fragments_id, fragments.formula AS fragments_formula, fragments.charge AS fragments_charge, fragments.molecular_weight AS fragments_molecular_weight, fragments.electron_affinity AS fragments_electron_affinity 
FROM fragments 
WHERE fragments.id = %(id_1)s 
 LIMIT %(param_1)s
2026-01-22 15:58:30,928 - INFO - [cached since 0.394s ago] {'id_1': 87.0, 'param_1': 1}
2026-01-22 15:58:30,929 - INFO - \u2705 Inserted Fragment: {'id': 87.0, 'formula': 'C6Br5O', 'charge': -1.0, 'electron_affinity': nan, 'molecular_weight': 487.5836}
2026-01-22 15:58:30,932 - INFO - INSERT INTO fragments (id, formula, charge, molecular_weight, electron_affinity) VALUES (%(id)s, %(formula)s, %(charge)s, %(molecular_weight)s, %(electron_affinity)s)
2026-01-22 15:58:30,932 - INFO - [cached since 0.391s ago] {'id': 87.0, 'formula': 'C6Br5O', 'charge': -1.0, 'molecular_weight': 487.5836, 'electron_affinity': nan}
2026-01-22 15:58:30,933 - INFO - SELECT fragments.id AS fragments_id, fragments.formula AS fragments_formula, fragments.charge AS fragments_charge, fragments.molecular_weight AS fragments_molecular_weight, fragments.electron_affinity AS fragments_electron_affinity 
FROM fragments 
WHERE fragments.id = %(id_1)s 
 LIMIT %(param_1)s
2026-01-22 15:58:30,933 - INFO - [cached since 0.3991s ago] {'id_1': 88.0, 'param_1': 1}
2026-01-22 15:58:30,934 - INFO - \u2705 Inserted Fragment: {'id': 88.0, 'formula': 'C6Br5', 'charge': -1.0, 'electron_affinity': nan, 'molecular_weight': 471.5842}
2026-01-22 15:58:30,936 - INFO - INSERT INTO fragments (id, formula, charge, molecular_weight, electron_affinity) VALUES (%(id)s, %(formula)s, %(charge)s, %(molecular_weight)s, %(electron_affinity)s)
2026-01-22 15:58:30,936 - INFO - [cached since 0.3953s ago] {'id': 88.0, 'formula': 'C6Br5', 'charge': -1.0, 'molecular_weight': 471.5842, 'electron_affinity': nan}
2026-01-22 15:58:30,937 - INFO - SELECT fragments.id AS fragments_id, fragments.formula AS fragments_formula, fragments.charge AS fragments_charge, fragments.molecular_weight AS fragments_molecular_weight, fragments.electron_affinity AS fragments_electron_affinity 
FROM fragments 
WHERE fragments.id = %(id_1)s 
 LIMIT %(param_1)s
2026-01-22 15:58:30,937 - INFO - [cached since 0.403s ago] {'id_1': 89.0, 'param_1': 1}
2026-01-22 15:58:30,939 - INFO - \u2705 Inserted Fragment: {'id': 89.0, 'formula': 'C6Cl6', 'charge': -1.0, 'electron_affinity': nan, 'molecular_weight': 284.7822}
2026-01-22 15:58:30,940 - INFO - INSERT INTO fragments (id, formula, charge, molecular_weight, electron_affinity) VALUES (%(id)s, %(formula)s, %(charge)s, %(molecular_weight)s, %(electron_affinity)s)
2026-01-22 15:58:30,940 - INFO - [cached since 0.3996s ago] {'id': 89.0, 'formula': 'C6Cl6', 'charge': -1.0, 'molecular_weight': 284.7822, 'electron_affinity': nan}
2026-01-22 15:58:30,942 - INFO - SELECT fragments.id AS fragments_id, fragments.formula AS fragments_formula, fragments.charge AS fragments_charge, fragments.molecular_weight AS fragments_molecular_weight, fragments.electron_affinity AS fragments_electron_affinity 
FROM fragments 
WHERE fragments.id = %(id_1)s 
 LIMIT %(param_1)s
2026-01-22 15:58:30,943 - INFO - [cached since 0.4085s ago] {'id_1': 90.0, 'param_1': 1}
2026-01-22 15:58:30,944 - INFO - \u2705 Inserted Fragment: {'id': 90.0, 'formula': 'C6Cl5', 'charge': -1.0, 'electron_affinity': nan, 'molecular_weight': 249.32920000000001}
2026-01-22 15:58:30,946 - INFO - INSERT INTO fragments (id, formula, charge, molecular_weight, electron_affinity) VALUES (%(id)s, %(formula)s, %(charge)s, %(molecular_weight)s, %(electron_affinity)s)
2026-01-22 15:58:30,946 - INFO - [cached since 0.4056s ago] {'id': 90.0, 'formula': 'C6Cl5', 'charge': -1.0, 'molecular_weight': 249.32920000000001, 'electron_affinity': nan}
2026-01-22 15:58:30,948 - INFO - SELECT fragments.id AS fragments_id, fragments.formula AS fragments_formula, fragments.charge AS fragments_charge, fragments.molecular_weight AS fragments_molecular_weight, fragments.electron_affinity AS fragments_electron_affinity 
FROM fragments 
WHERE fragments.id = %(id_1)s 
 LIMIT %(param_1)s
2026-01-22 15:58:30,948 - INFO - [cached since 0.4142s ago] {'id_1': 91.0, 'param_1': 1}
2026-01-22 15:58:30,950 - INFO - \u2705 Inserted Fragment: {'id': 91.0, 'formula': 'C6Cl4', 'charge': -1.0, 'electron_affinity': nan, 'molecular_weight': 213.8762}
2026-01-22 15:58:30,952 - INFO - INSERT INTO fragments (id, formula, charge, molecular_weight, electron_affinity) VALUES (%(id)s, %(formula)s, %(charge)s, %(molecular_weight)s, %(electron_affinity)s)
2026-01-22 15:58:30,952 - INFO - [cached since 0.4113s ago] {'id': 91.0, 'formula': 'C6Cl4', 'charge': -1.0, 'molecular_weight': 213.8762, 'electron_affinity': nan}
2026-01-22 15:58:30,953 - INFO - SELECT fragments.id AS fragments_id, fragments.formula AS fragments_formula, fragments.charge AS fragments_charge, fragments.molecular_weight AS fragments_molecular_weight, fragments.electron_affinity AS fragments_electron_affinity 
FROM fragments 
WHERE fragments.id = %(id_1)s 
 LIMIT %(param_1)s
2026-01-22 15:58:30,954 - INFO - [cached since 0.4194s ago] {'id_1': 92.0, 'param_1': 1}
2026-01-22 15:58:30,954 - INFO - \u2705 Inserted Fragment: {'id': 92.0, 'formula': 'C4H3BrN2O2', 'charge': -1.0, 'electron_affinity': nan, 'molecular_weight': 190.98281999999998}
2026-01-22 15:58:30,956 - INFO - INSERT INTO fragments (id, formula, charge, molecular_weight, electron_affinity) VALUES (%(id)s, %(formula)s, %(charge)s, %(molecular_weight)s, %(electron_affinity)s)
2026-01-22 15:58:30,956 - INFO - [cached since 0.4152s ago] {'id': 92.0, 'formula': 'C4H3BrN2O2', 'charge': -1.0, 'molecular_weight': 190.98281999999998, 'electron_affinity': nan}
2026-01-22 15:58:30,957 - INFO - SELECT fragments.id AS fragments_id, fragments.formula AS fragments_formula, fragments.charge AS fragments_charge, fragments.molecular_weight AS fragments_molecular_weight, fragments.electron_affinity AS fragments_electron_affinity 
FROM fragments 
WHERE fragments.id = %(id_1)s 
 LIMIT %(param_1)s
2026-01-22 15:58:30,957 - INFO - [cached since 0.4227s ago] {'id_1': 93.0, 'param_1': 1}
2026-01-22 15:58:30,957 - INFO - \u2705 Inserted Fragment: {'id': 93.0, 'formula': 'C4H3N2O2', 'charge': -1.0, 'electron_affinity': nan, 'molecular_weight': 111.07882000000001}
2026-01-22 15:58:30,959 - INFO - INSERT INTO fragments (id, formula, charge, molecular_weight, electron_affinity) VALUES (%(id)s, %(formula)s, %(charge)s, %(molecular_weight)s, %(electron_affinity)s)
2026-01-22 15:58:30,959 - INFO - [cached since 0.4181s ago] {'id': 93.0, 'formula': 'C4H3N2O2', 'charge': -1.0, 'molecular_weight': 111.07882000000001, 'electron_affinity': nan}
2026-01-22 15:58:30,960 - INFO - SELECT fragments.id AS fragments_id, fragments.formula AS fragments_formula, fragments.charge AS fragments_charge, fragments.molecular_weight AS fragments_molecular_weight, fragments.electron_affinity AS fragments_electron_affinity 
FROM fragments 
WHERE fragments.id = %(id_1)s 
 LIMIT %(param_1)s
2026-01-22 15:58:30,960 - INFO - [cached since 0.4256s ago] {'id_1': 94.0, 'param_1': 1}
2026-01-22 15:58:30,960 - INFO - \u2705 Inserted Fragment: {'id': 94.0, 'formula': 'OCN', 'charge': -1.0, 'electron_affinity': nan, 'molecular_weight': 42.0168}
2026-01-22 15:58:30,962 - INFO - INSERT INTO fragments (id, formula, charge, molecular_weight, electron_affinity) VALUES (%(id)s, %(formula)s, %(charge)s, %(molecular_weight)s, %(electron_affinity)s)
2026-01-22 15:58:30,962 - INFO - [cached since 0.4211s ago] {'id': 94.0, 'formula': 'OCN', 'charge': -1.0, 'molecular_weight': 42.0168, 'electron_affinity': nan}
2026-01-22 15:58:30,963 - INFO - SELECT fragments.id AS fragments_id, fragments.formula AS fragments_formula, fragments.charge AS fragments_charge, fragments.molecular_weight AS fragments_molecular_weight, fragments.electron_affinity AS fragments_electron_affinity 
FROM fragments 
WHERE fragments.id = %(id_1)s 
 LIMIT %(param_1)s
2026-01-22 15:58:30,963 - INFO - [cached since 0.4287s ago] {'id_1': 95.0, 'param_1': 1}
2026-01-22 15:58:30,963 - INFO - \u2705 Inserted Fragment: {'id': 95.0, 'formula': 'H2C3NO', 'charge': -1.0, 'electron_affinity': nan, 'molecular_weight': 68.05408}
2026-01-22 15:58:30,966 - INFO - INSERT INTO fragments (id, formula, charge, molecular_weight, electron_affinity) VALUES (%(id)s, %(formula)s, %(charge)s, %(molecular_weight)s, %(electron_affinity)s)
2026-01-22 15:58:30,966 - INFO - [cached since 0.4252s ago] {'id': 95.0, 'formula': 'H2C3NO', 'charge': -1.0, 'molecular_weight': 68.05408, 'electron_affinity': nan}
2026-01-22 15:58:30,967 - INFO - SELECT fragments.id AS fragments_id, fragments.formula AS fragments_formula, fragments.charge AS fragments_charge, fragments.molecular_weight AS fragments_molecular_weight, fragments.electron_affinity AS fragments_electron_affinity 
FROM fragments 
WHERE fragments.id = %(id_1)s 
 LIMIT %(param_1)s
2026-01-22 15:58:30,967 - INFO - [cached since 0.4328s ago] {'id_1': 96.0, 'param_1': 1}
2026-01-22 15:58:30,968 - INFO - \u2705 Inserted Fragment: {'id': 96.0, 'formula': 'C4H3ClN2O2', 'charge': -1.0, 'electron_affinity': nan, 'molecular_weight': 146.53182}
2026-01-22 15:58:30,969 - INFO - INSERT INTO fragments (id, formula, charge, molecular_weight, electron_affinity) VALUES (%(id)s, %(formula)s, %(charge)s, %(molecular_weight)s, %(electron_affinity)s)
2026-01-22 15:58:30,969 - INFO - [cached since 0.4285s ago] {'id': 96.0, 'formula': 'C4H3ClN2O2', 'charge': -1.0, 'molecular_weight': 146.53182, 'electron_affinity': nan}
2026-01-22 15:58:30,970 - INFO - SELECT fragments.id AS fragments_id, fragments.formula AS fragments_formula, fragments.charge AS fragments_charge, fragments.molecular_weight AS fragments_molecular_weight, fragments.electron_affinity AS fragments_electron_affinity 
FROM fragments 
WHERE fragments.id = %(id_1)s 
 LIMIT %(param_1)s
2026-01-22 15:58:30,970 - INFO - [cached since 0.4363s ago] {'id_1': 97.0, 'param_1': 1}
2026-01-22 15:58:30,971 - INFO - \u2705 Inserted Fragment: {'id': 97.0, 'formula': 'C4H2N2O2', 'charge': -1.0, 'electron_affinity': nan, 'molecular_weight': 110.07088}
2026-01-22 15:58:30,974 - INFO - INSERT INTO fragments (id, formula, charge, molecular_weight, electron_affinity) VALUES (%(id)s, %(formula)s, %(charge)s, %(molecular_weight)s, %(electron_affinity)s)
2026-01-22 15:58:30,974 - INFO - [cached since 0.4331s ago] {'id': 97.0, 'formula': 'C4H2N2O2', 'charge': -1.0, 'molecular_weight': 110.07088, 'electron_affinity': nan}
2026-01-22 15:58:30,975 - INFO - SELECT fragments.id AS fragments_id, fragments.formula AS fragments_formula, fragments.charge AS fragments_charge, fragments.molecular_weight AS fragments_molecular_weight, fragments.electron_affinity AS fragments_electron_affinity 
FROM fragments 
WHERE fragments.id = %(id_1)s 
 LIMIT %(param_1)s
2026-01-22 15:58:30,975 - INFO - [cached since 0.4412s ago] {'id_1': 98.0, 'param_1': 1}
2026-01-22 15:58:30,977 - INFO - \u2705 Inserted Fragment: {'id': 98.0, 'formula': 'C4H3IN2O2', 'charge': -1.0, 'electron_affinity': nan, 'molecular_weight': 237.98328999999998}
2026-01-22 15:58:30,980 - INFO - INSERT INTO fragments (id, formula, charge, molecular_weight, electron_affinity) VALUES (%(id)s, %(formula)s, %(charge)s, %(molecular_weight)s, %(electron_affinity)s)
2026-01-22 15:58:30,980 - INFO - [cached since 0.4391s ago] {'id': 98.0, 'formula': 'C4H3IN2O2', 'charge': -1.0, 'molecular_weight': 237.98328999999998, 'electron_affinity': nan}
2026-01-22 15:58:30,981 - INFO - SELECT fragments.id AS fragments_id, fragments.formula AS fragments_formula, fragments.charge AS fragments_charge, fragments.molecular_weight AS fragments_molecular_weight, fragments.electron_affinity AS fragments_electron_affinity 
FROM fragments 
WHERE fragments.id = %(id_1)s 
 LIMIT %(param_1)s
2026-01-22 15:58:30,981 - INFO - [cached since 0.4472s ago] {'id_1': 99.0, 'param_1': 1}
2026-01-22 15:58:30,983 - INFO - \u2705 Inserted Fragment: {'id': 99.0, 'formula': 'C4H3FN2O2', 'charge': -1.0, 'electron_affinity': nan, 'molecular_weight': 130.0772232}
2026-01-22 15:58:30,984 - INFO - INSERT INTO fragments (id, formula, charge, molecular_weight, electron_affinity) VALUES (%(id)s, %(formula)s, %(charge)s, %(molecular_weight)s, %(electron_affinity)s)
2026-01-22 15:58:30,985 - INFO - [cached since 0.4439s ago] {'id': 99.0, 'formula': 'C4H3FN2O2', 'charge': -1.0, 'molecular_weight': 130.0772232, 'electron_affinity': nan}
2026-01-22 15:58:30,986 - INFO - SELECT fragments.id AS fragments_id, fragments.formula AS fragments_formula, fragments.charge AS fragments_charge, fragments.molecular_weight AS fragments_molecular_weight, fragments.electron_affinity AS fragments_electron_affinity 
FROM fragments 
WHERE fragments.id = %(id_1)s 
 LIMIT %(param_1)s
2026-01-22 15:58:30,986 - INFO - [cached since 0.4518s ago] {'id_1': 100.0, 'param_1': 1}
2026-01-22 15:58:30,987 - INFO - \u2705 Inserted Fragment: {'id': 100.0, 'formula': 'CN2OH', 'charge': -1.0, 'electron_affinity': nan, 'molecular_weight': 57.03144}
2026-01-22 15:58:30,987 - INFO - INSERT INTO fragments (id, formula, charge, molecular_weight, electron_affinity) VALUES (%(id)s, %(formula)s, %(charge)s, %(molecular_weight)s, %(electron_affinity)s)
2026-01-22 15:58:30,988 - INFO - [cached since 0.4467s ago] {'id': 100.0, 'formula': 'CN2OH', 'charge': -1.0, 'molecular_weight': 57.03144, 'electron_affinity': nan}
2026-01-22 15:58:30,989 - INFO - SELECT paper_molecule_link.id AS paper_molecule_link_id 
FROM paper_molecule_link
2026-01-22 15:58:30,989 - INFO - [generated in 0.00026s] {}
2026-01-22 15:58:30,992 - INFO - SELECT fragments.formula AS fragments_formula, fragments.id AS fragments_id 
FROM fragments
2026-01-22 15:58:30,992 - INFO - [generated in 0.00030s] {}
2026-01-22 15:58:30,998 - INFO - \U0001f504 Found fragment_id 2 for fragment_formula Cl
2026-01-22 15:58:30,998 - INFO - \U0001f504 Found fragment_id 2 for fragment_formula Cl
2026-01-22 15:58:30,998 - INFO - \U0001f504 Found fragment_id 2 for fragment_formula Cl
2026-01-22 15:58:30,999 - INFO - \U0001f504 Found fragment_id 2 for fragment_formula Cl
2026-01-22 15:58:30,999 - INFO - \U0001f504 Found fragment_id 2 for fragment_formula Cl
2026-01-22 15:58:30,999 - INFO - \U0001f504 Found fragment_id 2 for fragment_formula Cl
2026-01-22 15:58:30,999 - INFO - \U0001f504 Found fragment_id 2 for fragment_formula Cl
2026-01-22 15:58:30,999 - INFO - \U0001f504 Found fragment_id 2 for fragment_formula Cl
2026-01-22 15:58:30,999 - INFO - \U0001f504 Found fragment_id 2 for fragment_formula Cl
2026-01-22 15:58:30,999 - INFO - \U0001f504 Found fragment_id 2 for fragment_formula Cl
2026-01-22 15:58:30,999 - INFO - \U0001f504 Found fragment_id 2 for fragment_formula Cl
2026-01-22 15:58:30,999 - INFO - \U0001f504 Found fragment_id 2 for fragment_formula Cl
2026-01-22 15:58:30,999 - INFO - \U0001f504 Found fragment_id 2 for fragment_formula Cl
2026-01-22 15:58:30,999 - INFO - \U0001f504 Found fragment_id 2 for fragment_formula Cl
2026-01-22 15:58:31,000 - INFO - \U0001f504 Found fragment_id 2 for fragment_formula Cl
2026-01-22 15:58:31,000 - INFO - \U0001f504 Found fragment_id 2 for fragment_formula Cl
2026-01-22 15:58:31,000 - INFO - \U0001f504 Found fragment_id 2 for fragment_formula Cl
2026-01-22 15:58:31,000 - INFO - \U0001f504 Found fragment_id 2 for fragment_formula Cl
2026-01-22 15:58:31,000 - INFO - \U0001f504 Found fragment_id 2 for fragment_formula Cl
2026-01-22 15:58:31,000 - INFO - \U0001f504 Found fragment_id 2 for fragment_formula Cl
2026-01-22 15:58:31,000 - INFO - \U0001f504 Found fragment_id 2 for fragment_formula Cl
2026-01-22 15:58:31,000 - INFO - \U0001f504 Found fragment_id 2 for fragment_formula Cl
2026-01-22 15:58:31,000 - INFO - \U0001f504 Found fragment_id 2 for fragment_formula Cl
2026-01-22 15:58:31,000 - INFO - \U0001f504 Found fragment_id 2 for fragment_formula Cl
2026-01-22 15:58:31,000 - INFO - \U0001f504 Found fragment_id 2 for fragment_formula Cl
2026-01-22 15:58:31,001 - INFO - \U0001f504 Found fragment_id 2 for fragment_formula Cl
2026-01-22 15:58:31,001 - INFO - \U0001f504 Found fragment_id 2 for fragment_formula Cl
2026-01-22 15:58:31,001 - INFO - \U0001f504 Found fragment_id 2 for fragment_formula Cl
2026-01-22 15:58:31,001 - INFO - \U0001f504 Found fragment_id 2 for fragment_formula Cl
2026-01-22 15:58:31,001 - INFO - \U0001f504 Found fragment_id 2 for fragment_formula Cl
2026-01-22 15:58:31,001 - INFO - \U0001f504 Found fragment_id 2 for fragment_formula Cl
2026-01-22 15:58:31,001 - INFO - \U0001f504 Found fragment_id 2 for fragment_formula Cl
2026-01-22 15:58:31,001 - INFO - \U0001f504 Found fragment_id 2 for fragment_formula Cl
2026-01-22 15:58:31,001 - INFO - \U0001f504 Found fragment_id 2 for fragment_formula Cl
2026-01-22 15:58:31,001 - INFO - \U0001f504 Found fragment_id 2 for fragment_formula Cl
2026-01-22 15:58:31,001 - INFO - \U0001f504 Found fragment_id 2 for fragment_formula Cl
2026-01-22 15:58:31,001 - INFO - \U0001f504 Found fragment_id 2 for fragment_formula Cl
2026-01-22 15:58:31,002 - INFO - \U0001f504 Found fragment_id 2 for fragment_formula Cl
2026-01-22 15:58:31,002 - INFO - \U0001f504 Found fragment_id 4 for fragment_formula Br
2026-01-22 15:58:31,002 - INFO - \U0001f504 Found fragment_id 4 for fragment_formula Br
2026-01-22 15:58:31,002 - INFO - \U0001f504 Found fragment_id 4 for fragment_formula Br
2026-01-22 15:58:31,002 - INFO - \U0001f504 Found fragment_id 4 for fragment_formula Br
2026-01-22 15:58:31,002 - INFO - \U0001f504 Found fragment_id 4 for fragment_formula Br
2026-01-22 15:58:31,002 - INFO - \U0001f504 Found fragment_id 4 for fragment_formula Br
2026-01-22 15:58:31,002 - INFO - \U0001f504 Found fragment_id 3 for fragment_formula F
2026-01-22 15:58:31,002 - INFO - \U0001f504 Found fragment_id 8 for fragment_formula CF3
2026-01-22 15:58:31,002 - INFO - \U0001f504 Found fragment_id 3 for fragment_formula F
2026-01-22 15:58:31,002 - INFO - \U0001f504 Found fragment_id 7 for fragment_formula C2F5
2026-01-22 15:58:31,003 - INFO - \U0001f504 Found fragment_id 8 for fragment_formula CF3
2026-01-22 15:58:31,003 - INFO - \U0001f504 Found fragment_id 3 for fragment_formula F
2026-01-22 15:58:31,003 - INFO - \U0001f504 Found fragment_id 9 for fragment_formula C3F7
2026-01-22 15:58:31,003 - INFO - \U0001f504 Found fragment_id 7 for fragment_formula C2F5
2026-01-22 15:58:31,003 - INFO - \U0001f504 Found fragment_id 10 for fragment_formula C2F3
2026-01-22 15:58:31,003 - INFO - \U0001f504 Found fragment_id 8 for fragment_formula CF3
2026-01-22 15:58:31,003 - INFO - \U0001f504 Found fragment_id 3 for fragment_formula F
2026-01-22 15:58:31,003 - INFO - \U0001f504 Found fragment_id 3 for fragment_formula F
2026-01-22 15:58:31,003 - INFO - \U0001f504 Found fragment_id 11 for fragment_formula C4F10
2026-01-22 15:58:31,003 - INFO - \U0001f504 Found fragment_id 12 for fragment_formula C4F9
2026-01-22 15:58:31,003 - INFO - \U0001f504 Found fragment_id 12 for fragment_formula C4F9
2026-01-22 15:58:31,004 - INFO - \U0001f504 Found fragment_id 9 for fragment_formula C3F7
2026-01-22 15:58:31,004 - INFO - \U0001f504 Found fragment_id 7 for fragment_formula C2F5
2026-01-22 15:58:31,004 - INFO - \U0001f504 Found fragment_id 7 for fragment_formula C2F5
2026-01-22 15:58:31,004 - INFO - \U0001f504 Found fragment_id 8 for fragment_formula CF3
2026-01-22 15:58:31,004 - INFO - \U0001f504 Found fragment_id 8 for fragment_formula CF3
2026-01-22 15:58:31,004 - INFO - \U0001f504 Found fragment_id 3 for fragment_formula F
2026-01-22 15:58:31,004 - INFO - \U0001f504 Found fragment_id 3 for fragment_formula F
2026-01-22 15:58:31,004 - INFO - \U0001f504 Found fragment_id 11 for fragment_formula C4F10
2026-01-22 15:58:31,004 - INFO - \U0001f504 Found fragment_id 12 for fragment_formula C4F9
2026-01-22 15:58:31,004 - INFO - \U0001f504 Found fragment_id 12 for fragment_formula C4F9
2026-01-22 15:58:31,004 - INFO - \U0001f504 Found fragment_id 9 for fragment_formula C3F7
2026-01-22 15:58:31,004 - INFO - \U0001f504 Found fragment_id 9 for fragment_formula C3F7
2026-01-22 15:58:31,005 - INFO - \U0001f504 Found fragment_id 8 for fragment_formula CF3
2026-01-22 15:58:31,005 - INFO - \U0001f504 Found fragment_id 3 for fragment_formula F
2026-01-22 15:58:31,005 - INFO - \U0001f504 Found fragment_id 3 for fragment_formula F
2026-01-22 15:58:31,005 - INFO - \U0001f504 Found fragment_id 13 for fragment_formula C5F12
2026-01-22 15:58:31,005 - INFO - \U0001f504 Found fragment_id 14 for fragment_formula C5F11
2026-01-22 15:58:31,005 - INFO - \U0001f504 Found fragment_id 14 for fragment_formula C5F11
2026-01-22 15:58:31,005 - INFO - \U0001f504 Found fragment_id 15 for fragment_formula C5F10
2026-01-22 15:58:31,005 - INFO - \U0001f504 Found fragment_id 12 for fragment_formula C4F9
2026-01-22 15:58:31,005 - INFO - \U0001f504 Found fragment_id 12 for fragment_formula C4F9
2026-01-22 15:58:31,005 - INFO - \U0001f504 Found fragment_id 16 for fragment_formula C4F8
2026-01-22 15:58:31,005 - INFO - \U0001f504 Found fragment_id 16 for fragment_formula C4F8
2026-01-22 15:58:31,006 - INFO - \U0001f504 Found fragment_id 9 for fragment_formula C3F7
2026-01-22 15:58:31,006 - INFO - \U0001f504 Found fragment_id 9 for fragment_formula C3F7
2026-01-22 15:58:31,006 - INFO - \U0001f504 Found fragment_id 7 for fragment_formula C2F5
2026-01-22 15:58:31,006 - INFO - \U0001f504 Found fragment_id 7 for fragment_formula C2F5
2026-01-22 15:58:31,006 - INFO - \U0001f504 Found fragment_id 10 for fragment_formula C2F3
2026-01-22 15:58:31,006 - INFO - \U0001f504 Found fragment_id 3 for fragment_formula F
2026-01-22 15:58:31,006 - INFO - \U0001f504 Found fragment_id 17 for fragment_formula C6F14
2026-01-22 15:58:31,006 - INFO - \U0001f504 Found fragment_id 18 for fragment_formula C6F13
2026-01-22 15:58:31,006 - INFO - \U0001f504 Found fragment_id 19 for fragment_formula C6F12
2026-01-22 15:58:31,007 - INFO - \U0001f504 Found fragment_id 14 for fragment_formula C5F11
2026-01-22 15:58:31,007 - INFO - \U0001f504 Found fragment_id 15 for fragment_formula C5F10
2026-01-22 15:58:31,007 - INFO - \U0001f504 Found fragment_id 15 for fragment_formula C5F10
2026-01-22 15:58:31,007 - INFO - \U0001f504 Found fragment_id 20 for fragment_formula C5F9
2026-01-22 15:58:31,007 - INFO - \U0001f504 Found fragment_id 12 for fragment_formula C4F9
2026-01-22 15:58:31,007 - INFO - \U0001f504 Found fragment_id 21 for fragment_formula C4F7
2026-01-22 15:58:31,007 - INFO - \U0001f504 Found fragment_id 9 for fragment_formula C3F7
2026-01-22 15:58:31,007 - INFO - \U0001f504 Found fragment_id 9 for fragment_formula C3F7
2026-01-22 15:58:31,007 - INFO - \U0001f504 Found fragment_id 2 for fragment_formula Cl
2026-01-22 15:58:31,007 - INFO - \U0001f504 Found fragment_id 2 for fragment_formula Cl
2026-01-22 15:58:31,007 - INFO - \U0001f504 Found fragment_id 2 for fragment_formula Cl
2026-01-22 15:58:31,008 - INFO - \U0001f504 Found fragment_id 2 for fragment_formula Cl
2026-01-22 15:58:31,008 - INFO - \U0001f504 Found fragment_id 2 for fragment_formula Cl
2026-01-22 15:58:31,008 - INFO - \U0001f504 Found fragment_id 2 for fragment_formula Cl
2026-01-22 15:58:31,008 - INFO - \U0001f504 Found fragment_id 2 for fragment_formula Cl
2026-01-22 15:58:31,008 - INFO - \U0001f504 Found fragment_id 2 for fragment_formula Cl
2026-01-22 15:58:31,008 - INFO - \U0001f504 Found fragment_id 2 for fragment_formula Cl
2026-01-22 15:58:31,008 - INFO - \U0001f504 Found fragment_id 4 for fragment_formula Br
2026-01-22 15:58:31,008 - INFO - \U0001f504 Found fragment_id 4 for fragment_formula Br
2026-01-22 15:58:31,008 - INFO - \U0001f504 Found fragment_id 4 for fragment_formula Br
2026-01-22 15:58:31,008 - INFO - \U0001f504 Found fragment_id 4 for fragment_formula Br
2026-01-22 15:58:31,008 - INFO - \U0001f504 Found fragment_id 4 for fragment_formula Br
2026-01-22 15:58:31,009 - INFO - \U0001f504 Found fragment_id 4 for fragment_formula Br
2026-01-22 15:58:31,009 - INFO - \U0001f504 Found fragment_id 4 for fragment_formula Br
2026-01-22 15:58:31,009 - INFO - \U0001f504 Found fragment_id 4 for fragment_formula Br
2026-01-22 15:58:31,009 - INFO - \U0001f504 Found fragment_id 4 for fragment_formula Br
2026-01-22 15:58:31,009 - INFO - \U0001f504 Found fragment_id 4 for fragment_formula Br
2026-01-22 15:58:31,009 - INFO - \U0001f504 Found fragment_id 4 for fragment_formula Br
2026-01-22 15:58:31,009 - INFO - \U0001f504 Found fragment_id 4 for fragment_formula Br
2026-01-22 15:58:31,009 - INFO - \U0001f504 Found fragment_id 4 for fragment_formula Br
2026-01-22 15:58:31,009 - INFO - \U0001f504 Found fragment_id 2 for fragment_formula Cl
2026-01-22 15:58:31,009 - INFO - \U0001f504 Found fragment_id 2 for fragment_formula Cl
2026-01-22 15:58:31,009 - INFO - \U0001f504 Found fragment_id 2 for fragment_formula Cl
2026-01-22 15:58:31,010 - INFO - \U0001f504 Found fragment_id 4 for fragment_formula Br
2026-01-22 15:58:31,010 - INFO - \U0001f504 Found fragment_id 4 for fragment_formula Br
2026-01-22 15:58:31,010 - INFO - \U0001f504 Found fragment_id 4 for fragment_formula Br
2026-01-22 15:58:31,010 - INFO - \U0001f504 Found fragment_id 4 for fragment_formula Br
2026-01-22 15:58:31,010 - INFO - \U0001f504 Found fragment_id 22 for fragment_formula CHClBr
2026-01-22 15:58:31,010 - INFO - \U0001f504 Found fragment_id 23 for fragment_formula ClBr
2026-01-22 15:58:31,010 - INFO - \U0001f504 Found fragment_id 24 for fragment_formula C2H4Br
2026-01-22 15:58:31,010 - INFO - \U0001f504 Found fragment_id 4 for fragment_formula Br
2026-01-22 15:58:31,010 - INFO - \U0001f504 Found fragment_id 2 for fragment_formula Cl
2026-01-22 15:58:31,010 - INFO - \U0001f504 Found fragment_id 25 for fragment_formula C3H6BrCl
2026-01-22 15:58:31,010 - INFO - \U0001f504 Found fragment_id 26 for fragment_formula C3H6Br
2026-01-22 15:58:31,011 - INFO - \U0001f504 Found fragment_id 27 for fragment_formula C3H5Br
2026-01-22 15:58:31,011 - INFO - \U0001f504 Found fragment_id 28 for fragment_formula BrHCl
2026-01-22 15:58:31,011 - INFO - \U0001f504 Found fragment_id 29 for fragment_formula BrCl
2026-01-22 15:58:31,011 - INFO - \U0001f504 Found fragment_id 4 for fragment_formula Br
2026-01-22 15:58:31,011 - INFO - \U0001f504 Found fragment_id 30 for fragment_formula C3H6Cl
2026-01-22 15:58:31,011 - INFO - \U0001f504 Found fragment_id 2 for fragment_formula Cl
2026-01-22 15:58:31,011 - INFO - \U0001f504 Found fragment_id 31 for fragment_formula C2ClF2
2026-01-22 15:58:31,011 - INFO - \U0001f504 Found fragment_id 4 for fragment_formula Br
2026-01-22 15:58:31,011 - INFO - \U0001f504 Found fragment_id 4 for fragment_formula Br
2026-01-22 15:58:31,011 - INFO - \U0001f504 Found fragment_id 2 for fragment_formula Cl
2026-01-22 15:58:31,011 - INFO - \U0001f504 Found fragment_id 3 for fragment_formula F
2026-01-22 15:58:31,012 - INFO - \U0001f504 Found fragment_id 3 for fragment_formula F
2026-01-22 15:58:31,012 - INFO - \U0001f504 Found fragment_id 2 for fragment_formula Cl
2026-01-22 15:58:31,012 - INFO - \U0001f504 Found fragment_id 73 for fragment_formula Cl2
2026-01-22 15:58:31,012 - INFO - \U0001f504 Found fragment_id 33 for fragment_formula ClHCl
2026-01-22 15:58:31,012 - INFO - \U0001f504 Found fragment_id 34 for fragment_formula C2H2Cl3
2026-01-22 15:58:31,012 - INFO - \U0001f504 Found fragment_id 2 for fragment_formula Cl
2026-01-22 15:58:31,012 - INFO - \U0001f504 Found fragment_id 2 for fragment_formula Cl
2026-01-22 15:58:31,012 - INFO - \U0001f504 Found fragment_id 2 for fragment_formula Cl
2026-01-22 15:58:31,012 - INFO - \U0001f504 Found fragment_id 5 for fragment_formula I
2026-01-22 15:58:31,012 - INFO - \U0001f504 Found fragment_id 5 for fragment_formula I
2026-01-22 15:58:31,012 - INFO - \U0001f504 Found fragment_id 2 for fragment_formula Cl
2026-01-22 15:58:31,012 - INFO - \U0001f504 Found fragment_id 2 for fragment_formula Cl
2026-01-22 15:58:31,013 - INFO - \U0001f504 Found fragment_id 4 for fragment_formula Br
2026-01-22 15:58:31,013 - INFO - \U0001f504 Found fragment_id 4 for fragment_formula Br
2026-01-22 15:58:31,013 - INFO - \U0001f504 Found fragment_id 2 for fragment_formula Cl
2026-01-22 15:58:31,013 - INFO - \U0001f504 Found fragment_id 4 for fragment_formula Br
2026-01-22 15:58:31,013 - INFO - \U0001f504 Found fragment_id 2 for fragment_formula Cl
2026-01-22 15:58:31,013 - INFO - \U0001f504 Found fragment_id 4 for fragment_formula Br
2026-01-22 15:58:31,013 - INFO - \U0001f504 Found fragment_id 4 for fragment_formula Br
2026-01-22 15:58:31,013 - INFO - \U0001f504 Found fragment_id 4 for fragment_formula Br
2026-01-22 15:58:31,013 - INFO - \U0001f504 Found fragment_id 4 for fragment_formula Br
2026-01-22 15:58:31,013 - INFO - \U0001f504 Found fragment_id 4 for fragment_formula Br
2026-01-22 15:58:31,013 - INFO - \U0001f504 Found fragment_id 4 for fragment_formula Br
2026-01-22 15:58:31,014 - INFO - \U0001f504 Found fragment_id 4 for fragment_formula Br
2026-01-22 15:58:31,014 - INFO - \U0001f504 Found fragment_id 4 for fragment_formula Br
2026-01-22 15:58:31,014 - INFO - \U0001f504 Found fragment_id 4 for fragment_formula Br
2026-01-22 15:58:31,014 - INFO - \U0001f504 Found fragment_id 4 for fragment_formula Br
2026-01-22 15:58:31,014 - INFO - \U0001f504 Found fragment_id 4 for fragment_formula Br
2026-01-22 15:58:31,014 - INFO - \U0001f504 Found fragment_id 4 for fragment_formula Br
2026-01-22 15:58:31,014 - INFO - \U0001f504 Found fragment_id 4 for fragment_formula Br
2026-01-22 15:58:31,014 - INFO - \U0001f504 Found fragment_id 4 for fragment_formula Br
2026-01-22 15:58:31,014 - INFO - \U0001f504 Found fragment_id 4 for fragment_formula Br
2026-01-22 15:58:31,014 - INFO - \U0001f504 Found fragment_id 4 for fragment_formula Br
2026-01-22 15:58:31,014 - INFO - \U0001f504 Found fragment_id 4 for fragment_formula Br
2026-01-22 15:58:31,015 - INFO - \U0001f504 Found fragment_id 4 for fragment_formula Br
2026-01-22 15:58:31,015 - INFO - \U0001f504 Found fragment_id 4 for fragment_formula Br
2026-01-22 15:58:31,015 - INFO - \U0001f504 Found fragment_id 3 for fragment_formula F
2026-01-22 15:58:31,015 - INFO - \U0001f504 Found fragment_id 3 for fragment_formula F
2026-01-22 15:58:31,015 - INFO - \U0001f504 Found fragment_id 35 for fragment_formula CHF
2026-01-22 15:58:31,015 - INFO - \U0001f504 Found fragment_id 36 for fragment_formula F2
2026-01-22 15:58:31,015 - INFO - \U0001f504 Found fragment_id 2 for fragment_formula Cl
2026-01-22 15:58:31,015 - INFO - \U0001f504 Found fragment_id 4 for fragment_formula Br
2026-01-22 15:58:31,015 - INFO - \U0001f504 Found fragment_id 5 for fragment_formula I
2026-01-22 15:58:31,015 - INFO - \U0001f504 Found fragment_id 2 for fragment_formula Cl
2026-01-22 15:58:31,016 - INFO - \U0001f504 Found fragment_id 2 for fragment_formula Cl
2026-01-22 15:58:31,016 - INFO - \U0001f504 Found fragment_id 3 for fragment_formula F
2026-01-22 15:58:31,016 - INFO - \U0001f504 Found fragment_id 4 for fragment_formula Br
2026-01-22 15:58:31,016 - INFO - \U0001f504 Found fragment_id 3 for fragment_formula F
2026-01-22 15:58:31,016 - INFO - \U0001f504 Found fragment_id 2 for fragment_formula Cl
2026-01-22 15:58:31,016 - INFO - \U0001f504 Found fragment_id 2 for fragment_formula Cl
2026-01-22 15:58:31,016 - INFO - \U0001f504 Found fragment_id 2 for fragment_formula Cl
2026-01-22 15:58:31,016 - INFO - \U0001f504 Found fragment_id 2 for fragment_formula Cl
2026-01-22 15:58:31,016 - INFO - \U0001f504 Found fragment_id 4 for fragment_formula Br
2026-01-22 15:58:31,017 - INFO - \U0001f504 Found fragment_id 2 for fragment_formula Cl
2026-01-22 15:58:31,017 - INFO - \U0001f504 Found fragment_id 4 for fragment_formula Br
2026-01-22 15:58:31,017 - INFO - \U0001f504 Found fragment_id 1 for fragment_formula Total
2026-01-22 15:58:31,017 - INFO - \U0001f504 Found fragment_id 2 for fragment_formula Cl
2026-01-22 15:58:31,017 - INFO - \U0001f504 Found fragment_id 4 for fragment_formula Br
2026-01-22 15:58:31,017 - INFO - \U0001f504 Found fragment_id 1 for fragment_formula Total
2026-01-22 15:58:31,017 - INFO - \U0001f504 Found fragment_id 2 for fragment_formula Cl
2026-01-22 15:58:31,017 - INFO - \U0001f504 Found fragment_id 4 for fragment_formula Br
2026-01-22 15:58:31,018 - INFO - \U0001f504 Found fragment_id 1 for fragment_formula Total
2026-01-22 15:58:31,018 - INFO - \U0001f504 Found fragment_id 2 for fragment_formula Cl
2026-01-22 15:58:31,018 - INFO - \U0001f504 Found fragment_id 4 for fragment_formula Br
2026-01-22 15:58:31,018 - INFO - \U0001f504 Found fragment_id 1 for fragment_formula Total
2026-01-22 15:58:31,018 - INFO - \U0001f504 Found fragment_id 4 for fragment_formula Br
2026-01-22 15:58:31,018 - INFO - \U0001f504 Found fragment_id 4 for fragment_formula Br
2026-01-22 15:58:31,018 - INFO - \U0001f504 Found fragment_id 4 for fragment_formula Br
2026-01-22 15:58:31,018 - INFO - \U0001f504 Found fragment_id 4 for fragment_formula Br
2026-01-22 15:58:31,018 - INFO - \U0001f504 Found fragment_id 4 for fragment_formula Br
2026-01-22 15:58:31,019 - INFO - \U0001f504 Found fragment_id 4 for fragment_formula Br
2026-01-22 15:58:31,019 - INFO - \U0001f504 Found fragment_id 4 for fragment_formula Br
2026-01-22 15:58:31,019 - INFO - \U0001f504 Found fragment_id 5 for fragment_formula I
2026-01-22 15:58:31,019 - INFO - \U0001f504 Found fragment_id 5 for fragment_formula I
2026-01-22 15:58:31,019 - INFO - \U0001f504 Found fragment_id 5 for fragment_formula I
2026-01-22 15:58:31,019 - INFO - \U0001f504 Found fragment_id 5 for fragment_formula I
2026-01-22 15:58:31,019 - INFO - \U0001f504 Found fragment_id 37 for fragment_formula CF2CO2H
2026-01-22 15:58:31,019 - INFO - \U0001f504 Found fragment_id 2 for fragment_formula Cl
2026-01-22 15:58:31,019 - INFO - \U0001f504 Found fragment_id 38 for fragment_formula CClF2CO2H
2026-01-22 15:58:31,020 - INFO - \U0001f504 Found fragment_id 39 for fragment_formula CClF2CO2
2026-01-22 15:58:31,020 - INFO - \U0001f504 Found fragment_id 40 for fragment_formula CClFCO2
2026-01-22 15:58:31,020 - INFO - \U0001f504 Found fragment_id 41 for fragment_formula CClO2H
2026-01-22 15:58:31,020 - INFO - \U0001f504 Found fragment_id 42 for fragment_formula CF2
2026-01-22 15:58:31,020 - INFO - \U0001f504 Found fragment_id 3 for fragment_formula F
2026-01-22 15:58:31,020 - INFO - \U0001f504 Found fragment_id 43 for fragment_formula C6H4ClNO2
2026-01-22 15:58:31,020 - INFO - \U0001f504 Found fragment_id 2 for fragment_formula Cl
2026-01-22 15:58:31,020 - INFO - \U0001f504 Found fragment_id 2 for fragment_formula Cl
2026-01-22 15:58:31,020 - INFO - \U0001f504 Found fragment_id 2 for fragment_formula Cl
2026-01-22 15:58:31,021 - INFO - \U0001f504 Found fragment_id 44 for fragment_formula NO2
2026-01-22 15:58:31,021 - INFO - \U0001f504 Found fragment_id 44 for fragment_formula NO2
2026-01-22 15:58:31,021 - INFO - \U0001f504 Found fragment_id 45 for fragment_formula C6H4Cl
2026-01-22 15:58:31,021 - INFO - \U0001f504 Found fragment_id 46 for fragment_formula C6H4
2026-01-22 15:58:31,021 - INFO - \U0001f504 Found fragment_id 2 for fragment_formula Cl
2026-01-22 15:58:31,021 - INFO - \U0001f504 Found fragment_id 2 for fragment_formula Cl
2026-01-22 15:58:31,021 - INFO - \U0001f504 Found fragment_id 3 for fragment_formula F
2026-01-22 15:58:31,021 - INFO - \U0001f504 Found fragment_id 3 for fragment_formula F
2026-01-22 15:58:31,021 - INFO - \U0001f504 Found fragment_id 47 for fragment_formula FCl
2026-01-22 15:58:31,022 - INFO - \U0001f504 Found fragment_id 48 for fragment_formula CF2Cl
2026-01-22 15:58:31,022 - INFO - \U0001f504 Found fragment_id 8 for fragment_formula CF3
2026-01-22 15:58:31,022 - INFO - \U0001f504 Found fragment_id 49 for fragment_formula C3F7O2
2026-01-22 15:58:31,022 - INFO - \U0001f504 Found fragment_id 50 for fragment_formula CFO3
2026-01-22 15:58:31,022 - INFO - \U0001f504 Found fragment_id 3 for fragment_formula F
2026-01-22 15:58:31,022 - INFO - \U0001f504 Found fragment_id 51 for fragment_formula C5F11O3
2026-01-22 15:58:31,022 - INFO - \U0001f504 Found fragment_id 49 for fragment_formula C3F7O2
2026-01-22 15:58:31,022 - INFO - \U0001f504 Found fragment_id 52 for fragment_formula CF3O
2026-01-22 15:58:31,022 - INFO - \U0001f504 Found fragment_id 3 for fragment_formula F
2026-01-22 15:58:31,022 - INFO - \U0001f504 Found fragment_id 53 for fragment_formula C10F20O5
2026-01-22 15:58:31,022 - INFO - \U0001f504 Found fragment_id 54 for fragment_formula C8F16O4
2026-01-22 15:58:31,023 - INFO - \U0001f504 Found fragment_id 55 for fragment_formula C2F5O
2026-01-22 15:58:31,023 - INFO - \U0001f504 Found fragment_id 3 for fragment_formula F
2026-01-22 15:58:31,023 - INFO - \U0001f504 Found fragment_id 3 for fragment_formula F
2026-01-22 15:58:31,023 - INFO - \U0001f504 Found fragment_id 44 for fragment_formula NO2
2026-01-22 15:58:31,023 - INFO - \U0001f504 Found fragment_id 44 for fragment_formula NO2
2026-01-22 15:58:31,023 - INFO - \U0001f504 Found fragment_id 56 for fragment_formula C6F5
2026-01-22 15:58:31,023 - INFO - \U0001f504 Found fragment_id 56 for fragment_formula C6F5
2026-01-22 15:58:31,023 - INFO - \U0001f504 Found fragment_id 57 for fragment_formula C5F5
2026-01-22 15:58:31,023 - INFO - \U0001f504 Found fragment_id 58 for fragment_formula C5F4
2026-01-22 15:58:31,023 - INFO - \U0001f504 Found fragment_id 58 for fragment_formula C5F4
2026-01-22 15:58:31,023 - INFO - \U0001f504 Found fragment_id 58 for fragment_formula C5F4
2026-01-22 15:58:31,023 - INFO - \U0001f504 Found fragment_id 59 for fragment_formula C5F3
2026-01-22 15:58:31,024 - INFO - \U0001f504 Found fragment_id 60 for fragment_formula C3F3
2026-01-22 15:58:31,024 - INFO - \U0001f504 Found fragment_id 3 for fragment_formula F
2026-01-22 15:58:31,024 - INFO - \U0001f504 Found fragment_id 3 for fragment_formula F
2026-01-22 15:58:31,024 - INFO - \U0001f504 Found fragment_id 61 for fragment_formula O
2026-01-22 15:58:31,024 - INFO - \U0001f504 Found fragment_id 63 for fragment_formula C6F5CN
2026-01-22 15:58:31,024 - INFO - \U0001f504 Found fragment_id 62 for fragment_formula CN
2026-01-22 15:58:31,024 - INFO - \U0001f504 Found fragment_id 62 for fragment_formula CN
2026-01-22 15:58:31,024 - INFO - \U0001f504 Found fragment_id 56 for fragment_formula C6F5
2026-01-22 15:58:31,024 - INFO - \U0001f504 Found fragment_id 56 for fragment_formula C6F5
2026-01-22 15:58:31,024 - INFO - \U0001f504 Found fragment_id 56 for fragment_formula C6F5
2026-01-22 15:58:31,024 - INFO - \U0001f504 Found fragment_id 3 for fragment_formula F
2026-01-22 15:58:31,024 - INFO - \U0001f504 Found fragment_id 3 for fragment_formula F
2026-01-22 15:58:31,025 - INFO - \U0001f504 Found fragment_id 64 for fragment_formula C6F4CN
2026-01-22 15:58:31,025 - INFO - \U0001f504 Found fragment_id 64 for fragment_formula C6F4CN
2026-01-22 15:58:31,025 - INFO - \U0001f504 Found fragment_id 5 for fragment_formula I
2026-01-22 15:58:31,025 - INFO - \U0001f504 Found fragment_id 5 for fragment_formula I
2026-01-22 15:58:31,025 - INFO - \U0001f504 Found fragment_id 3 for fragment_formula F
2026-01-22 15:58:31,025 - INFO - \U0001f504 Found fragment_id 3 for fragment_formula F
2026-01-22 15:58:31,025 - INFO - \U0001f504 Found fragment_id 3 for fragment_formula F
2026-01-22 15:58:31,025 - INFO - \U0001f504 Found fragment_id 2 for fragment_formula Cl
2026-01-22 15:58:31,025 - INFO - \U0001f504 Found fragment_id 2 for fragment_formula Cl
2026-01-22 15:58:31,025 - INFO - \U0001f504 Found fragment_id 2 for fragment_formula Cl
2026-01-22 15:58:31,025 - INFO - \U0001f504 Found fragment_id 2 for fragment_formula Cl
2026-01-22 15:58:31,025 - INFO - \U0001f504 Found fragment_id 2 for fragment_formula Cl
2026-01-22 15:58:31,026 - INFO - \U0001f504 Found fragment_id 2 for fragment_formula Cl
2026-01-22 15:58:31,026 - INFO - \U0001f504 Found fragment_id 2 for fragment_formula Cl
2026-01-22 15:58:31,026 - INFO - \U0001f504 Found fragment_id 2 for fragment_formula Cl
2026-01-22 15:58:31,026 - INFO - \U0001f504 Found fragment_id 2 for fragment_formula Cl
2026-01-22 15:58:31,026 - INFO - \U0001f504 Found fragment_id 2 for fragment_formula Cl
2026-01-22 15:58:31,026 - INFO - \U0001f504 Found fragment_id 70 for fragment_formula C3H6ClO
2026-01-22 15:58:31,026 - INFO - \U0001f504 Found fragment_id 2 for fragment_formula Cl
2026-01-22 15:58:31,026 - INFO - \U0001f504 Found fragment_id 66 for fragment_formula OH
2026-01-22 15:58:31,026 - INFO - \U0001f504 Found fragment_id 67 for fragment_formula C3H6ClO2
2026-01-22 15:58:31,026 - INFO - \U0001f504 Found fragment_id 2 for fragment_formula Cl
2026-01-22 15:58:31,026 - INFO - \U0001f504 Found fragment_id 2 for fragment_formula Cl
2026-01-22 15:58:31,026 - INFO - \U0001f504 Found fragment_id 66 for fragment_formula OH
2026-01-22 15:58:31,027 - INFO - \U0001f504 Found fragment_id 68 for fragment_formula C3H5Cl2O
2026-01-22 15:58:31,027 - INFO - \U0001f504 Found fragment_id 69 for fragment_formula C2H5Cl2
2026-01-22 15:58:31,027 - INFO - \U0001f504 Found fragment_id 70 for fragment_formula C3H6ClO
2026-01-22 15:58:31,027 - INFO - \U0001f504 Found fragment_id 71 for fragment_formula C3H5ClO
2026-01-22 15:58:31,027 - INFO - \U0001f504 Found fragment_id 72 for fragment_formula Cl2H
2026-01-22 15:58:31,027 - INFO - \U0001f504 Found fragment_id 73 for fragment_formula Cl2
2026-01-22 15:58:31,027 - INFO - \U0001f504 Found fragment_id 74 for fragment_formula ClOH
2026-01-22 15:58:31,027 - INFO - \U0001f504 Found fragment_id 75 for fragment_formula C2H5O
2026-01-22 15:58:31,027 - INFO - \U0001f504 Found fragment_id 2 for fragment_formula Cl
2026-01-22 15:58:31,027 - INFO - \U0001f504 Found fragment_id 66 for fragment_formula OH
2026-01-22 15:58:31,027 - INFO - \U0001f504 Found fragment_id 4 for fragment_formula Br
2026-01-22 15:58:31,027 - INFO - \U0001f504 Found fragment_id 4 for fragment_formula Br
2026-01-22 15:58:31,028 - INFO - \U0001f504 Found fragment_id 76 for fragment_formula C6H4BrO
2026-01-22 15:58:31,028 - INFO - \U0001f504 Found fragment_id 76 for fragment_formula C6H4BrO
2026-01-22 15:58:31,028 - INFO - \U0001f504 Found fragment_id 76 for fragment_formula C6H4BrO
2026-01-22 15:58:31,028 - INFO - \U0001f504 Found fragment_id 77 for fragment_formula C12H9O
2026-01-22 15:58:31,028 - INFO - \U0001f504 Found fragment_id 78 for fragment_formula C6H5O
2026-01-22 15:58:31,028 - INFO - \U0001f504 Found fragment_id 78 for fragment_formula C6H5O
2026-01-22 15:58:31,028 - INFO - \U0001f504 Found fragment_id 79 for fragment_formula C6H5
2026-01-22 15:58:31,028 - INFO - \U0001f504 Found fragment_id 4 for fragment_formula Br
2026-01-22 15:58:31,028 - INFO - \U0001f504 Found fragment_id 4 for fragment_formula Br
2026-01-22 15:58:31,028 - INFO - \U0001f504 Found fragment_id 80 for fragment_formula C12H8BrO
2026-01-22 15:58:31,028 - INFO - \U0001f504 Found fragment_id 80 for fragment_formula C12H8BrO
2026-01-22 15:58:31,028 - INFO - \U0001f504 Found fragment_id 81 for fragment_formula BrC6H4O
2026-01-22 15:58:31,029 - INFO - \U0001f504 Found fragment_id 81 for fragment_formula BrC6H4O
2026-01-22 15:58:31,029 - INFO - \U0001f504 Found fragment_id 82 for fragment_formula Br2
2026-01-22 15:58:31,029 - INFO - \U0001f504 Found fragment_id 82 for fragment_formula Br2
2026-01-22 15:58:31,029 - INFO - \U0001f504 Found fragment_id 83 for fragment_formula C12H8Br2O
2026-01-22 15:58:31,029 - INFO - \U0001f504 Found fragment_id 84 for fragment_formula C12Br10O
2026-01-22 15:58:31,029 - INFO - \U0001f504 Found fragment_id 85 for fragment_formula C12Br9O
2026-01-22 15:58:31,029 - INFO - \U0001f504 Found fragment_id 85 for fragment_formula C12Br9O
2026-01-22 15:58:31,029 - INFO - \U0001f504 Found fragment_id 86 for fragment_formula C12Br8O
2026-01-22 15:58:31,029 - INFO - \U0001f504 Found fragment_id 87 for fragment_formula C6Br5O
2026-01-22 15:58:31,029 - INFO - \U0001f504 Found fragment_id 87 for fragment_formula C6Br5O
2026-01-22 15:58:31,029 - INFO - \U0001f504 Found fragment_id 87 for fragment_formula C6Br5O
2026-01-22 15:58:31,029 - INFO - \U0001f504 Found fragment_id 88 for fragment_formula C6Br5
2026-01-22 15:58:31,030 - INFO - \U0001f504 Found fragment_id 88 for fragment_formula C6Br5
2026-01-22 15:58:31,030 - INFO - \U0001f504 Found fragment_id 82 for fragment_formula Br2
2026-01-22 15:58:31,030 - INFO - \U0001f504 Found fragment_id 82 for fragment_formula Br2
2026-01-22 15:58:31,030 - INFO - \U0001f504 Found fragment_id 82 for fragment_formula Br2
2026-01-22 15:58:31,030 - INFO - \U0001f504 Found fragment_id 4 for fragment_formula Br
2026-01-22 15:58:31,030 - INFO - \U0001f504 Found fragment_id 4 for fragment_formula Br
2026-01-22 15:58:31,030 - INFO - \U0001f504 Found fragment_id 4 for fragment_formula Br
2026-01-22 15:58:31,030 - INFO - \U0001f504 Found fragment_id 89 for fragment_formula C6Cl6
2026-01-22 15:58:31,030 - INFO - \U0001f504 Found fragment_id 90 for fragment_formula C6Cl5
2026-01-22 15:58:31,030 - INFO - \U0001f504 Found fragment_id 90 for fragment_formula C6Cl5
2026-01-22 15:58:31,030 - INFO - \U0001f504 Found fragment_id 90 for fragment_formula C6Cl5
2026-01-22 15:58:31,030 - INFO - \U0001f504 Found fragment_id 91 for fragment_formula C6Cl4
2026-01-22 15:58:31,031 - INFO - \U0001f504 Found fragment_id 91 for fragment_formula C6Cl4
2026-01-22 15:58:31,031 - INFO - \U0001f504 Found fragment_id 73 for fragment_formula Cl2
2026-01-22 15:58:31,031 - INFO - \U0001f504 Found fragment_id 73 for fragment_formula Cl2
2026-01-22 15:58:31,031 - INFO - \U0001f504 Found fragment_id 73 for fragment_formula Cl2
2026-01-22 15:58:31,031 - INFO - \U0001f504 Found fragment_id 2 for fragment_formula Cl
2026-01-22 15:58:31,031 - INFO - \U0001f504 Found fragment_id 2 for fragment_formula Cl
2026-01-22 15:58:31,031 - INFO - \U0001f504 Found fragment_id 2 for fragment_formula Cl
2026-01-22 15:58:31,031 - INFO - \U0001f504 Found fragment_id 2 for fragment_formula Cl
2026-01-22 15:58:31,031 - INFO - \U0001f504 Found fragment_id 2 for fragment_formula Cl
2026-01-22 15:58:31,031 - INFO - \U0001f504 Found fragment_id 2 for fragment_formula Cl
2026-01-22 15:58:31,031 - INFO - \U0001f504 Found fragment_id 2 for fragment_formula Cl
2026-01-22 15:58:31,032 - INFO - \U0001f504 Found fragment_id 2 for fragment_formula Cl
2026-01-22 15:58:31,032 - INFO - \U0001f504 Found fragment_id 4 for fragment_formula Br
2026-01-22 15:58:31,032 - INFO - \U0001f504 Found fragment_id 4 for fragment_formula Br
2026-01-22 15:58:31,032 - INFO - \U0001f504 Found fragment_id 92 for fragment_formula C4H3BrN2O2
2026-01-22 15:58:31,032 - INFO - \U0001f504 Found fragment_id 92 for fragment_formula C4H3BrN2O2
2026-01-22 15:58:31,032 - INFO - \U0001f504 Found fragment_id 93 for fragment_formula C4H3N2O2
2026-01-22 15:58:31,032 - INFO - \U0001f504 Found fragment_id 93 for fragment_formula C4H3N2O2
2026-01-22 15:58:31,032 - INFO - \U0001f504 Found fragment_id 94 for fragment_formula OCN
2026-01-22 15:58:31,032 - INFO - \U0001f504 Found fragment_id 94 for fragment_formula OCN
2026-01-22 15:58:31,032 - INFO - \U0001f504 Found fragment_id 94 for fragment_formula OCN
2026-01-22 15:58:31,032 - INFO - \U0001f504 Found fragment_id 95 for fragment_formula H2C3NO
2026-01-22 15:58:31,033 - INFO - \U0001f504 Found fragment_id 95 for fragment_formula H2C3NO
2026-01-22 15:58:31,033 - INFO - \U0001f504 Found fragment_id 2 for fragment_formula Cl
2026-01-22 15:58:31,033 - INFO - \U0001f504 Found fragment_id 5 for fragment_formula I
2026-01-22 15:58:31,033 - INFO - \U0001f504 Found fragment_id 2 for fragment_formula Cl
2026-01-22 15:58:31,033 - INFO - \U0001f504 Found fragment_id 56 for fragment_formula C6F5
2026-01-22 15:58:31,033 - INFO - \U0001f504 Found fragment_id 4 for fragment_formula Br
2026-01-22 15:58:31,033 - INFO - \U0001f504 Found fragment_id 56 for fragment_formula C6F5
2026-01-22 15:58:31,033 - INFO - \U0001f504 Found fragment_id 5 for fragment_formula I
2026-01-22 15:58:31,033 - INFO - \U0001f504 Found fragment_id 56 for fragment_formula C6F5
2026-01-22 15:58:31,033 - INFO - \U0001f504 Found fragment_id 2 for fragment_formula Cl
2026-01-22 15:58:31,033 - INFO - \U0001f504 Found fragment_id 2 for fragment_formula Cl
2026-01-22 15:58:31,033 - INFO - \U0001f504 Found fragment_id 2 for fragment_formula Cl
2026-01-22 15:58:31,034 - INFO - \U0001f504 Found fragment_id 4 for fragment_formula Br
2026-01-22 15:58:31,034 - INFO - \U0001f504 Found fragment_id 2 for fragment_formula Cl
2026-01-22 15:58:31,034 - INFO - \U0001f504 Found fragment_id 5 for fragment_formula I
2026-01-22 15:58:31,034 - INFO - \U0001f504 Found fragment_id 2 for fragment_formula Cl
2026-01-22 15:58:31,034 - INFO - \U0001f504 Found fragment_id 2 for fragment_formula Cl
2026-01-22 15:58:31,034 - INFO - \U0001f504 Found fragment_id 44 for fragment_formula NO2
2026-01-22 15:58:31,034 - INFO - \U0001f504 Found fragment_id 44 for fragment_formula NO2
2026-01-22 15:58:31,034 - INFO - \U0001f504 Found fragment_id 5 for fragment_formula I
2026-01-22 15:58:31,034 - INFO - \U0001f504 Found fragment_id 5 for fragment_formula I
2026-01-22 15:58:31,034 - INFO - \U0001f504 Found fragment_id 44 for fragment_formula NO2
2026-01-22 15:58:31,034 - INFO - \U0001f504 Found fragment_id 92 for fragment_formula C4H3BrN2O2
2026-01-22 15:58:31,034 - INFO - \U0001f504 Found fragment_id 92 for fragment_formula C4H3BrN2O2
2026-01-22 15:58:31,035 - INFO - \U0001f504 Found fragment_id 92 for fragment_formula C4H3BrN2O2
2026-01-22 15:58:31,035 - INFO - \U0001f504 Found fragment_id 4 for fragment_formula Br
2026-01-22 15:58:31,035 - INFO - \U0001f504 Found fragment_id 4 for fragment_formula Br
2026-01-22 15:58:31,035 - INFO - \U0001f504 Found fragment_id 93 for fragment_formula C4H3N2O2
2026-01-22 15:58:31,035 - INFO - \U0001f504 Found fragment_id 93 for fragment_formula C4H3N2O2
2026-01-22 15:58:31,035 - INFO - \U0001f504 Found fragment_id 95 for fragment_formula H2C3NO
2026-01-22 15:58:31,035 - INFO - \U0001f504 Found fragment_id 95 for fragment_formula H2C3NO
2026-01-22 15:58:31,035 - INFO - \U0001f504 Found fragment_id 95 for fragment_formula H2C3NO
2026-01-22 15:58:31,035 - INFO - \U0001f504 Found fragment_id 94 for fragment_formula OCN
2026-01-22 15:58:31,035 - INFO - \U0001f504 Found fragment_id 94 for fragment_formula OCN
2026-01-22 15:58:31,035 - INFO - \U0001f504 Found fragment_id 94 for fragment_formula OCN
2026-01-22 15:58:31,035 - INFO - \U0001f504 Found fragment_id 96 for fragment_formula C4H3ClN2O2
2026-01-22 15:58:31,036 - INFO - \U0001f504 Found fragment_id 96 for fragment_formula C4H3ClN2O2
2026-01-22 15:58:31,036 - INFO - \U0001f504 Found fragment_id 2 for fragment_formula Cl
2026-01-22 15:58:31,036 - INFO - \U0001f504 Found fragment_id 2 for fragment_formula Cl
2026-01-22 15:58:31,036 - INFO - \U0001f504 Found fragment_id 97 for fragment_formula C4H2N2O2
2026-01-22 15:58:31,036 - INFO - \U0001f504 Found fragment_id 97 for fragment_formula C4H2N2O2
2026-01-22 15:58:31,036 - INFO - \U0001f504 Found fragment_id 95 for fragment_formula H2C3NO
2026-01-22 15:58:31,036 - INFO - \U0001f504 Found fragment_id 95 for fragment_formula H2C3NO
2026-01-22 15:58:31,036 - INFO - \U0001f504 Found fragment_id 94 for fragment_formula OCN
2026-01-22 15:58:31,036 - INFO - \U0001f504 Found fragment_id 94 for fragment_formula OCN
2026-01-22 15:58:31,036 - INFO - \U0001f504 Found fragment_id 94 for fragment_formula OCN
2026-01-22 15:58:31,037 - INFO - \U0001f504 Found fragment_id 98 for fragment_formula C4H3IN2O2
2026-01-22 15:58:31,037 - INFO - \U0001f504 Found fragment_id 98 for fragment_formula C4H3IN2O2
2026-01-22 15:58:31,037 - INFO - \U0001f504 Found fragment_id 98 for fragment_formula C4H3IN2O2
2026-01-22 15:58:31,037 - INFO - \U0001f504 Found fragment_id 5 for fragment_formula I
2026-01-22 15:58:31,037 - INFO - \U0001f504 Found fragment_id 5 for fragment_formula I
2026-01-22 15:58:31,037 - INFO - \U0001f504 Found fragment_id 93 for fragment_formula C4H3N2O2
2026-01-22 15:58:31,037 - INFO - \U0001f504 Found fragment_id 93 for fragment_formula C4H3N2O2
2026-01-22 15:58:31,037 - INFO - \U0001f504 Found fragment_id 95 for fragment_formula H2C3NO
2026-01-22 15:58:31,037 - INFO - \U0001f504 Found fragment_id 95 for fragment_formula H2C3NO
2026-01-22 15:58:31,037 - INFO - \U0001f504 Found fragment_id 94 for fragment_formula OCN
2026-01-22 15:58:31,037 - INFO - \U0001f504 Found fragment_id 94 for fragment_formula OCN
2026-01-22 15:58:31,037 - INFO - \U0001f504 Found fragment_id 94 for fragment_formula OCN
2026-01-22 15:58:31,038 - INFO - \U0001f504 Found fragment_id 62 for fragment_formula CN
2026-01-22 15:58:31,038 - INFO - \U0001f504 Found fragment_id 99 for fragment_formula C4H3FN2O2
2026-01-22 15:58:31,038 - INFO - \U0001f504 Found fragment_id 99 for fragment_formula C4H3FN2O2
2026-01-22 15:58:31,038 - INFO - \U0001f504 Found fragment_id 95 for fragment_formula H2C3NO
2026-01-22 15:58:31,038 - INFO - \U0001f504 Found fragment_id 95 for fragment_formula H2C3NO
2026-01-22 15:58:31,038 - INFO - \U0001f504 Found fragment_id 95 for fragment_formula H2C3NO
2026-01-22 15:58:31,038 - INFO - \U0001f504 Found fragment_id 95 for fragment_formula H2C3NO
2026-01-22 15:58:31,038 - INFO - \U0001f504 Found fragment_id 94 for fragment_formula OCN
2026-01-22 15:58:31,038 - INFO - \U0001f504 Found fragment_id 94 for fragment_formula OCN
2026-01-22 15:58:31,038 - INFO - \U0001f504 Found fragment_id 94 for fragment_formula OCN
2026-01-22 15:58:31,038 - INFO - \U0001f504 Found fragment_id 94 for fragment_formula OCN
2026-01-22 15:58:31,039 - INFO - \U0001f504 Found fragment_id 62 for fragment_formula CN
2026-01-22 15:58:31,039 - INFO - \U0001f504 Found fragment_id 62 for fragment_formula CN
2026-01-22 15:58:31,039 - INFO - SELECT molecules.name AS molecules_name, molecules.id AS molecules_id 
FROM molecules
2026-01-22 15:58:31,040 - INFO - [cached since 0.5336s ago] {}
2026-01-22 15:58:31,041 - INFO - SELECT fragments.formula AS fragments_formula, fragments.id AS fragments_id 
FROM fragments
2026-01-22 15:58:31,041 - INFO - [cached since 0.04915s ago] {}
2026-01-22 15:58:31,045 - WARNING - \u26a0\ufe0f Molecule with name Dichloromethane not found!
2026-01-22 15:58:31,046 - INFO - SELECT bdes.id AS bdes_id, bdes.molecule_id AS bdes_molecule_id, bdes.fragment_id AS bdes_fragment_id, bdes.bde_values AS bdes_bde_values 
FROM bdes 
WHERE bdes.id = %(id_1)s 
 LIMIT %(param_1)s
2026-01-22 15:58:31,046 - INFO - [generated in 0.00023s] {'id_1': 1.0, 'param_1': 1}
2026-01-22 15:58:31,050 - INFO - \u2705 Inserted Bde: {'id': 1.0, 'molecule_id': nan, 'fragment_id': 2, 'bde_values': [3.4908]}
2026-01-22 15:58:31,050 - WARNING - \u26a0\ufe0f Molecule with name 1,2-Dichloroethane not found!
2026-01-22 15:58:31,052 - INFO - INSERT INTO bdes (id, molecule_id, fragment_id, bde_values) VALUES (%(id)s, %(molecule_id)s, %(fragment_id)s, %(bde_values)s::JSON)
2026-01-22 15:58:31,052 - INFO - [generated in 0.00044s] {'id': 1.0, 'molecule_id': nan, 'fragment_id': 2, 'bde_values': '[3.4908]'}
2026-01-22 15:58:31,055 - INFO - ROLLBACK
2026-01-22 15:58:31,056 - ERROR - \u274c Error inserting/updating data: (raised as a result of Query-invoked autoflush; consider using a session.no_autoflush block if this flush is occurring prematurely)
(psycopg2.errors.NumericValueOutOfRange) integer out of range

[SQL: INSERT INTO bdes (id, molecule_id, fragment_id, bde_values) VALUES (%(id)s, %(molecule_id)s, %(fragment_id)s, %(bde_values)s::JSON)]
[parameters: {'id': 1.0, 'molecule_id': nan, 'fragment_id': 2, 'bde_values': '[3.4908]'}]
(Background on this error at: https://sqlalche.me/e/20/9h9h)
